2026-01-21 13:48:14.654 [background-preinit] INFO  org.hibernate.validator.internal.util.Version - HV000001: Hibernate Validator 8.0.1.Final
2026-01-21 13:48:14.734 [restartedMain] INFO  com.filestorage.FileStorageApplication - Starting FileStorageApplication using Java 19.0.2 with PID 32292 (C:\Projects\theUploader\file-storage-backend\target\classes started by e5717722 in C:\Projects\theUploader\file-storage-backend)
2026-01-21 13:48:14.740 [restartedMain] DEBUG com.filestorage.FileStorageApplication - Running with Spring Boot v3.2.1, Spring v6.1.2
2026-01-21 13:48:14.743 [restartedMain] INFO  com.filestorage.FileStorageApplication - No active profile set, falling back to 1 default profile: "default"
2026-01-21 13:48:14.829 [restartedMain] INFO  org.springframework.boot.devtools.env.DevToolsPropertyDefaultsPostProcessor - Devtools property defaults active! Set 'spring.devtools.add-properties' to 'false' to disable
2026-01-21 13:48:14.839 [restartedMain] INFO  org.springframework.boot.devtools.env.DevToolsPropertyDefaultsPostProcessor - For additional web related logging consider setting the 'logging.level.web' property to 'DEBUG'
2026-01-21 13:48:16.298 [restartedMain] INFO  org.springframework.data.repository.config.RepositoryConfigurationDelegate - Bootstrapping Spring Data JPA repositories in DEFAULT mode.
2026-01-21 13:48:16.395 [restartedMain] INFO  org.springframework.data.repository.config.RepositoryConfigurationDelegate - Finished Spring Data repository scanning in 86 ms. Found 3 JPA repository interfaces.
2026-01-21 13:48:17.784 [restartedMain] INFO  org.springframework.boot.web.embedded.tomcat.TomcatWebServer - Tomcat initialized with port 8080 (http)
2026-01-21 13:48:17.802 [restartedMain] INFO  org.apache.coyote.http11.Http11NioProtocol - Initializing ProtocolHandler ["http-nio-8080"]
2026-01-21 13:48:17.805 [restartedMain] INFO  org.apache.catalina.core.StandardService - Starting service [Tomcat]
2026-01-21 13:48:17.806 [restartedMain] INFO  org.apache.catalina.core.StandardEngine - Starting Servlet engine: [Apache Tomcat/10.1.17]
2026-01-21 13:48:17.937 [restartedMain] INFO  org.apache.catalina.core.ContainerBase.[Tomcat].[localhost].[/] - Initializing Spring embedded WebApplicationContext
2026-01-21 13:48:17.941 [restartedMain] INFO  org.springframework.boot.web.servlet.context.ServletWebServerApplicationContext - Root WebApplicationContext: initialization completed in 3097 ms
2026-01-21 13:48:18.042 [restartedMain] INFO  com.zaxxer.hikari.HikariDataSource - HikariPool-1 - Starting...
2026-01-21 13:48:18.487 [restartedMain] INFO  com.zaxxer.hikari.pool.HikariPool - HikariPool-1 - Added connection conn0: url=jdbc:h2:file:./data/filestorage user=ADMIN
2026-01-21 13:48:18.490 [restartedMain] INFO  com.zaxxer.hikari.HikariDataSource - HikariPool-1 - Start completed.
2026-01-21 13:48:18.505 [restartedMain] INFO  org.springframework.boot.autoconfigure.h2.H2ConsoleAutoConfiguration - H2 console available at '/h2-console'. Database available at 'jdbc:h2:file:./data/filestorage'
2026-01-21 13:48:18.738 [restartedMain] INFO  org.hibernate.jpa.internal.util.LogHelper - HHH000204: Processing PersistenceUnitInfo [name: default]
2026-01-21 13:48:18.868 [restartedMain] INFO  org.hibernate.Version - HHH000412: Hibernate ORM core version 6.4.1.Final
2026-01-21 13:48:18.939 [restartedMain] INFO  org.hibernate.cache.internal.RegionFactoryInitiator - HHH000026: Second-level cache disabled
2026-01-21 13:48:19.434 [restartedMain] INFO  org.springframework.orm.jpa.persistenceunit.SpringPersistenceUnitInfo - No LoadTimeWeaver setup: ignoring JPA class transformer
2026-01-21 13:48:19.535 [restartedMain] WARN  org.hibernate.orm.deprecation - HHH90000025: H2Dialect does not need to be specified explicitly using 'hibernate.dialect' (remove the property setting and it will be selected by default)
2026-01-21 13:48:21.851 [restartedMain] INFO  org.hibernate.engine.transaction.jta.platform.internal.JtaPlatformInitiator - HHH000489: No JTA platform available (set 'hibernate.transaction.jta.platform' to enable JTA platform integration)
2026-01-21 13:48:22.008 [restartedMain] INFO  org.springframework.orm.jpa.LocalContainerEntityManagerFactoryBean - Initialized JPA EntityManagerFactory for persistence unit 'default'
2026-01-21 13:48:22.746 [restartedMain] DEBUG com.filestorage.security.JwtAuthenticationFilter - Filter 'jwtAuthenticationFilter' configured for use
2026-01-21 13:48:23.148 [restartedMain] WARN  org.springframework.boot.autoconfigure.orm.jpa.JpaBaseConfiguration$JpaWebConfiguration - spring.jpa.open-in-view is enabled by default. Therefore, database queries may be performed during view rendering. Explicitly configure spring.jpa.open-in-view to disable this warning
2026-01-21 13:48:23.676 [restartedMain] INFO  org.springframework.security.web.DefaultSecurityFilterChain - Will secure any request with [org.springframework.security.web.session.DisableEncodeUrlFilter@397e6a26, org.springframework.security.web.context.request.async.WebAsyncManagerIntegrationFilter@2b2a56a0, org.springframework.security.web.context.SecurityContextHolderFilter@2f61f33d, org.springframework.security.web.header.HeaderWriterFilter@7d9bbb81, org.springframework.web.filter.CorsFilter@4e578722, org.springframework.security.web.authentication.logout.LogoutFilter@5bb95e38, com.filestorage.security.JwtAuthenticationFilter@76ba522a, org.springframework.security.web.savedrequest.RequestCacheAwareFilter@63c4d175, org.springframework.security.web.servletapi.SecurityContextHolderAwareRequestFilter@1944330c, org.springframework.security.web.authentication.AnonymousAuthenticationFilter@9711570, org.springframework.security.web.session.SessionManagementFilter@55d76a13, org.springframework.security.web.access.ExceptionTranslationFilter@46cfcb86, org.springframework.security.web.access.intercept.AuthorizationFilter@50284dc4]
2026-01-21 13:48:24.092 [restartedMain] INFO  org.springframework.boot.devtools.autoconfigure.OptionalLiveReloadServer - LiveReload server is running on port 35729
2026-01-21 13:48:24.112 [restartedMain] INFO  org.apache.coyote.http11.Http11NioProtocol - Starting ProtocolHandler ["http-nio-8080"]
2026-01-21 13:48:24.178 [restartedMain] INFO  org.springframework.boot.web.embedded.tomcat.TomcatWebServer - Tomcat started on port 8080 (http) with context path ''
2026-01-21 13:48:24.196 [restartedMain] INFO  com.filestorage.FileStorageApplication - Started FileStorageApplication in 10.191 seconds (process running for 13.198)
2026-01-21 13:48:49.383 [File Watcher] INFO  org.springframework.boot.devtools.autoconfigure.LocalDevToolsAutoConfiguration$RestartingClassPathChangeChangedEventListener - Restarting due to 1 class path change (0 additions, 0 deletions, 1 modification)
2026-01-21 13:48:49.391 [Thread-6] INFO  org.apache.coyote.http11.Http11NioProtocol - Stopping ProtocolHandler ["http-nio-8080"]
2026-01-21 13:48:49.419 [Thread-6] INFO  org.springframework.orm.jpa.LocalContainerEntityManagerFactoryBean - Closing JPA EntityManagerFactory for persistence unit 'default'
2026-01-21 13:48:49.429 [Thread-6] INFO  com.zaxxer.hikari.HikariDataSource - HikariPool-1 - Shutdown initiated...
2026-01-21 13:48:49.674 [Thread-6] INFO  com.zaxxer.hikari.HikariDataSource - HikariPool-1 - Shutdown completed.
2026-01-21 13:48:49.840 [restartedMain] INFO  com.filestorage.FileStorageApplication - Starting FileStorageApplication using Java 19.0.2 with PID 32292 (C:\Projects\theUploader\file-storage-backend\target\classes started by e5717722 in C:\Projects\theUploader\file-storage-backend)
2026-01-21 13:48:49.842 [restartedMain] DEBUG com.filestorage.FileStorageApplication - Running with Spring Boot v3.2.1, Spring v6.1.2
2026-01-21 13:48:49.843 [restartedMain] INFO  com.filestorage.FileStorageApplication - No active profile set, falling back to 1 default profile: "default"
2026-01-21 13:48:50.461 [restartedMain] INFO  org.springframework.data.repository.config.RepositoryConfigurationDelegate - Bootstrapping Spring Data JPA repositories in DEFAULT mode.
2026-01-21 13:48:50.506 [restartedMain] INFO  org.springframework.data.repository.config.RepositoryConfigurationDelegate - Finished Spring Data repository scanning in 44 ms. Found 3 JPA repository interfaces.
2026-01-21 13:48:50.755 [restartedMain] INFO  org.springframework.boot.web.embedded.tomcat.TomcatWebServer - Tomcat initialized with port 8080 (http)
2026-01-21 13:48:50.756 [restartedMain] INFO  org.apache.coyote.http11.Http11NioProtocol - Initializing ProtocolHandler ["http-nio-8080"]
2026-01-21 13:48:50.757 [restartedMain] INFO  org.apache.catalina.core.StandardService - Starting service [Tomcat]
2026-01-21 13:48:50.757 [restartedMain] INFO  org.apache.catalina.core.StandardEngine - Starting Servlet engine: [Apache Tomcat/10.1.17]
2026-01-21 13:48:50.815 [restartedMain] INFO  org.apache.catalina.core.ContainerBase.[Tomcat].[localhost].[/] - Initializing Spring embedded WebApplicationContext
2026-01-21 13:48:50.816 [restartedMain] INFO  org.springframework.boot.web.servlet.context.ServletWebServerApplicationContext - Root WebApplicationContext: initialization completed in 970 ms
2026-01-21 13:48:50.831 [restartedMain] INFO  com.zaxxer.hikari.HikariDataSource - HikariPool-2 - Starting...
2026-01-21 13:48:50.887 [restartedMain] INFO  com.zaxxer.hikari.pool.HikariPool - HikariPool-2 - Added connection conn10: url=jdbc:h2:file:./data/filestorage user=ADMIN
2026-01-21 13:48:50.888 [restartedMain] INFO  com.zaxxer.hikari.HikariDataSource - HikariPool-2 - Start completed.
2026-01-21 13:48:50.889 [restartedMain] INFO  org.springframework.boot.autoconfigure.h2.H2ConsoleAutoConfiguration - H2 console available at '/h2-console'. Database available at 'jdbc:h2:file:./data/filestorage'
2026-01-21 13:48:50.935 [restartedMain] INFO  org.hibernate.jpa.internal.util.LogHelper - HHH000204: Processing PersistenceUnitInfo [name: default]
2026-01-21 13:48:50.939 [restartedMain] INFO  org.hibernate.cache.internal.RegionFactoryInitiator - HHH000026: Second-level cache disabled
2026-01-21 13:48:50.943 [restartedMain] INFO  org.springframework.orm.jpa.persistenceunit.SpringPersistenceUnitInfo - No LoadTimeWeaver setup: ignoring JPA class transformer
2026-01-21 13:48:50.945 [restartedMain] WARN  org.hibernate.orm.deprecation - HHH90000025: H2Dialect does not need to be specified explicitly using 'hibernate.dialect' (remove the property setting and it will be selected by default)
2026-01-21 13:48:51.094 [restartedMain] INFO  org.hibernate.engine.transaction.jta.platform.internal.JtaPlatformInitiator - HHH000489: No JTA platform available (set 'hibernate.transaction.jta.platform' to enable JTA platform integration)
2026-01-21 13:48:51.098 [restartedMain] INFO  org.springframework.orm.jpa.LocalContainerEntityManagerFactoryBean - Initialized JPA EntityManagerFactory for persistence unit 'default'
2026-01-21 13:48:51.200 [restartedMain] DEBUG com.filestorage.security.JwtAuthenticationFilter - Filter 'jwtAuthenticationFilter' configured for use
2026-01-21 13:48:51.353 [restartedMain] WARN  org.springframework.boot.autoconfigure.orm.jpa.JpaBaseConfiguration$JpaWebConfiguration - spring.jpa.open-in-view is enabled by default. Therefore, database queries may be performed during view rendering. Explicitly configure spring.jpa.open-in-view to disable this warning
2026-01-21 13:48:51.475 [restartedMain] INFO  org.springframework.security.web.DefaultSecurityFilterChain - Will secure any request with [org.springframework.security.web.session.DisableEncodeUrlFilter@37379f2b, org.springframework.security.web.context.request.async.WebAsyncManagerIntegrationFilter@7e4f6415, org.springframework.security.web.context.SecurityContextHolderFilter@732f28e, org.springframework.security.web.header.HeaderWriterFilter@1834bd3e, org.springframework.web.filter.CorsFilter@6455bad6, org.springframework.security.web.authentication.logout.LogoutFilter@66d5ec94, com.filestorage.security.JwtAuthenticationFilter@1478a9b, org.springframework.security.web.savedrequest.RequestCacheAwareFilter@1a5b2cf, org.springframework.security.web.servletapi.SecurityContextHolderAwareRequestFilter@3c453288, org.springframework.security.web.authentication.AnonymousAuthenticationFilter@4e6ec4c7, org.springframework.security.web.session.SessionManagementFilter@7c56d75b, org.springframework.security.web.access.ExceptionTranslationFilter@511af166, org.springframework.security.web.access.intercept.AuthorizationFilter@5f0ea3f8]
2026-01-21 13:48:51.607 [restartedMain] INFO  org.springframework.boot.devtools.autoconfigure.OptionalLiveReloadServer - LiveReload server is running on port 35729
2026-01-21 13:48:51.616 [restartedMain] INFO  org.apache.coyote.http11.Http11NioProtocol - Starting ProtocolHandler ["http-nio-8080"]
2026-01-21 13:48:51.636 [restartedMain] INFO  org.springframework.boot.web.embedded.tomcat.TomcatWebServer - Tomcat started on port 8080 (http) with context path ''
2026-01-21 13:48:51.641 [restartedMain] INFO  com.filestorage.FileStorageApplication - Started FileStorageApplication in 1.901 seconds (process running for 40.644)
2026-01-21 13:48:51.644 [restartedMain] INFO  org.springframework.boot.devtools.autoconfigure.ConditionEvaluationDeltaLoggingListener - Condition evaluation unchanged
2026-01-21 13:49:03.367 [http-nio-8080-exec-7] INFO  org.apache.catalina.core.ContainerBase.[Tomcat].[localhost].[/] - Initializing Spring DispatcherServlet 'dispatcherServlet'
2026-01-21 13:49:03.367 [http-nio-8080-exec-7] INFO  org.springframework.web.servlet.DispatcherServlet - Initializing Servlet 'dispatcherServlet'
2026-01-21 13:49:03.368 [http-nio-8080-exec-7] INFO  org.springframework.web.servlet.DispatcherServlet - Completed initialization in 1 ms
2026-01-21 13:49:18.100 [http-nio-8080-exec-8] INFO  com.filestorage.controller.AuthController - Login attempt for user: userid1
2026-01-21 13:49:18.198 [http-nio-8080-exec-8] DEBUG com.filestorage.service.UserDetailsServiceImpl - Loading user details for username: userid1
2026-01-21 13:49:18.357 [http-nio-8080-exec-8] DEBUG com.filestorage.service.UserDetailsServiceImpl - User details loaded successfully for: userid1
2026-01-21 13:49:18.450 [http-nio-8080-exec-8] DEBUG com.filestorage.security.JwtTokenProvider - Generating JWT token for user: userid1
2026-01-21 13:49:18.499 [http-nio-8080-exec-8] DEBUG com.filestorage.security.JwtTokenProvider - JWT token generated successfully for user: userid1
2026-01-21 13:49:18.503 [http-nio-8080-exec-8] INFO  com.filestorage.controller.AuthController - User userid1 logged in successfully
2026-01-21 13:49:18.582 [http-nio-8080-exec-3] DEBUG com.filestorage.security.JwtTokenProvider - JWT token validated successfully
2026-01-21 13:49:18.582 [http-nio-8080-exec-5] DEBUG com.filestorage.security.JwtTokenProvider - JWT token validated successfully
2026-01-21 13:49:18.586 [http-nio-8080-exec-5] DEBUG com.filestorage.security.JwtAuthenticationFilter - JWT token validated for user: userid1
2026-01-21 13:49:18.586 [http-nio-8080-exec-3] DEBUG com.filestorage.security.JwtAuthenticationFilter - JWT token validated for user: userid1
2026-01-21 13:49:18.586 [http-nio-8080-exec-5] DEBUG com.filestorage.service.UserDetailsServiceImpl - Loading user details for username: userid1
2026-01-21 13:49:18.586 [http-nio-8080-exec-3] DEBUG com.filestorage.service.UserDetailsServiceImpl - Loading user details for username: userid1
2026-01-21 13:49:18.625 [http-nio-8080-exec-5] DEBUG com.filestorage.service.UserDetailsServiceImpl - User details loaded successfully for: userid1
2026-01-21 13:49:18.626 [http-nio-8080-exec-3] DEBUG com.filestorage.service.UserDetailsServiceImpl - User details loaded successfully for: userid1
2026-01-21 13:49:18.626 [http-nio-8080-exec-5] DEBUG com.filestorage.security.JwtAuthenticationFilter - User userid1 authenticated successfully via JWT
2026-01-21 13:49:18.626 [http-nio-8080-exec-3] DEBUG com.filestorage.security.JwtAuthenticationFilter - User userid1 authenticated successfully via JWT
2026-01-21 13:49:18.629 [http-nio-8080-exec-5] DEBUG com.filestorage.controller.FileController - Fetching files for user: userid1 in folder: null
2026-01-21 13:49:18.629 [http-nio-8080-exec-3] DEBUG com.filestorage.controller.FolderController - Fetching folders for user: userid1 in parent folder: null
2026-01-21 13:49:18.634 [http-nio-8080-exec-5] DEBUG com.filestorage.service.FileStorageService - Fetching files for user ID: 1 in folder ID: null
2026-01-21 13:49:18.634 [http-nio-8080-exec-3] DEBUG com.filestorage.service.FolderService - Fetching folders for user ID: 1 with parent folder ID: null
2026-01-21 13:49:18.646 [http-nio-8080-exec-5] DEBUG com.filestorage.service.FileStorageService - Found 1 files for user ID: 1
2026-01-21 13:49:18.646 [http-nio-8080-exec-3] DEBUG com.filestorage.service.FolderService - Found 1 folders for user ID: 1
2026-01-21 13:49:18.647 [http-nio-8080-exec-5] DEBUG com.filestorage.controller.FileController - Retrieved 1 files for user: userid1
2026-01-21 13:49:18.647 [http-nio-8080-exec-3] DEBUG com.filestorage.controller.FolderController - Retrieved 1 folders for user: userid1
2026-01-21 13:49:32.219 [http-nio-8080-exec-10] DEBUG com.filestorage.security.JwtTokenProvider - JWT token validated successfully
2026-01-21 13:49:32.222 [http-nio-8080-exec-10] DEBUG com.filestorage.security.JwtAuthenticationFilter - JWT token validated for user: userid1
2026-01-21 13:49:32.222 [http-nio-8080-exec-10] DEBUG com.filestorage.service.UserDetailsServiceImpl - Loading user details for username: userid1
2026-01-21 13:49:32.225 [http-nio-8080-exec-10] DEBUG com.filestorage.service.UserDetailsServiceImpl - User details loaded successfully for: userid1
2026-01-21 13:49:32.225 [http-nio-8080-exec-10] DEBUG com.filestorage.security.JwtAuthenticationFilter - User userid1 authenticated successfully via JWT
2026-01-21 13:49:32.228 [http-nio-8080-exec-10] INFO  com.filestorage.controller.FileController - File deletion requested: ID 1 by user: userid1
2026-01-21 13:49:32.230 [http-nio-8080-exec-10] INFO  com.filestorage.service.FileStorageService - Deleting file: ID 1 for user ID: 1
2026-01-21 13:49:32.238 [http-nio-8080-exec-10] DEBUG com.filestorage.service.FileStorageService - Physical file deleted: .\uploads\1\f517531e-2d2c-4f4a-bcad-149f77f0807c_config-devint.json
2026-01-21 13:49:32.297 [http-nio-8080-exec-10] INFO  com.filestorage.service.FileStorageService - File metadata deleted successfully: ID 1
2026-01-21 13:49:32.297 [http-nio-8080-exec-10] INFO  com.filestorage.controller.FileController - File deleted successfully: ID 1
2026-01-21 13:49:39.323 [http-nio-8080-exec-8] DEBUG com.filestorage.security.JwtTokenProvider - JWT token validated successfully
2026-01-21 13:49:39.323 [http-nio-8080-exec-9] DEBUG com.filestorage.security.JwtTokenProvider - JWT token validated successfully
2026-01-21 13:49:39.326 [http-nio-8080-exec-9] DEBUG com.filestorage.security.JwtAuthenticationFilter - JWT token validated for user: userid1
2026-01-21 13:49:39.326 [http-nio-8080-exec-8] DEBUG com.filestorage.security.JwtAuthenticationFilter - JWT token validated for user: userid1
2026-01-21 13:49:39.326 [http-nio-8080-exec-9] DEBUG com.filestorage.service.UserDetailsServiceImpl - Loading user details for username: userid1
2026-01-21 13:49:39.326 [http-nio-8080-exec-8] DEBUG com.filestorage.service.UserDetailsServiceImpl - Loading user details for username: userid1
2026-01-21 13:49:39.328 [http-nio-8080-exec-9] DEBUG com.filestorage.service.UserDetailsServiceImpl - User details loaded successfully for: userid1
2026-01-21 13:49:39.328 [http-nio-8080-exec-8] DEBUG com.filestorage.service.UserDetailsServiceImpl - User details loaded successfully for: userid1
2026-01-21 13:49:39.329 [http-nio-8080-exec-9] DEBUG com.filestorage.security.JwtAuthenticationFilter - User userid1 authenticated successfully via JWT
2026-01-21 13:49:39.329 [http-nio-8080-exec-8] DEBUG com.filestorage.security.JwtAuthenticationFilter - User userid1 authenticated successfully via JWT
2026-01-21 13:49:39.330 [http-nio-8080-exec-8] DEBUG com.filestorage.controller.FileController - Fetching files for user: userid1 in folder: 1
2026-01-21 13:49:39.330 [http-nio-8080-exec-9] DEBUG com.filestorage.controller.FolderController - Fetching folders for user: userid1 in parent folder: 1
2026-01-21 13:49:39.332 [http-nio-8080-exec-9] DEBUG com.filestorage.service.FolderService - Fetching folders for user ID: 1 with parent folder ID: 1
2026-01-21 13:49:39.332 [http-nio-8080-exec-8] DEBUG com.filestorage.service.FileStorageService - Fetching files for user ID: 1 in folder ID: 1
2026-01-21 13:49:39.340 [http-nio-8080-exec-9] DEBUG com.filestorage.service.FolderService - Found 1 folders for user ID: 1
2026-01-21 13:49:39.340 [http-nio-8080-exec-9] DEBUG com.filestorage.controller.FolderController - Retrieved 1 folders for user: userid1
2026-01-21 13:49:39.340 [http-nio-8080-exec-8] DEBUG com.filestorage.service.FileStorageService - Found 2 files for user ID: 1
2026-01-21 13:49:39.341 [http-nio-8080-exec-8] DEBUG com.filestorage.controller.FileController - Retrieved 2 files for user: userid1
2026-01-21 13:49:41.857 [http-nio-8080-exec-5] DEBUG com.filestorage.security.JwtTokenProvider - JWT token validated successfully
2026-01-21 13:49:41.857 [http-nio-8080-exec-3] DEBUG com.filestorage.security.JwtTokenProvider - JWT token validated successfully
2026-01-21 13:49:41.859 [http-nio-8080-exec-3] DEBUG com.filestorage.security.JwtAuthenticationFilter - JWT token validated for user: userid1
2026-01-21 13:49:41.859 [http-nio-8080-exec-5] DEBUG com.filestorage.security.JwtAuthenticationFilter - JWT token validated for user: userid1
2026-01-21 13:49:41.860 [http-nio-8080-exec-3] DEBUG com.filestorage.service.UserDetailsServiceImpl - Loading user details for username: userid1
2026-01-21 13:49:41.860 [http-nio-8080-exec-5] DEBUG com.filestorage.service.UserDetailsServiceImpl - Loading user details for username: userid1
2026-01-21 13:49:41.862 [http-nio-8080-exec-3] DEBUG com.filestorage.service.UserDetailsServiceImpl - User details loaded successfully for: userid1
2026-01-21 13:49:41.862 [http-nio-8080-exec-5] DEBUG com.filestorage.service.UserDetailsServiceImpl - User details loaded successfully for: userid1
2026-01-21 13:49:41.862 [http-nio-8080-exec-3] DEBUG com.filestorage.security.JwtAuthenticationFilter - User userid1 authenticated successfully via JWT
2026-01-21 13:49:41.862 [http-nio-8080-exec-5] DEBUG com.filestorage.security.JwtAuthenticationFilter - User userid1 authenticated successfully via JWT
2026-01-21 13:49:41.863 [http-nio-8080-exec-5] DEBUG com.filestorage.controller.FileController - Fetching files for user: userid1 in folder: null
2026-01-21 13:49:41.864 [http-nio-8080-exec-3] DEBUG com.filestorage.controller.FolderController - Fetching folders for user: userid1 in parent folder: null
2026-01-21 13:49:41.866 [http-nio-8080-exec-5] DEBUG com.filestorage.service.FileStorageService - Fetching files for user ID: 1 in folder ID: null
2026-01-21 13:49:41.866 [http-nio-8080-exec-3] DEBUG com.filestorage.service.FolderService - Fetching folders for user ID: 1 with parent folder ID: null
2026-01-21 13:49:41.867 [http-nio-8080-exec-5] DEBUG com.filestorage.service.FileStorageService - Found 0 files for user ID: 1
2026-01-21 13:49:41.868 [http-nio-8080-exec-5] DEBUG com.filestorage.controller.FileController - Retrieved 0 files for user: userid1
2026-01-21 13:49:41.868 [http-nio-8080-exec-3] DEBUG com.filestorage.service.FolderService - Found 1 folders for user ID: 1
2026-01-21 13:49:41.868 [http-nio-8080-exec-3] DEBUG com.filestorage.controller.FolderController - Retrieved 1 folders for user: userid1
2026-01-21 13:49:44.697 [http-nio-8080-exec-1] DEBUG com.filestorage.security.JwtTokenProvider - JWT token validated successfully
2026-01-21 13:49:44.699 [http-nio-8080-exec-6] DEBUG com.filestorage.security.JwtTokenProvider - JWT token validated successfully
2026-01-21 13:49:44.701 [http-nio-8080-exec-1] DEBUG com.filestorage.security.JwtAuthenticationFilter - JWT token validated for user: userid1
2026-01-21 13:49:44.701 [http-nio-8080-exec-1] DEBUG com.filestorage.service.UserDetailsServiceImpl - Loading user details for username: userid1
2026-01-21 13:49:44.702 [http-nio-8080-exec-6] DEBUG com.filestorage.security.JwtAuthenticationFilter - JWT token validated for user: userid1
2026-01-21 13:49:44.703 [http-nio-8080-exec-6] DEBUG com.filestorage.service.UserDetailsServiceImpl - Loading user details for username: userid1
2026-01-21 13:49:44.704 [http-nio-8080-exec-1] DEBUG com.filestorage.service.UserDetailsServiceImpl - User details loaded successfully for: userid1
2026-01-21 13:49:44.704 [http-nio-8080-exec-1] DEBUG com.filestorage.security.JwtAuthenticationFilter - User userid1 authenticated successfully via JWT
2026-01-21 13:49:44.705 [http-nio-8080-exec-1] DEBUG com.filestorage.controller.FileController - Fetching files for user: userid1 in folder: 1
2026-01-21 13:49:44.705 [http-nio-8080-exec-6] DEBUG com.filestorage.service.UserDetailsServiceImpl - User details loaded successfully for: userid1
2026-01-21 13:49:44.706 [http-nio-8080-exec-6] DEBUG com.filestorage.security.JwtAuthenticationFilter - User userid1 authenticated successfully via JWT
2026-01-21 13:49:44.707 [http-nio-8080-exec-6] DEBUG com.filestorage.controller.FolderController - Fetching folders for user: userid1 in parent folder: 1
2026-01-21 13:49:44.708 [http-nio-8080-exec-1] DEBUG com.filestorage.service.FileStorageService - Fetching files for user ID: 1 in folder ID: 1
2026-01-21 13:49:44.709 [http-nio-8080-exec-6] DEBUG com.filestorage.service.FolderService - Fetching folders for user ID: 1 with parent folder ID: 1
2026-01-21 13:49:44.716 [http-nio-8080-exec-6] DEBUG com.filestorage.service.FolderService - Found 1 folders for user ID: 1
2026-01-21 13:49:44.717 [http-nio-8080-exec-6] DEBUG com.filestorage.controller.FolderController - Retrieved 1 folders for user: userid1
2026-01-21 13:49:44.717 [http-nio-8080-exec-1] DEBUG com.filestorage.service.FileStorageService - Found 2 files for user ID: 1
2026-01-21 13:49:44.717 [http-nio-8080-exec-1] DEBUG com.filestorage.controller.FileController - Retrieved 2 files for user: userid1
2026-01-21 13:49:48.480 [http-nio-8080-exec-9] DEBUG com.filestorage.security.JwtTokenProvider - JWT token validated successfully
2026-01-21 13:49:48.482 [http-nio-8080-exec-9] DEBUG com.filestorage.security.JwtAuthenticationFilter - JWT token validated for user: userid1
2026-01-21 13:49:48.482 [http-nio-8080-exec-9] DEBUG com.filestorage.service.UserDetailsServiceImpl - Loading user details for username: userid1
2026-01-21 13:49:48.484 [http-nio-8080-exec-9] DEBUG com.filestorage.service.UserDetailsServiceImpl - User details loaded successfully for: userid1
2026-01-21 13:49:48.484 [http-nio-8080-exec-9] DEBUG com.filestorage.security.JwtAuthenticationFilter - User userid1 authenticated successfully via JWT
2026-01-21 13:49:48.485 [http-nio-8080-exec-9] INFO  com.filestorage.controller.FolderController - Deleting folder ID: 2 by user: userid1
2026-01-21 13:49:48.486 [http-nio-8080-exec-9] INFO  com.filestorage.service.FolderService - Deleting folder: ID 2 for user ID: 1
2026-01-21 13:49:48.506 [http-nio-8080-exec-9] INFO  com.filestorage.service.FolderService - Folder deleted successfully: ID 2
2026-01-21 13:49:48.507 [http-nio-8080-exec-9] INFO  com.filestorage.controller.FolderController - Folder deleted successfully: ID 2
2026-01-21 13:49:55.817 [http-nio-8080-exec-5] DEBUG com.filestorage.security.JwtTokenProvider - JWT token validated successfully
2026-01-21 13:49:55.817 [http-nio-8080-exec-3] DEBUG com.filestorage.security.JwtTokenProvider - JWT token validated successfully
2026-01-21 13:49:55.819 [http-nio-8080-exec-5] DEBUG com.filestorage.security.JwtAuthenticationFilter - JWT token validated for user: userid1
2026-01-21 13:49:55.819 [http-nio-8080-exec-5] DEBUG com.filestorage.service.UserDetailsServiceImpl - Loading user details for username: userid1
2026-01-21 13:49:55.820 [http-nio-8080-exec-3] DEBUG com.filestorage.security.JwtAuthenticationFilter - JWT token validated for user: userid1
2026-01-21 13:49:55.820 [http-nio-8080-exec-3] DEBUG com.filestorage.service.UserDetailsServiceImpl - Loading user details for username: userid1
2026-01-21 13:49:55.821 [http-nio-8080-exec-5] DEBUG com.filestorage.service.UserDetailsServiceImpl - User details loaded successfully for: userid1
2026-01-21 13:49:55.822 [http-nio-8080-exec-5] DEBUG com.filestorage.security.JwtAuthenticationFilter - User userid1 authenticated successfully via JWT
2026-01-21 13:49:55.822 [http-nio-8080-exec-3] DEBUG com.filestorage.service.UserDetailsServiceImpl - User details loaded successfully for: userid1
2026-01-21 13:49:55.822 [http-nio-8080-exec-3] DEBUG com.filestorage.security.JwtAuthenticationFilter - User userid1 authenticated successfully via JWT
2026-01-21 13:49:55.822 [http-nio-8080-exec-5] DEBUG com.filestorage.controller.FolderController - Fetching folders for user: userid1 in parent folder: null
2026-01-21 13:49:55.823 [http-nio-8080-exec-3] DEBUG com.filestorage.controller.FileController - Fetching files for user: userid1 in folder: null
2026-01-21 13:49:55.824 [http-nio-8080-exec-3] DEBUG com.filestorage.service.FileStorageService - Fetching files for user ID: 1 in folder ID: null
2026-01-21 13:49:55.824 [http-nio-8080-exec-5] DEBUG com.filestorage.service.FolderService - Fetching folders for user ID: 1 with parent folder ID: null
2026-01-21 13:49:55.825 [http-nio-8080-exec-3] DEBUG com.filestorage.service.FileStorageService - Found 0 files for user ID: 1
2026-01-21 13:49:55.826 [http-nio-8080-exec-3] DEBUG com.filestorage.controller.FileController - Retrieved 0 files for user: userid1
2026-01-21 13:49:55.826 [http-nio-8080-exec-5] DEBUG com.filestorage.service.FolderService - Found 1 folders for user ID: 1
2026-01-21 13:49:55.826 [http-nio-8080-exec-5] DEBUG com.filestorage.controller.FolderController - Retrieved 1 folders for user: userid1
2026-01-21 13:49:56.512 [http-nio-8080-exec-1] DEBUG com.filestorage.security.JwtTokenProvider - JWT token validated successfully
2026-01-21 13:49:56.512 [http-nio-8080-exec-6] DEBUG com.filestorage.security.JwtTokenProvider - JWT token validated successfully
2026-01-21 13:49:56.514 [http-nio-8080-exec-1] DEBUG com.filestorage.security.JwtAuthenticationFilter - JWT token validated for user: userid1
2026-01-21 13:49:56.514 [http-nio-8080-exec-1] DEBUG com.filestorage.service.UserDetailsServiceImpl - Loading user details for username: userid1
2026-01-21 13:49:56.514 [http-nio-8080-exec-6] DEBUG com.filestorage.security.JwtAuthenticationFilter - JWT token validated for user: userid1
2026-01-21 13:49:56.514 [http-nio-8080-exec-6] DEBUG com.filestorage.service.UserDetailsServiceImpl - Loading user details for username: userid1
2026-01-21 13:49:56.516 [http-nio-8080-exec-1] DEBUG com.filestorage.service.UserDetailsServiceImpl - User details loaded successfully for: userid1
2026-01-21 13:49:56.516 [http-nio-8080-exec-6] DEBUG com.filestorage.service.UserDetailsServiceImpl - User details loaded successfully for: userid1
2026-01-21 13:49:56.516 [http-nio-8080-exec-1] DEBUG com.filestorage.security.JwtAuthenticationFilter - User userid1 authenticated successfully via JWT
2026-01-21 13:49:56.516 [http-nio-8080-exec-6] DEBUG com.filestorage.security.JwtAuthenticationFilter - User userid1 authenticated successfully via JWT
2026-01-21 13:49:56.516 [http-nio-8080-exec-6] DEBUG com.filestorage.controller.FolderController - Fetching folders for user: userid1 in parent folder: 1
2026-01-21 13:49:56.516 [http-nio-8080-exec-1] DEBUG com.filestorage.controller.FileController - Fetching files for user: userid1 in folder: 1
2026-01-21 13:49:56.518 [http-nio-8080-exec-1] DEBUG com.filestorage.service.FileStorageService - Fetching files for user ID: 1 in folder ID: 1
2026-01-21 13:49:56.518 [http-nio-8080-exec-6] DEBUG com.filestorage.service.FolderService - Fetching folders for user ID: 1 with parent folder ID: 1
2026-01-21 13:49:56.520 [http-nio-8080-exec-6] DEBUG com.filestorage.service.FolderService - Found 0 folders for user ID: 1
2026-01-21 13:49:56.521 [http-nio-8080-exec-6] DEBUG com.filestorage.controller.FolderController - Retrieved 0 folders for user: userid1
2026-01-21 13:49:56.521 [http-nio-8080-exec-1] DEBUG com.filestorage.service.FileStorageService - Found 2 files for user ID: 1
2026-01-21 13:49:56.521 [http-nio-8080-exec-1] DEBUG com.filestorage.controller.FileController - Retrieved 2 files for user: userid1
2026-01-21 13:51:21.923 [http-nio-8080-exec-9] DEBUG com.filestorage.security.JwtTokenProvider - JWT token validated successfully
2026-01-21 13:51:21.923 [http-nio-8080-exec-7] DEBUG com.filestorage.security.JwtTokenProvider - JWT token validated successfully
2026-01-21 13:51:21.925 [http-nio-8080-exec-7] DEBUG com.filestorage.security.JwtAuthenticationFilter - JWT token validated for user: userid1
2026-01-21 13:51:21.925 [http-nio-8080-exec-9] DEBUG com.filestorage.security.JwtAuthenticationFilter - JWT token validated for user: userid1
2026-01-21 13:51:21.925 [http-nio-8080-exec-9] DEBUG com.filestorage.service.UserDetailsServiceImpl - Loading user details for username: userid1
2026-01-21 13:51:21.925 [http-nio-8080-exec-7] DEBUG com.filestorage.service.UserDetailsServiceImpl - Loading user details for username: userid1
2026-01-21 13:51:21.927 [http-nio-8080-exec-7] DEBUG com.filestorage.service.UserDetailsServiceImpl - User details loaded successfully for: userid1
2026-01-21 13:51:21.927 [http-nio-8080-exec-9] DEBUG com.filestorage.service.UserDetailsServiceImpl - User details loaded successfully for: userid1
2026-01-21 13:51:21.927 [http-nio-8080-exec-7] DEBUG com.filestorage.security.JwtAuthenticationFilter - User userid1 authenticated successfully via JWT
2026-01-21 13:51:21.928 [http-nio-8080-exec-9] DEBUG com.filestorage.security.JwtAuthenticationFilter - User userid1 authenticated successfully via JWT
2026-01-21 13:51:21.928 [http-nio-8080-exec-9] DEBUG com.filestorage.controller.FileController - Fetching files for user: userid1 in folder: null
2026-01-21 13:51:21.928 [http-nio-8080-exec-7] DEBUG com.filestorage.controller.FolderController - Fetching folders for user: userid1 in parent folder: null
2026-01-21 13:51:21.929 [http-nio-8080-exec-9] DEBUG com.filestorage.service.FileStorageService - Fetching files for user ID: 1 in folder ID: null
2026-01-21 13:51:21.929 [http-nio-8080-exec-7] DEBUG com.filestorage.service.FolderService - Fetching folders for user ID: 1 with parent folder ID: null
2026-01-21 13:51:21.932 [http-nio-8080-exec-9] DEBUG com.filestorage.service.FileStorageService - Found 0 files for user ID: 1
2026-01-21 13:51:21.932 [http-nio-8080-exec-7] DEBUG com.filestorage.service.FolderService - Found 1 folders for user ID: 1
2026-01-21 13:51:21.932 [http-nio-8080-exec-9] DEBUG com.filestorage.controller.FileController - Retrieved 0 files for user: userid1
2026-01-21 13:51:21.932 [http-nio-8080-exec-7] DEBUG com.filestorage.controller.FolderController - Retrieved 1 folders for user: userid1
2026-01-21 13:51:26.499 [http-nio-8080-exec-3] DEBUG com.filestorage.security.JwtTokenProvider - JWT token validated successfully
2026-01-21 13:51:26.500 [http-nio-8080-exec-3] DEBUG com.filestorage.security.JwtAuthenticationFilter - JWT token validated for user: userid1
2026-01-21 13:51:26.500 [http-nio-8080-exec-5] DEBUG com.filestorage.security.JwtTokenProvider - JWT token validated successfully
2026-01-21 13:51:26.501 [http-nio-8080-exec-3] DEBUG com.filestorage.service.UserDetailsServiceImpl - Loading user details for username: userid1
2026-01-21 13:51:26.502 [http-nio-8080-exec-5] DEBUG com.filestorage.security.JwtAuthenticationFilter - JWT token validated for user: userid1
2026-01-21 13:51:26.503 [http-nio-8080-exec-5] DEBUG com.filestorage.service.UserDetailsServiceImpl - Loading user details for username: userid1
2026-01-21 13:51:26.503 [http-nio-8080-exec-3] DEBUG com.filestorage.service.UserDetailsServiceImpl - User details loaded successfully for: userid1
2026-01-21 13:51:26.503 [http-nio-8080-exec-3] DEBUG com.filestorage.security.JwtAuthenticationFilter - User userid1 authenticated successfully via JWT
2026-01-21 13:51:26.504 [http-nio-8080-exec-3] DEBUG com.filestorage.controller.FolderController - Fetching folders for user: userid1 in parent folder: 1
2026-01-21 13:51:26.505 [http-nio-8080-exec-5] DEBUG com.filestorage.service.UserDetailsServiceImpl - User details loaded successfully for: userid1
2026-01-21 13:51:26.505 [http-nio-8080-exec-5] DEBUG com.filestorage.security.JwtAuthenticationFilter - User userid1 authenticated successfully via JWT
2026-01-21 13:51:26.505 [http-nio-8080-exec-3] DEBUG com.filestorage.service.FolderService - Fetching folders for user ID: 1 with parent folder ID: 1
2026-01-21 13:51:26.506 [http-nio-8080-exec-5] DEBUG com.filestorage.controller.FileController - Fetching files for user: userid1 in folder: 1
2026-01-21 13:51:26.507 [http-nio-8080-exec-5] DEBUG com.filestorage.service.FileStorageService - Fetching files for user ID: 1 in folder ID: 1
2026-01-21 13:51:26.508 [http-nio-8080-exec-3] DEBUG com.filestorage.service.FolderService - Found 0 folders for user ID: 1
2026-01-21 13:51:26.508 [http-nio-8080-exec-3] DEBUG com.filestorage.controller.FolderController - Retrieved 0 folders for user: userid1
2026-01-21 13:51:26.513 [http-nio-8080-exec-5] DEBUG com.filestorage.service.FileStorageService - Found 2 files for user ID: 1
2026-01-21 13:51:26.513 [http-nio-8080-exec-5] DEBUG com.filestorage.controller.FileController - Retrieved 2 files for user: userid1
2026-01-21 13:51:33.057 [http-nio-8080-exec-1] DEBUG com.filestorage.security.JwtTokenProvider - JWT token validated successfully
2026-01-21 13:51:33.057 [http-nio-8080-exec-6] DEBUG com.filestorage.security.JwtTokenProvider - JWT token validated successfully
2026-01-21 13:51:33.060 [http-nio-8080-exec-1] DEBUG com.filestorage.security.JwtAuthenticationFilter - JWT token validated for user: userid1
2026-01-21 13:51:33.060 [http-nio-8080-exec-1] DEBUG com.filestorage.service.UserDetailsServiceImpl - Loading user details for username: userid1
2026-01-21 13:51:33.060 [http-nio-8080-exec-6] DEBUG com.filestorage.security.JwtAuthenticationFilter - JWT token validated for user: userid1
2026-01-21 13:51:33.060 [http-nio-8080-exec-6] DEBUG com.filestorage.service.UserDetailsServiceImpl - Loading user details for username: userid1
2026-01-21 13:51:33.061 [http-nio-8080-exec-1] DEBUG com.filestorage.service.UserDetailsServiceImpl - User details loaded successfully for: userid1
2026-01-21 13:51:33.062 [http-nio-8080-exec-1] DEBUG com.filestorage.security.JwtAuthenticationFilter - User userid1 authenticated successfully via JWT
2026-01-21 13:51:33.062 [http-nio-8080-exec-6] DEBUG com.filestorage.service.UserDetailsServiceImpl - User details loaded successfully for: userid1
2026-01-21 13:51:33.062 [http-nio-8080-exec-6] DEBUG com.filestorage.security.JwtAuthenticationFilter - User userid1 authenticated successfully via JWT
2026-01-21 13:51:33.062 [http-nio-8080-exec-1] DEBUG com.filestorage.controller.FolderController - Fetching folders for user: userid1 in parent folder: null
2026-01-21 13:51:33.062 [http-nio-8080-exec-6] DEBUG com.filestorage.controller.FileController - Fetching files for user: userid1 in folder: null
2026-01-21 13:51:33.063 [http-nio-8080-exec-1] DEBUG com.filestorage.service.FolderService - Fetching folders for user ID: 1 with parent folder ID: null
2026-01-21 13:51:33.064 [http-nio-8080-exec-6] DEBUG com.filestorage.service.FileStorageService - Fetching files for user ID: 1 in folder ID: null
2026-01-21 13:51:33.065 [http-nio-8080-exec-1] DEBUG com.filestorage.service.FolderService - Found 1 folders for user ID: 1
2026-01-21 13:51:33.065 [http-nio-8080-exec-6] DEBUG com.filestorage.service.FileStorageService - Found 0 files for user ID: 1
2026-01-21 13:51:33.065 [http-nio-8080-exec-1] DEBUG com.filestorage.controller.FolderController - Retrieved 1 folders for user: userid1
2026-01-21 13:51:33.065 [http-nio-8080-exec-6] DEBUG com.filestorage.controller.FileController - Retrieved 0 files for user: userid1
2026-01-21 13:51:42.285 [http-nio-8080-exec-4] DEBUG com.filestorage.security.JwtTokenProvider - JWT token validated successfully
2026-01-21 13:51:42.287 [http-nio-8080-exec-8] DEBUG com.filestorage.security.JwtTokenProvider - JWT token validated successfully
2026-01-21 13:51:42.287 [http-nio-8080-exec-4] DEBUG com.filestorage.security.JwtAuthenticationFilter - JWT token validated for user: userid1
2026-01-21 13:51:42.288 [http-nio-8080-exec-4] DEBUG com.filestorage.service.UserDetailsServiceImpl - Loading user details for username: userid1
2026-01-21 13:51:42.290 [http-nio-8080-exec-8] DEBUG com.filestorage.security.JwtAuthenticationFilter - JWT token validated for user: userid1
2026-01-21 13:51:42.290 [http-nio-8080-exec-8] DEBUG com.filestorage.service.UserDetailsServiceImpl - Loading user details for username: userid1
2026-01-21 13:51:42.290 [http-nio-8080-exec-4] DEBUG com.filestorage.service.UserDetailsServiceImpl - User details loaded successfully for: userid1
2026-01-21 13:51:42.290 [http-nio-8080-exec-4] DEBUG com.filestorage.security.JwtAuthenticationFilter - User userid1 authenticated successfully via JWT
2026-01-21 13:51:42.291 [http-nio-8080-exec-4] DEBUG com.filestorage.controller.FileController - Fetching files for user: userid1 in folder: 1
2026-01-21 13:51:42.292 [http-nio-8080-exec-8] DEBUG com.filestorage.service.UserDetailsServiceImpl - User details loaded successfully for: userid1
2026-01-21 13:51:42.292 [http-nio-8080-exec-8] DEBUG com.filestorage.security.JwtAuthenticationFilter - User userid1 authenticated successfully via JWT
2026-01-21 13:51:42.293 [http-nio-8080-exec-8] DEBUG com.filestorage.controller.FolderController - Fetching folders for user: userid1 in parent folder: 1
2026-01-21 13:51:42.294 [http-nio-8080-exec-4] DEBUG com.filestorage.service.FileStorageService - Fetching files for user ID: 1 in folder ID: 1
2026-01-21 13:51:42.295 [http-nio-8080-exec-8] DEBUG com.filestorage.service.FolderService - Fetching folders for user ID: 1 with parent folder ID: 1
2026-01-21 13:51:42.298 [http-nio-8080-exec-4] DEBUG com.filestorage.service.FileStorageService - Found 2 files for user ID: 1
2026-01-21 13:51:42.298 [http-nio-8080-exec-4] DEBUG com.filestorage.controller.FileController - Retrieved 2 files for user: userid1
2026-01-21 13:51:42.300 [http-nio-8080-exec-8] DEBUG com.filestorage.service.FolderService - Found 0 folders for user ID: 1
2026-01-21 13:51:42.300 [http-nio-8080-exec-8] DEBUG com.filestorage.controller.FolderController - Retrieved 0 folders for user: userid1
2026-01-21 13:51:45.417 [http-nio-8080-exec-5] DEBUG com.filestorage.security.JwtTokenProvider - JWT token validated successfully
2026-01-21 13:51:45.420 [http-nio-8080-exec-5] DEBUG com.filestorage.security.JwtAuthenticationFilter - JWT token validated for user: userid1
2026-01-21 13:51:45.420 [http-nio-8080-exec-5] DEBUG com.filestorage.service.UserDetailsServiceImpl - Loading user details for username: userid1
2026-01-21 13:51:45.422 [http-nio-8080-exec-5] DEBUG com.filestorage.service.UserDetailsServiceImpl - User details loaded successfully for: userid1
2026-01-21 13:51:45.423 [http-nio-8080-exec-5] DEBUG com.filestorage.security.JwtAuthenticationFilter - User userid1 authenticated successfully via JWT
2026-01-21 13:51:45.424 [http-nio-8080-exec-5] INFO  com.filestorage.controller.FileController - File deletion requested: ID 3 by user: userid1
2026-01-21 13:51:45.427 [http-nio-8080-exec-5] INFO  com.filestorage.service.FileStorageService - Deleting file: ID 3 for user ID: 1
2026-01-21 13:51:45.435 [http-nio-8080-exec-5] DEBUG com.filestorage.service.FileStorageService - Physical file deleted: .\uploads\1\0f8570ab-16ae-4f77-b576-633e06165bcd_config-devint.json
2026-01-21 13:51:45.437 [http-nio-8080-exec-5] INFO  com.filestorage.service.FileStorageService - File metadata deleted successfully: ID 3
2026-01-21 13:51:45.438 [http-nio-8080-exec-5] INFO  com.filestorage.controller.FileController - File deleted successfully: ID 3
2026-01-21 13:52:21.370 [http-nio-8080-exec-1] DEBUG com.filestorage.security.JwtTokenProvider - JWT token validated successfully
2026-01-21 13:52:21.371 [http-nio-8080-exec-6] DEBUG com.filestorage.security.JwtTokenProvider - JWT token validated successfully
2026-01-21 13:52:21.375 [http-nio-8080-exec-1] DEBUG com.filestorage.security.JwtAuthenticationFilter - JWT token validated for user: userid1
2026-01-21 13:52:21.375 [http-nio-8080-exec-1] DEBUG com.filestorage.service.UserDetailsServiceImpl - Loading user details for username: userid1
2026-01-21 13:52:21.376 [http-nio-8080-exec-6] DEBUG com.filestorage.security.JwtAuthenticationFilter - JWT token validated for user: userid1
2026-01-21 13:52:21.377 [http-nio-8080-exec-6] DEBUG com.filestorage.service.UserDetailsServiceImpl - Loading user details for username: userid1
2026-01-21 13:52:21.378 [http-nio-8080-exec-1] DEBUG com.filestorage.service.UserDetailsServiceImpl - User details loaded successfully for: userid1
2026-01-21 13:52:21.379 [http-nio-8080-exec-1] DEBUG com.filestorage.security.JwtAuthenticationFilter - User userid1 authenticated successfully via JWT
2026-01-21 13:52:21.379 [http-nio-8080-exec-6] DEBUG com.filestorage.service.UserDetailsServiceImpl - User details loaded successfully for: userid1
2026-01-21 13:52:21.379 [http-nio-8080-exec-6] DEBUG com.filestorage.security.JwtAuthenticationFilter - User userid1 authenticated successfully via JWT
2026-01-21 13:52:21.380 [http-nio-8080-exec-1] DEBUG com.filestorage.controller.FileController - Fetching files for user: userid1 in folder: null
2026-01-21 13:52:21.380 [http-nio-8080-exec-6] DEBUG com.filestorage.controller.FolderController - Fetching folders for user: userid1 in parent folder: null
2026-01-21 13:52:21.382 [http-nio-8080-exec-1] DEBUG com.filestorage.service.FileStorageService - Fetching files for user ID: 1 in folder ID: null
2026-01-21 13:52:21.382 [http-nio-8080-exec-6] DEBUG com.filestorage.service.FolderService - Fetching folders for user ID: 1 with parent folder ID: null
2026-01-21 13:52:21.384 [http-nio-8080-exec-1] DEBUG com.filestorage.service.FileStorageService - Found 0 files for user ID: 1
2026-01-21 13:52:21.384 [http-nio-8080-exec-1] DEBUG com.filestorage.controller.FileController - Retrieved 0 files for user: userid1
2026-01-21 13:52:21.384 [http-nio-8080-exec-6] DEBUG com.filestorage.service.FolderService - Found 1 folders for user ID: 1
2026-01-21 13:52:21.385 [http-nio-8080-exec-6] DEBUG com.filestorage.controller.FolderController - Retrieved 1 folders for user: userid1
2026-01-21 13:52:23.218 [http-nio-8080-exec-4] DEBUG com.filestorage.security.JwtTokenProvider - JWT token validated successfully
2026-01-21 13:52:23.218 [http-nio-8080-exec-8] DEBUG com.filestorage.security.JwtTokenProvider - JWT token validated successfully
2026-01-21 13:52:23.221 [http-nio-8080-exec-4] DEBUG com.filestorage.security.JwtAuthenticationFilter - JWT token validated for user: userid1
2026-01-21 13:52:23.221 [http-nio-8080-exec-4] DEBUG com.filestorage.service.UserDetailsServiceImpl - Loading user details for username: userid1
2026-01-21 13:52:23.223 [http-nio-8080-exec-8] DEBUG com.filestorage.security.JwtAuthenticationFilter - JWT token validated for user: userid1
2026-01-21 13:52:23.223 [http-nio-8080-exec-8] DEBUG com.filestorage.service.UserDetailsServiceImpl - Loading user details for username: userid1
2026-01-21 13:52:23.224 [http-nio-8080-exec-4] DEBUG com.filestorage.service.UserDetailsServiceImpl - User details loaded successfully for: userid1
2026-01-21 13:52:23.224 [http-nio-8080-exec-4] DEBUG com.filestorage.security.JwtAuthenticationFilter - User userid1 authenticated successfully via JWT
2026-01-21 13:52:23.225 [http-nio-8080-exec-4] DEBUG com.filestorage.controller.FolderController - Fetching folders for user: userid1 in parent folder: 1
2026-01-21 13:52:23.228 [http-nio-8080-exec-4] DEBUG com.filestorage.service.FolderService - Fetching folders for user ID: 1 with parent folder ID: 1
2026-01-21 13:52:23.228 [http-nio-8080-exec-8] DEBUG com.filestorage.service.UserDetailsServiceImpl - User details loaded successfully for: userid1
2026-01-21 13:52:23.228 [http-nio-8080-exec-8] DEBUG com.filestorage.security.JwtAuthenticationFilter - User userid1 authenticated successfully via JWT
2026-01-21 13:52:23.229 [http-nio-8080-exec-8] DEBUG com.filestorage.controller.FileController - Fetching files for user: userid1 in folder: 1
2026-01-21 13:52:23.231 [http-nio-8080-exec-8] DEBUG com.filestorage.service.FileStorageService - Fetching files for user ID: 1 in folder ID: 1
2026-01-21 13:52:23.231 [http-nio-8080-exec-4] DEBUG com.filestorage.service.FolderService - Found 0 folders for user ID: 1
2026-01-21 13:52:23.231 [http-nio-8080-exec-4] DEBUG com.filestorage.controller.FolderController - Retrieved 0 folders for user: userid1
2026-01-21 13:52:23.234 [http-nio-8080-exec-8] DEBUG com.filestorage.service.FileStorageService - Found 1 files for user ID: 1
2026-01-21 13:52:23.234 [http-nio-8080-exec-8] DEBUG com.filestorage.controller.FileController - Retrieved 1 files for user: userid1
2026-01-21 13:52:36.984 [http-nio-8080-exec-10] DEBUG com.filestorage.security.JwtTokenProvider - JWT token validated successfully
2026-01-21 13:52:36.984 [http-nio-8080-exec-2] DEBUG com.filestorage.security.JwtTokenProvider - JWT token validated successfully
2026-01-21 13:52:36.986 [http-nio-8080-exec-10] DEBUG com.filestorage.security.JwtAuthenticationFilter - JWT token validated for user: userid1
2026-01-21 13:52:36.986 [http-nio-8080-exec-10] DEBUG com.filestorage.service.UserDetailsServiceImpl - Loading user details for username: userid1
2026-01-21 13:52:36.987 [http-nio-8080-exec-2] DEBUG com.filestorage.security.JwtAuthenticationFilter - JWT token validated for user: userid1
2026-01-21 13:52:36.987 [http-nio-8080-exec-2] DEBUG com.filestorage.service.UserDetailsServiceImpl - Loading user details for username: userid1
2026-01-21 13:52:36.989 [http-nio-8080-exec-10] DEBUG com.filestorage.service.UserDetailsServiceImpl - User details loaded successfully for: userid1
2026-01-21 13:52:36.989 [http-nio-8080-exec-2] DEBUG com.filestorage.service.UserDetailsServiceImpl - User details loaded successfully for: userid1
2026-01-21 13:52:36.989 [http-nio-8080-exec-10] DEBUG com.filestorage.security.JwtAuthenticationFilter - User userid1 authenticated successfully via JWT
2026-01-21 13:52:36.989 [http-nio-8080-exec-2] DEBUG com.filestorage.security.JwtAuthenticationFilter - User userid1 authenticated successfully via JWT
2026-01-21 13:52:36.990 [http-nio-8080-exec-10] DEBUG com.filestorage.controller.FolderController - Fetching folders for user: userid1 in parent folder: null
2026-01-21 13:52:36.990 [http-nio-8080-exec-2] DEBUG com.filestorage.controller.FileController - Fetching files for user: userid1 in folder: null
2026-01-21 13:52:36.992 [http-nio-8080-exec-10] DEBUG com.filestorage.service.FolderService - Fetching folders for user ID: 1 with parent folder ID: null
2026-01-21 13:52:36.992 [http-nio-8080-exec-2] DEBUG com.filestorage.service.FileStorageService - Fetching files for user ID: 1 in folder ID: null
2026-01-21 13:52:36.993 [http-nio-8080-exec-2] DEBUG com.filestorage.service.FileStorageService - Found 0 files for user ID: 1
2026-01-21 13:52:36.993 [http-nio-8080-exec-2] DEBUG com.filestorage.controller.FileController - Retrieved 0 files for user: userid1
2026-01-21 13:52:36.993 [http-nio-8080-exec-10] DEBUG com.filestorage.service.FolderService - Found 1 folders for user ID: 1
2026-01-21 13:52:36.993 [http-nio-8080-exec-10] DEBUG com.filestorage.controller.FolderController - Retrieved 1 folders for user: userid1
2026-01-21 13:55:14.084 [http-nio-8080-exec-4] DEBUG com.filestorage.security.JwtTokenProvider - JWT token validated successfully
2026-01-21 13:55:14.084 [http-nio-8080-exec-8] DEBUG com.filestorage.security.JwtTokenProvider - JWT token validated successfully
2026-01-21 13:55:14.086 [http-nio-8080-exec-4] DEBUG com.filestorage.security.JwtAuthenticationFilter - JWT token validated for user: userid1
2026-01-21 13:55:14.086 [http-nio-8080-exec-4] DEBUG com.filestorage.service.UserDetailsServiceImpl - Loading user details for username: userid1
2026-01-21 13:55:14.086 [http-nio-8080-exec-8] DEBUG com.filestorage.security.JwtAuthenticationFilter - JWT token validated for user: userid1
2026-01-21 13:55:14.087 [http-nio-8080-exec-8] DEBUG com.filestorage.service.UserDetailsServiceImpl - Loading user details for username: userid1
2026-01-21 13:55:14.089 [http-nio-8080-exec-8] DEBUG com.filestorage.service.UserDetailsServiceImpl - User details loaded successfully for: userid1
2026-01-21 13:55:14.089 [http-nio-8080-exec-4] DEBUG com.filestorage.service.UserDetailsServiceImpl - User details loaded successfully for: userid1
2026-01-21 13:55:14.090 [http-nio-8080-exec-8] DEBUG com.filestorage.security.JwtAuthenticationFilter - User userid1 authenticated successfully via JWT
2026-01-21 13:55:14.090 [http-nio-8080-exec-4] DEBUG com.filestorage.security.JwtAuthenticationFilter - User userid1 authenticated successfully via JWT
2026-01-21 13:55:14.091 [http-nio-8080-exec-4] DEBUG com.filestorage.controller.FolderController - Fetching folders for user: userid1 in parent folder: null
2026-01-21 13:55:14.091 [http-nio-8080-exec-8] DEBUG com.filestorage.controller.FileController - Fetching files for user: userid1 in folder: null
2026-01-21 13:55:14.093 [http-nio-8080-exec-4] DEBUG com.filestorage.service.FolderService - Fetching folders for user ID: 1 with parent folder ID: null
2026-01-21 13:55:14.093 [http-nio-8080-exec-8] DEBUG com.filestorage.service.FileStorageService - Fetching files for user ID: 1 in folder ID: null
2026-01-21 13:55:14.095 [http-nio-8080-exec-8] DEBUG com.filestorage.service.FileStorageService - Found 0 files for user ID: 1
2026-01-21 13:55:14.096 [http-nio-8080-exec-8] DEBUG com.filestorage.controller.FileController - Retrieved 0 files for user: userid1
2026-01-21 13:55:14.096 [http-nio-8080-exec-4] DEBUG com.filestorage.service.FolderService - Found 1 folders for user ID: 1
2026-01-21 13:55:14.096 [http-nio-8080-exec-4] DEBUG com.filestorage.controller.FolderController - Retrieved 1 folders for user: userid1
2026-01-21 14:00:06.859 [http-nio-8080-exec-6] DEBUG com.filestorage.security.JwtTokenProvider - JWT token validated successfully
2026-01-21 14:00:06.859 [http-nio-8080-exec-1] DEBUG com.filestorage.security.JwtTokenProvider - JWT token validated successfully
2026-01-21 14:00:06.866 [http-nio-8080-exec-6] DEBUG com.filestorage.security.JwtAuthenticationFilter - JWT token validated for user: userid1
2026-01-21 14:00:06.867 [http-nio-8080-exec-1] DEBUG com.filestorage.security.JwtAuthenticationFilter - JWT token validated for user: userid1
2026-01-21 14:00:06.867 [http-nio-8080-exec-6] DEBUG com.filestorage.service.UserDetailsServiceImpl - Loading user details for username: userid1
2026-01-21 14:00:06.867 [http-nio-8080-exec-1] DEBUG com.filestorage.service.UserDetailsServiceImpl - Loading user details for username: userid1
2026-01-21 14:00:06.871 [http-nio-8080-exec-1] DEBUG com.filestorage.service.UserDetailsServiceImpl - User details loaded successfully for: userid1
2026-01-21 14:00:06.871 [http-nio-8080-exec-6] DEBUG com.filestorage.service.UserDetailsServiceImpl - User details loaded successfully for: userid1
2026-01-21 14:00:06.871 [http-nio-8080-exec-6] DEBUG com.filestorage.security.JwtAuthenticationFilter - User userid1 authenticated successfully via JWT
2026-01-21 14:00:06.871 [http-nio-8080-exec-1] DEBUG com.filestorage.security.JwtAuthenticationFilter - User userid1 authenticated successfully via JWT
2026-01-21 14:00:06.872 [http-nio-8080-exec-6] DEBUG com.filestorage.controller.FileController - Fetching files for user: userid1 in folder: null
2026-01-21 14:00:06.873 [http-nio-8080-exec-1] DEBUG com.filestorage.controller.FolderController - Fetching folders for user: userid1 in parent folder: null
2026-01-21 14:00:06.874 [http-nio-8080-exec-1] DEBUG com.filestorage.service.FolderService - Fetching folders for user ID: 1 with parent folder ID: null
2026-01-21 14:00:06.874 [http-nio-8080-exec-6] DEBUG com.filestorage.service.FileStorageService - Fetching files for user ID: 1 in folder ID: null
2026-01-21 14:00:06.877 [http-nio-8080-exec-1] DEBUG com.filestorage.service.FolderService - Found 1 folders for user ID: 1
2026-01-21 14:00:06.877 [http-nio-8080-exec-1] DEBUG com.filestorage.controller.FolderController - Retrieved 1 folders for user: userid1
2026-01-21 14:00:06.878 [http-nio-8080-exec-6] DEBUG com.filestorage.service.FileStorageService - Found 0 files for user ID: 1
2026-01-21 14:00:06.878 [http-nio-8080-exec-6] DEBUG com.filestorage.controller.FileController - Retrieved 0 files for user: userid1
2026-01-21 14:00:28.109 [http-nio-8080-exec-8] DEBUG com.filestorage.security.JwtTokenProvider - JWT token validated successfully
2026-01-21 14:00:28.109 [http-nio-8080-exec-4] DEBUG com.filestorage.security.JwtTokenProvider - JWT token validated successfully
2026-01-21 14:00:28.114 [http-nio-8080-exec-8] DEBUG com.filestorage.security.JwtAuthenticationFilter - JWT token validated for user: userid1
2026-01-21 14:00:28.114 [http-nio-8080-exec-8] DEBUG com.filestorage.service.UserDetailsServiceImpl - Loading user details for username: userid1
2026-01-21 14:00:28.114 [http-nio-8080-exec-4] DEBUG com.filestorage.security.JwtAuthenticationFilter - JWT token validated for user: userid1
2026-01-21 14:00:28.114 [http-nio-8080-exec-4] DEBUG com.filestorage.service.UserDetailsServiceImpl - Loading user details for username: userid1
2026-01-21 14:00:28.118 [http-nio-8080-exec-4] DEBUG com.filestorage.service.UserDetailsServiceImpl - User details loaded successfully for: userid1
2026-01-21 14:00:28.118 [http-nio-8080-exec-4] DEBUG com.filestorage.security.JwtAuthenticationFilter - User userid1 authenticated successfully via JWT
2026-01-21 14:00:28.118 [http-nio-8080-exec-8] DEBUG com.filestorage.service.UserDetailsServiceImpl - User details loaded successfully for: userid1
2026-01-21 14:00:28.119 [http-nio-8080-exec-8] DEBUG com.filestorage.security.JwtAuthenticationFilter - User userid1 authenticated successfully via JWT
2026-01-21 14:00:28.119 [http-nio-8080-exec-4] DEBUG com.filestorage.controller.FileController - Fetching files for user: userid1 in folder: 1
2026-01-21 14:00:28.119 [http-nio-8080-exec-8] DEBUG com.filestorage.controller.FolderController - Fetching folders for user: userid1 in parent folder: 1
2026-01-21 14:00:28.121 [http-nio-8080-exec-4] DEBUG com.filestorage.service.FileStorageService - Fetching files for user ID: 1 in folder ID: 1
2026-01-21 14:00:28.121 [http-nio-8080-exec-8] DEBUG com.filestorage.service.FolderService - Fetching folders for user ID: 1 with parent folder ID: 1
2026-01-21 14:00:28.125 [http-nio-8080-exec-8] DEBUG com.filestorage.service.FolderService - Found 0 folders for user ID: 1
2026-01-21 14:00:28.125 [http-nio-8080-exec-8] DEBUG com.filestorage.controller.FolderController - Retrieved 0 folders for user: userid1
2026-01-21 14:00:28.125 [http-nio-8080-exec-4] DEBUG com.filestorage.service.FileStorageService - Found 1 files for user ID: 1
2026-01-21 14:00:28.125 [http-nio-8080-exec-4] DEBUG com.filestorage.controller.FileController - Retrieved 1 files for user: userid1
2026-01-21 14:00:45.005 [http-nio-8080-exec-3] DEBUG com.filestorage.security.JwtTokenProvider - JWT token validated successfully
2026-01-21 14:00:45.005 [http-nio-8080-exec-3] DEBUG com.filestorage.security.JwtAuthenticationFilter - JWT token validated for user: userid1
2026-01-21 14:00:45.005 [http-nio-8080-exec-3] DEBUG com.filestorage.service.UserDetailsServiceImpl - Loading user details for username: userid1
2026-01-21 14:00:45.008 [http-nio-8080-exec-3] DEBUG com.filestorage.service.UserDetailsServiceImpl - User details loaded successfully for: userid1
2026-01-21 14:00:45.008 [http-nio-8080-exec-3] DEBUG com.filestorage.security.JwtAuthenticationFilter - User userid1 authenticated successfully via JWT
2026-01-21 14:00:45.014 [http-nio-8080-exec-3] INFO  com.filestorage.controller.FolderController - Creating folder 'asfda' for user: userid1 in parent folder: 1
2026-01-21 14:00:45.014 [http-nio-8080-exec-3] INFO  com.filestorage.service.FolderService - Creating folder 'asfda' for user ID: 1 with parent folder ID: 1
2026-01-21 14:00:45.070 [http-nio-8080-exec-3] INFO  com.filestorage.service.FolderService - Folder created successfully with ID: 3
2026-01-21 14:00:45.070 [http-nio-8080-exec-3] INFO  com.filestorage.controller.FolderController - Folder created successfully with ID: 3
2026-01-21 14:00:45.082 [http-nio-8080-exec-1] DEBUG com.filestorage.security.JwtTokenProvider - JWT token validated successfully
2026-01-21 14:00:45.082 [http-nio-8080-exec-6] DEBUG com.filestorage.security.JwtTokenProvider - JWT token validated successfully
2026-01-21 14:00:45.083 [http-nio-8080-exec-1] DEBUG com.filestorage.security.JwtAuthenticationFilter - JWT token validated for user: userid1
2026-01-21 14:00:45.083 [http-nio-8080-exec-1] DEBUG com.filestorage.service.UserDetailsServiceImpl - Loading user details for username: userid1
2026-01-21 14:00:45.084 [http-nio-8080-exec-6] DEBUG com.filestorage.security.JwtAuthenticationFilter - JWT token validated for user: userid1
2026-01-21 14:00:45.084 [http-nio-8080-exec-6] DEBUG com.filestorage.service.UserDetailsServiceImpl - Loading user details for username: userid1
2026-01-21 14:00:45.086 [http-nio-8080-exec-1] DEBUG com.filestorage.service.UserDetailsServiceImpl - User details loaded successfully for: userid1
2026-01-21 14:00:45.086 [http-nio-8080-exec-6] DEBUG com.filestorage.service.UserDetailsServiceImpl - User details loaded successfully for: userid1
2026-01-21 14:00:45.086 [http-nio-8080-exec-1] DEBUG com.filestorage.security.JwtAuthenticationFilter - User userid1 authenticated successfully via JWT
2026-01-21 14:00:45.086 [http-nio-8080-exec-6] DEBUG com.filestorage.security.JwtAuthenticationFilter - User userid1 authenticated successfully via JWT
2026-01-21 14:00:45.086 [http-nio-8080-exec-1] DEBUG com.filestorage.controller.FileController - Fetching files for user: userid1 in folder: 1
2026-01-21 14:00:45.086 [http-nio-8080-exec-6] DEBUG com.filestorage.controller.FolderController - Fetching folders for user: userid1 in parent folder: 1
2026-01-21 14:00:45.088 [http-nio-8080-exec-1] DEBUG com.filestorage.service.FileStorageService - Fetching files for user ID: 1 in folder ID: 1
2026-01-21 14:00:45.088 [http-nio-8080-exec-6] DEBUG com.filestorage.service.FolderService - Fetching folders for user ID: 1 with parent folder ID: 1
2026-01-21 14:00:45.091 [http-nio-8080-exec-6] DEBUG com.filestorage.service.FolderService - Found 1 folders for user ID: 1
2026-01-21 14:00:45.091 [http-nio-8080-exec-1] DEBUG com.filestorage.service.FileStorageService - Found 1 files for user ID: 1
2026-01-21 14:00:45.091 [http-nio-8080-exec-6] DEBUG com.filestorage.controller.FolderController - Retrieved 1 folders for user: userid1
2026-01-21 14:00:45.091 [http-nio-8080-exec-1] DEBUG com.filestorage.controller.FileController - Retrieved 1 files for user: userid1
2026-01-21 14:00:51.147 [http-nio-8080-exec-9] DEBUG com.filestorage.security.JwtTokenProvider - JWT token validated successfully
2026-01-21 14:00:51.149 [http-nio-8080-exec-9] DEBUG com.filestorage.security.JwtAuthenticationFilter - JWT token validated for user: userid1
2026-01-21 14:00:51.149 [http-nio-8080-exec-9] DEBUG com.filestorage.service.UserDetailsServiceImpl - Loading user details for username: userid1
2026-01-21 14:00:51.152 [http-nio-8080-exec-9] DEBUG com.filestorage.service.UserDetailsServiceImpl - User details loaded successfully for: userid1
2026-01-21 14:00:51.152 [http-nio-8080-exec-9] DEBUG com.filestorage.security.JwtAuthenticationFilter - User userid1 authenticated successfully via JWT
2026-01-21 14:00:51.156 [http-nio-8080-exec-9] INFO  com.filestorage.controller.FolderController - Creating folder 'fasdfasd' for user: userid1 in parent folder: 1
2026-01-21 14:00:51.157 [http-nio-8080-exec-9] INFO  com.filestorage.service.FolderService - Creating folder 'fasdfasd' for user ID: 1 with parent folder ID: 1
2026-01-21 14:00:51.161 [http-nio-8080-exec-9] INFO  com.filestorage.service.FolderService - Folder created successfully with ID: 4
2026-01-21 14:00:51.162 [http-nio-8080-exec-9] INFO  com.filestorage.controller.FolderController - Folder created successfully with ID: 4
2026-01-21 14:00:51.171 [http-nio-8080-exec-5] DEBUG com.filestorage.security.JwtTokenProvider - JWT token validated successfully
2026-01-21 14:00:51.171 [http-nio-8080-exec-3] DEBUG com.filestorage.security.JwtTokenProvider - JWT token validated successfully
2026-01-21 14:00:51.174 [http-nio-8080-exec-3] DEBUG com.filestorage.security.JwtAuthenticationFilter - JWT token validated for user: userid1
2026-01-21 14:00:51.175 [http-nio-8080-exec-3] DEBUG com.filestorage.service.UserDetailsServiceImpl - Loading user details for username: userid1
2026-01-21 14:00:51.175 [http-nio-8080-exec-5] DEBUG com.filestorage.security.JwtAuthenticationFilter - JWT token validated for user: userid1
2026-01-21 14:00:51.175 [http-nio-8080-exec-5] DEBUG com.filestorage.service.UserDetailsServiceImpl - Loading user details for username: userid1
2026-01-21 14:00:51.178 [http-nio-8080-exec-3] DEBUG com.filestorage.service.UserDetailsServiceImpl - User details loaded successfully for: userid1
2026-01-21 14:00:51.178 [http-nio-8080-exec-3] DEBUG com.filestorage.security.JwtAuthenticationFilter - User userid1 authenticated successfully via JWT
2026-01-21 14:00:51.178 [http-nio-8080-exec-5] DEBUG com.filestorage.service.UserDetailsServiceImpl - User details loaded successfully for: userid1
2026-01-21 14:00:51.178 [http-nio-8080-exec-5] DEBUG com.filestorage.security.JwtAuthenticationFilter - User userid1 authenticated successfully via JWT
2026-01-21 14:00:51.179 [http-nio-8080-exec-5] DEBUG com.filestorage.controller.FolderController - Fetching folders for user: userid1 in parent folder: 1
2026-01-21 14:00:51.179 [http-nio-8080-exec-3] DEBUG com.filestorage.controller.FileController - Fetching files for user: userid1 in folder: 1
2026-01-21 14:00:51.181 [http-nio-8080-exec-5] DEBUG com.filestorage.service.FolderService - Fetching folders for user ID: 1 with parent folder ID: 1
2026-01-21 14:00:51.181 [http-nio-8080-exec-3] DEBUG com.filestorage.service.FileStorageService - Fetching files for user ID: 1 in folder ID: 1
2026-01-21 14:00:51.185 [http-nio-8080-exec-3] DEBUG com.filestorage.service.FileStorageService - Found 1 files for user ID: 1
2026-01-21 14:00:51.186 [http-nio-8080-exec-3] DEBUG com.filestorage.controller.FileController - Retrieved 1 files for user: userid1
2026-01-21 14:00:51.186 [http-nio-8080-exec-5] DEBUG com.filestorage.service.FolderService - Found 2 folders for user ID: 1
2026-01-21 14:00:51.186 [http-nio-8080-exec-5] DEBUG com.filestorage.controller.FolderController - Retrieved 2 folders for user: userid1
2026-01-21 14:01:12.011 [http-nio-8080-exec-6] DEBUG com.filestorage.security.JwtTokenProvider - JWT token validated successfully
2026-01-21 14:01:12.011 [http-nio-8080-exec-1] DEBUG com.filestorage.security.JwtTokenProvider - JWT token validated successfully
2026-01-21 14:01:12.013 [http-nio-8080-exec-6] DEBUG com.filestorage.security.JwtAuthenticationFilter - JWT token validated for user: userid1
2026-01-21 14:01:12.013 [http-nio-8080-exec-6] DEBUG com.filestorage.service.UserDetailsServiceImpl - Loading user details for username: userid1
2026-01-21 14:01:12.013 [http-nio-8080-exec-1] DEBUG com.filestorage.security.JwtAuthenticationFilter - JWT token validated for user: userid1
2026-01-21 14:01:12.013 [http-nio-8080-exec-1] DEBUG com.filestorage.service.UserDetailsServiceImpl - Loading user details for username: userid1
2026-01-21 14:01:12.015 [http-nio-8080-exec-1] DEBUG com.filestorage.service.UserDetailsServiceImpl - User details loaded successfully for: userid1
2026-01-21 14:01:12.015 [http-nio-8080-exec-6] DEBUG com.filestorage.service.UserDetailsServiceImpl - User details loaded successfully for: userid1
2026-01-21 14:01:12.015 [http-nio-8080-exec-1] DEBUG com.filestorage.security.JwtAuthenticationFilter - User userid1 authenticated successfully via JWT
2026-01-21 14:01:12.015 [http-nio-8080-exec-6] DEBUG com.filestorage.security.JwtAuthenticationFilter - User userid1 authenticated successfully via JWT
2026-01-21 14:01:12.015 [http-nio-8080-exec-1] DEBUG com.filestorage.controller.FolderController - Fetching folders for user: userid1 in parent folder: null
2026-01-21 14:01:12.015 [http-nio-8080-exec-6] DEBUG com.filestorage.controller.FileController - Fetching files for user: userid1 in folder: null
2026-01-21 14:01:12.016 [http-nio-8080-exec-1] DEBUG com.filestorage.service.FolderService - Fetching folders for user ID: 1 with parent folder ID: null
2026-01-21 14:01:12.016 [http-nio-8080-exec-6] DEBUG com.filestorage.service.FileStorageService - Fetching files for user ID: 1 in folder ID: null
2026-01-21 14:01:12.018 [http-nio-8080-exec-6] DEBUG com.filestorage.service.FileStorageService - Found 0 files for user ID: 1
2026-01-21 14:01:12.018 [http-nio-8080-exec-6] DEBUG com.filestorage.controller.FileController - Retrieved 0 files for user: userid1
2026-01-21 14:01:12.018 [http-nio-8080-exec-1] DEBUG com.filestorage.service.FolderService - Found 1 folders for user ID: 1
2026-01-21 14:01:12.018 [http-nio-8080-exec-1] DEBUG com.filestorage.controller.FolderController - Retrieved 1 folders for user: userid1
2026-01-21 14:02:21.282 [http-nio-8080-exec-3] DEBUG com.filestorage.security.JwtTokenProvider - JWT token validated successfully
2026-01-21 14:02:21.282 [http-nio-8080-exec-8] DEBUG com.filestorage.security.JwtTokenProvider - JWT token validated successfully
2026-01-21 14:02:21.284 [http-nio-8080-exec-8] DEBUG com.filestorage.security.JwtAuthenticationFilter - JWT token validated for user: userid1
2026-01-21 14:02:21.284 [http-nio-8080-exec-3] DEBUG com.filestorage.security.JwtAuthenticationFilter - JWT token validated for user: userid1
2026-01-21 14:02:21.284 [http-nio-8080-exec-8] DEBUG com.filestorage.service.UserDetailsServiceImpl - Loading user details for username: userid1
2026-01-21 14:02:21.284 [http-nio-8080-exec-3] DEBUG com.filestorage.service.UserDetailsServiceImpl - Loading user details for username: userid1
2026-01-21 14:02:21.287 [http-nio-8080-exec-8] DEBUG com.filestorage.service.UserDetailsServiceImpl - User details loaded successfully for: userid1
2026-01-21 14:02:21.287 [http-nio-8080-exec-8] DEBUG com.filestorage.security.JwtAuthenticationFilter - User userid1 authenticated successfully via JWT
2026-01-21 14:02:21.288 [http-nio-8080-exec-8] DEBUG com.filestorage.controller.FileController - Fetching files for user: userid1 in folder: null
2026-01-21 14:02:21.287 [http-nio-8080-exec-3] DEBUG com.filestorage.service.UserDetailsServiceImpl - User details loaded successfully for: userid1
2026-01-21 14:02:21.292 [http-nio-8080-exec-3] DEBUG com.filestorage.security.JwtAuthenticationFilter - User userid1 authenticated successfully via JWT
2026-01-21 14:02:21.292 [http-nio-8080-exec-8] DEBUG com.filestorage.service.FileStorageService - Fetching files for user ID: 1 in folder ID: null
2026-01-21 14:02:21.295 [http-nio-8080-exec-3] DEBUG com.filestorage.controller.FolderController - Fetching folders for user: userid1 in parent folder: null
2026-01-21 14:02:21.297 [http-nio-8080-exec-8] DEBUG com.filestorage.service.FileStorageService - Found 0 files for user ID: 1
2026-01-21 14:02:21.298 [http-nio-8080-exec-3] DEBUG com.filestorage.service.FolderService - Fetching folders for user ID: 1 with parent folder ID: null
2026-01-21 14:02:21.298 [http-nio-8080-exec-8] DEBUG com.filestorage.controller.FileController - Retrieved 0 files for user: userid1
2026-01-21 14:02:21.302 [http-nio-8080-exec-3] DEBUG com.filestorage.service.FolderService - Found 1 folders for user ID: 1
2026-01-21 14:02:21.302 [http-nio-8080-exec-3] DEBUG com.filestorage.controller.FolderController - Retrieved 1 folders for user: userid1
2026-01-21 14:02:23.770 [http-nio-8080-exec-10] DEBUG com.filestorage.security.JwtTokenProvider - JWT token validated successfully
2026-01-21 14:02:23.771 [http-nio-8080-exec-5] DEBUG com.filestorage.security.JwtTokenProvider - JWT token validated successfully
2026-01-21 14:02:23.772 [http-nio-8080-exec-10] DEBUG com.filestorage.security.JwtAuthenticationFilter - JWT token validated for user: userid1
2026-01-21 14:02:23.772 [http-nio-8080-exec-10] DEBUG com.filestorage.service.UserDetailsServiceImpl - Loading user details for username: userid1
2026-01-21 14:02:23.772 [http-nio-8080-exec-5] DEBUG com.filestorage.security.JwtAuthenticationFilter - JWT token validated for user: userid1
2026-01-21 14:02:23.773 [http-nio-8080-exec-5] DEBUG com.filestorage.service.UserDetailsServiceImpl - Loading user details for username: userid1
2026-01-21 14:02:23.774 [http-nio-8080-exec-5] DEBUG com.filestorage.service.UserDetailsServiceImpl - User details loaded successfully for: userid1
2026-01-21 14:02:23.774 [http-nio-8080-exec-10] DEBUG com.filestorage.service.UserDetailsServiceImpl - User details loaded successfully for: userid1
2026-01-21 14:02:23.774 [http-nio-8080-exec-5] DEBUG com.filestorage.security.JwtAuthenticationFilter - User userid1 authenticated successfully via JWT
2026-01-21 14:02:23.774 [http-nio-8080-exec-10] DEBUG com.filestorage.security.JwtAuthenticationFilter - User userid1 authenticated successfully via JWT
2026-01-21 14:02:23.775 [http-nio-8080-exec-5] DEBUG com.filestorage.controller.FolderController - Fetching folders for user: userid1 in parent folder: null
2026-01-21 14:02:23.775 [http-nio-8080-exec-10] DEBUG com.filestorage.controller.FileController - Fetching files for user: userid1 in folder: null
2026-01-21 14:02:23.777 [http-nio-8080-exec-10] DEBUG com.filestorage.service.FileStorageService - Fetching files for user ID: 1 in folder ID: null
2026-01-21 14:02:23.777 [http-nio-8080-exec-5] DEBUG com.filestorage.service.FolderService - Fetching folders for user ID: 1 with parent folder ID: null
2026-01-21 14:02:23.779 [http-nio-8080-exec-10] DEBUG com.filestorage.service.FileStorageService - Found 0 files for user ID: 1
2026-01-21 14:02:23.779 [http-nio-8080-exec-10] DEBUG com.filestorage.controller.FileController - Retrieved 0 files for user: userid1
2026-01-21 14:02:23.780 [http-nio-8080-exec-5] DEBUG com.filestorage.service.FolderService - Found 1 folders for user ID: 1
2026-01-21 14:02:23.780 [http-nio-8080-exec-5] DEBUG com.filestorage.controller.FolderController - Retrieved 1 folders for user: userid1
2026-01-21 14:02:28.002 [http-nio-8080-exec-1] DEBUG com.filestorage.security.JwtTokenProvider - JWT token validated successfully
2026-01-21 14:02:28.002 [http-nio-8080-exec-9] DEBUG com.filestorage.security.JwtTokenProvider - JWT token validated successfully
2026-01-21 14:02:28.003 [http-nio-8080-exec-1] DEBUG com.filestorage.security.JwtAuthenticationFilter - JWT token validated for user: userid1
2026-01-21 14:02:28.003 [http-nio-8080-exec-1] DEBUG com.filestorage.service.UserDetailsServiceImpl - Loading user details for username: userid1
2026-01-21 14:02:28.003 [http-nio-8080-exec-9] DEBUG com.filestorage.security.JwtAuthenticationFilter - JWT token validated for user: userid1
2026-01-21 14:02:28.004 [http-nio-8080-exec-9] DEBUG com.filestorage.service.UserDetailsServiceImpl - Loading user details for username: userid1
2026-01-21 14:02:28.005 [http-nio-8080-exec-1] DEBUG com.filestorage.service.UserDetailsServiceImpl - User details loaded successfully for: userid1
2026-01-21 14:02:28.005 [http-nio-8080-exec-1] DEBUG com.filestorage.security.JwtAuthenticationFilter - User userid1 authenticated successfully via JWT
2026-01-21 14:02:28.005 [http-nio-8080-exec-9] DEBUG com.filestorage.service.UserDetailsServiceImpl - User details loaded successfully for: userid1
2026-01-21 14:02:28.005 [http-nio-8080-exec-9] DEBUG com.filestorage.security.JwtAuthenticationFilter - User userid1 authenticated successfully via JWT
2026-01-21 14:02:28.006 [http-nio-8080-exec-9] DEBUG com.filestorage.controller.FolderController - Fetching folders for user: userid1 in parent folder: 1
2026-01-21 14:02:28.006 [http-nio-8080-exec-1] DEBUG com.filestorage.controller.FileController - Fetching files for user: userid1 in folder: 1
2026-01-21 14:02:28.007 [http-nio-8080-exec-9] DEBUG com.filestorage.service.FolderService - Fetching folders for user ID: 1 with parent folder ID: 1
2026-01-21 14:02:28.007 [http-nio-8080-exec-1] DEBUG com.filestorage.service.FileStorageService - Fetching files for user ID: 1 in folder ID: 1
2026-01-21 14:02:28.011 [http-nio-8080-exec-1] DEBUG com.filestorage.service.FileStorageService - Found 1 files for user ID: 1
2026-01-21 14:02:28.011 [http-nio-8080-exec-1] DEBUG com.filestorage.controller.FileController - Retrieved 1 files for user: userid1
2026-01-21 14:02:28.013 [http-nio-8080-exec-9] DEBUG com.filestorage.service.FolderService - Found 2 folders for user ID: 1
2026-01-21 14:02:28.013 [http-nio-8080-exec-9] DEBUG com.filestorage.controller.FolderController - Retrieved 2 folders for user: userid1
2026-01-21 14:05:27.338 [http-nio-8080-exec-10] DEBUG com.filestorage.security.JwtTokenProvider - JWT token validated successfully
2026-01-21 14:05:27.338 [http-nio-8080-exec-5] DEBUG com.filestorage.security.JwtTokenProvider - JWT token validated successfully
2026-01-21 14:05:27.340 [http-nio-8080-exec-10] DEBUG com.filestorage.security.JwtAuthenticationFilter - JWT token validated for user: userid1
2026-01-21 14:05:27.340 [http-nio-8080-exec-5] DEBUG com.filestorage.security.JwtAuthenticationFilter - JWT token validated for user: userid1
2026-01-21 14:05:27.340 [http-nio-8080-exec-10] DEBUG com.filestorage.service.UserDetailsServiceImpl - Loading user details for username: userid1
2026-01-21 14:05:27.340 [http-nio-8080-exec-5] DEBUG com.filestorage.service.UserDetailsServiceImpl - Loading user details for username: userid1
2026-01-21 14:05:27.342 [http-nio-8080-exec-10] DEBUG com.filestorage.service.UserDetailsServiceImpl - User details loaded successfully for: userid1
2026-01-21 14:05:27.342 [http-nio-8080-exec-5] DEBUG com.filestorage.service.UserDetailsServiceImpl - User details loaded successfully for: userid1
2026-01-21 14:05:27.342 [http-nio-8080-exec-10] DEBUG com.filestorage.security.JwtAuthenticationFilter - User userid1 authenticated successfully via JWT
2026-01-21 14:05:27.342 [http-nio-8080-exec-5] DEBUG com.filestorage.security.JwtAuthenticationFilter - User userid1 authenticated successfully via JWT
2026-01-21 14:05:27.343 [http-nio-8080-exec-10] DEBUG com.filestorage.controller.FolderController - Fetching folders for user: userid1 in parent folder: null
2026-01-21 14:05:27.343 [http-nio-8080-exec-5] DEBUG com.filestorage.controller.FileController - Fetching files for user: userid1 in folder: null
2026-01-21 14:05:27.345 [http-nio-8080-exec-10] DEBUG com.filestorage.service.FolderService - Fetching folders for user ID: 1 with parent folder ID: null
2026-01-21 14:05:27.345 [http-nio-8080-exec-5] DEBUG com.filestorage.service.FileStorageService - Fetching files for user ID: 1 in folder ID: null
2026-01-21 14:05:27.347 [http-nio-8080-exec-5] DEBUG com.filestorage.service.FileStorageService - Found 0 files for user ID: 1
2026-01-21 14:05:27.347 [http-nio-8080-exec-5] DEBUG com.filestorage.controller.FileController - Retrieved 0 files for user: userid1
2026-01-21 14:05:27.347 [http-nio-8080-exec-10] DEBUG com.filestorage.service.FolderService - Found 1 folders for user ID: 1
2026-01-21 14:05:27.347 [http-nio-8080-exec-10] DEBUG com.filestorage.controller.FolderController - Retrieved 1 folders for user: userid1
2026-01-21 14:05:30.353 [http-nio-8080-exec-1] DEBUG com.filestorage.security.JwtTokenProvider - JWT token validated successfully
2026-01-21 14:05:30.353 [http-nio-8080-exec-9] DEBUG com.filestorage.security.JwtTokenProvider - JWT token validated successfully
2026-01-21 14:05:30.354 [http-nio-8080-exec-1] DEBUG com.filestorage.security.JwtAuthenticationFilter - JWT token validated for user: userid1
2026-01-21 14:05:30.354 [http-nio-8080-exec-1] DEBUG com.filestorage.service.UserDetailsServiceImpl - Loading user details for username: userid1
2026-01-21 14:05:30.355 [http-nio-8080-exec-9] DEBUG com.filestorage.security.JwtAuthenticationFilter - JWT token validated for user: userid1
2026-01-21 14:05:30.355 [http-nio-8080-exec-9] DEBUG com.filestorage.service.UserDetailsServiceImpl - Loading user details for username: userid1
2026-01-21 14:05:30.357 [http-nio-8080-exec-1] DEBUG com.filestorage.service.UserDetailsServiceImpl - User details loaded successfully for: userid1
2026-01-21 14:05:30.357 [http-nio-8080-exec-1] DEBUG com.filestorage.security.JwtAuthenticationFilter - User userid1 authenticated successfully via JWT
2026-01-21 14:05:30.358 [http-nio-8080-exec-9] DEBUG com.filestorage.service.UserDetailsServiceImpl - User details loaded successfully for: userid1
2026-01-21 14:05:30.358 [http-nio-8080-exec-9] DEBUG com.filestorage.security.JwtAuthenticationFilter - User userid1 authenticated successfully via JWT
2026-01-21 14:05:30.358 [http-nio-8080-exec-1] DEBUG com.filestorage.controller.FolderController - Fetching folders for user: userid1 in parent folder: 1
2026-01-21 14:05:30.360 [http-nio-8080-exec-9] DEBUG com.filestorage.controller.FileController - Fetching files for user: userid1 in folder: 1
2026-01-21 14:05:30.362 [http-nio-8080-exec-9] DEBUG com.filestorage.service.FileStorageService - Fetching files for user ID: 1 in folder ID: 1
2026-01-21 14:05:30.366 [http-nio-8080-exec-9] DEBUG com.filestorage.service.FileStorageService - Found 1 files for user ID: 1
2026-01-21 14:05:30.366 [http-nio-8080-exec-9] DEBUG com.filestorage.controller.FileController - Retrieved 1 files for user: userid1
2026-01-21 14:05:30.369 [http-nio-8080-exec-1] DEBUG com.filestorage.service.FolderService - Fetching folders for user ID: 1 with parent folder ID: 1
2026-01-21 14:05:30.373 [http-nio-8080-exec-1] DEBUG com.filestorage.service.FolderService - Found 2 folders for user ID: 1
2026-01-21 14:05:30.373 [http-nio-8080-exec-1] DEBUG com.filestorage.controller.FolderController - Retrieved 2 folders for user: userid1
2026-01-21 14:06:12.031 [http-nio-8080-exec-4] DEBUG com.filestorage.security.JwtTokenProvider - JWT token validated successfully
2026-01-21 14:06:12.032 [http-nio-8080-exec-4] DEBUG com.filestorage.security.JwtAuthenticationFilter - JWT token validated for user: userid1
2026-01-21 14:06:12.033 [http-nio-8080-exec-4] DEBUG com.filestorage.service.UserDetailsServiceImpl - Loading user details for username: userid1
2026-01-21 14:06:12.035 [http-nio-8080-exec-4] DEBUG com.filestorage.service.UserDetailsServiceImpl - User details loaded successfully for: userid1
2026-01-21 14:06:12.036 [http-nio-8080-exec-4] DEBUG com.filestorage.security.JwtAuthenticationFilter - User userid1 authenticated successfully via JWT
2026-01-21 14:06:12.194 [http-nio-8080-exec-4] INFO  com.filestorage.controller.FileController - File upload requested: PXL_20250525_155859501.jpg (size: 3293751 bytes) by user: userid1
2026-01-21 14:06:12.197 [http-nio-8080-exec-4] DEBUG com.filestorage.service.FileStorageService - Storing file: PXL_20250525_155859501.jpg for user ID: 1 in folder ID: 1
2026-01-21 14:06:12.203 [http-nio-8080-exec-4] DEBUG com.filestorage.service.FileStorageService - User storage path created/verified: .\uploads\1
2026-01-21 14:06:12.220 [http-nio-8080-exec-4] DEBUG com.filestorage.service.FileStorageService - File copied to: .\uploads\1\6dfcac7e-976e-4b7d-9a62-574bbe36c930_PXL_20250525_155859501.jpg
2026-01-21 14:06:12.225 [http-nio-8080-exec-4] INFO  com.filestorage.service.FileStorageService - File stored successfully: PXL_20250525_155859501.jpg with metadata ID: 6
2026-01-21 14:06:12.225 [http-nio-8080-exec-4] INFO  com.filestorage.controller.FileController - File uploaded successfully: PXL_20250525_155859501.jpg with ID: 6
2026-01-21 14:06:12.240 [http-nio-8080-exec-5] DEBUG com.filestorage.security.JwtTokenProvider - JWT token validated successfully
2026-01-21 14:06:12.240 [http-nio-8080-exec-10] DEBUG com.filestorage.security.JwtTokenProvider - JWT token validated successfully
2026-01-21 14:06:12.242 [http-nio-8080-exec-10] DEBUG com.filestorage.security.JwtAuthenticationFilter - JWT token validated for user: userid1
2026-01-21 14:06:12.243 [http-nio-8080-exec-10] DEBUG com.filestorage.service.UserDetailsServiceImpl - Loading user details for username: userid1
2026-01-21 14:06:12.243 [http-nio-8080-exec-5] DEBUG com.filestorage.security.JwtAuthenticationFilter - JWT token validated for user: userid1
2026-01-21 14:06:12.243 [http-nio-8080-exec-5] DEBUG com.filestorage.service.UserDetailsServiceImpl - Loading user details for username: userid1
2026-01-21 14:06:12.244 [http-nio-8080-exec-10] DEBUG com.filestorage.service.UserDetailsServiceImpl - User details loaded successfully for: userid1
2026-01-21 14:06:12.244 [http-nio-8080-exec-5] DEBUG com.filestorage.service.UserDetailsServiceImpl - User details loaded successfully for: userid1
2026-01-21 14:06:12.244 [http-nio-8080-exec-10] DEBUG com.filestorage.security.JwtAuthenticationFilter - User userid1 authenticated successfully via JWT
2026-01-21 14:06:12.245 [http-nio-8080-exec-5] DEBUG com.filestorage.security.JwtAuthenticationFilter - User userid1 authenticated successfully via JWT
2026-01-21 14:06:12.246 [http-nio-8080-exec-5] DEBUG com.filestorage.controller.FolderController - Fetching folders for user: userid1 in parent folder: 1
2026-01-21 14:06:12.246 [http-nio-8080-exec-10] DEBUG com.filestorage.controller.FileController - Fetching files for user: userid1 in folder: 1
2026-01-21 14:06:12.247 [http-nio-8080-exec-5] DEBUG com.filestorage.service.FolderService - Fetching folders for user ID: 1 with parent folder ID: 1
2026-01-21 14:06:12.247 [http-nio-8080-exec-10] DEBUG com.filestorage.service.FileStorageService - Fetching files for user ID: 1 in folder ID: 1
2026-01-21 14:06:12.252 [http-nio-8080-exec-10] DEBUG com.filestorage.service.FileStorageService - Found 2 files for user ID: 1
2026-01-21 14:06:12.252 [http-nio-8080-exec-5] DEBUG com.filestorage.service.FolderService - Found 2 folders for user ID: 1
2026-01-21 14:06:12.252 [http-nio-8080-exec-10] DEBUG com.filestorage.controller.FileController - Retrieved 2 files for user: userid1
2026-01-21 14:06:12.252 [http-nio-8080-exec-5] DEBUG com.filestorage.controller.FolderController - Retrieved 2 folders for user: userid1
2026-01-21 14:10:32.920 [http-nio-8080-exec-7] DEBUG com.filestorage.security.JwtTokenProvider - JWT token validated successfully
2026-01-21 14:10:32.920 [http-nio-8080-exec-4] DEBUG com.filestorage.security.JwtTokenProvider - JWT token validated successfully
2026-01-21 14:10:32.921 [http-nio-8080-exec-7] DEBUG com.filestorage.security.JwtAuthenticationFilter - JWT token validated for user: userid1
2026-01-21 14:10:32.922 [http-nio-8080-exec-7] DEBUG com.filestorage.service.UserDetailsServiceImpl - Loading user details for username: userid1
2026-01-21 14:10:32.922 [http-nio-8080-exec-4] DEBUG com.filestorage.security.JwtAuthenticationFilter - JWT token validated for user: userid1
2026-01-21 14:10:32.922 [http-nio-8080-exec-4] DEBUG com.filestorage.service.UserDetailsServiceImpl - Loading user details for username: userid1
2026-01-21 14:10:32.926 [http-nio-8080-exec-7] DEBUG com.filestorage.service.UserDetailsServiceImpl - User details loaded successfully for: userid1
2026-01-21 14:10:32.926 [http-nio-8080-exec-4] DEBUG com.filestorage.service.UserDetailsServiceImpl - User details loaded successfully for: userid1
2026-01-21 14:10:32.926 [http-nio-8080-exec-7] DEBUG com.filestorage.security.JwtAuthenticationFilter - User userid1 authenticated successfully via JWT
2026-01-21 14:10:32.926 [http-nio-8080-exec-4] DEBUG com.filestorage.security.JwtAuthenticationFilter - User userid1 authenticated successfully via JWT
2026-01-21 14:10:32.927 [http-nio-8080-exec-4] DEBUG com.filestorage.controller.FileController - Fetching files for user: userid1 in folder: 3
2026-01-21 14:10:32.927 [http-nio-8080-exec-7] DEBUG com.filestorage.controller.FolderController - Fetching folders for user: userid1 in parent folder: 3
2026-01-21 14:10:32.928 [http-nio-8080-exec-7] DEBUG com.filestorage.service.FolderService - Fetching folders for user ID: 1 with parent folder ID: 3
2026-01-21 14:10:32.928 [http-nio-8080-exec-4] DEBUG com.filestorage.service.FileStorageService - Fetching files for user ID: 1 in folder ID: 3
2026-01-21 14:10:32.932 [http-nio-8080-exec-7] DEBUG com.filestorage.service.FolderService - Found 0 folders for user ID: 1
2026-01-21 14:10:32.932 [http-nio-8080-exec-4] DEBUG com.filestorage.service.FileStorageService - Found 0 files for user ID: 1
2026-01-21 14:10:32.932 [http-nio-8080-exec-7] DEBUG com.filestorage.controller.FolderController - Retrieved 0 folders for user: userid1
2026-01-21 14:10:32.932 [http-nio-8080-exec-4] DEBUG com.filestorage.controller.FileController - Retrieved 0 files for user: userid1
2026-01-21 14:10:34.974 [http-nio-8080-exec-10] DEBUG com.filestorage.security.JwtTokenProvider - JWT token validated successfully
2026-01-21 14:10:34.974 [http-nio-8080-exec-5] DEBUG com.filestorage.security.JwtTokenProvider - JWT token validated successfully
2026-01-21 14:10:34.976 [http-nio-8080-exec-10] DEBUG com.filestorage.security.JwtAuthenticationFilter - JWT token validated for user: userid1
2026-01-21 14:10:34.976 [http-nio-8080-exec-5] DEBUG com.filestorage.security.JwtAuthenticationFilter - JWT token validated for user: userid1
2026-01-21 14:10:34.976 [http-nio-8080-exec-10] DEBUG com.filestorage.service.UserDetailsServiceImpl - Loading user details for username: userid1
2026-01-21 14:10:34.976 [http-nio-8080-exec-5] DEBUG com.filestorage.service.UserDetailsServiceImpl - Loading user details for username: userid1
2026-01-21 14:10:34.978 [http-nio-8080-exec-10] DEBUG com.filestorage.service.UserDetailsServiceImpl - User details loaded successfully for: userid1
2026-01-21 14:10:34.978 [http-nio-8080-exec-5] DEBUG com.filestorage.service.UserDetailsServiceImpl - User details loaded successfully for: userid1
2026-01-21 14:10:34.978 [http-nio-8080-exec-10] DEBUG com.filestorage.security.JwtAuthenticationFilter - User userid1 authenticated successfully via JWT
2026-01-21 14:10:34.978 [http-nio-8080-exec-5] DEBUG com.filestorage.security.JwtAuthenticationFilter - User userid1 authenticated successfully via JWT
2026-01-21 14:10:34.978 [http-nio-8080-exec-5] DEBUG com.filestorage.controller.FolderController - Fetching folders for user: userid1 in parent folder: null
2026-01-21 14:10:34.978 [http-nio-8080-exec-10] DEBUG com.filestorage.controller.FileController - Fetching files for user: userid1 in folder: null
2026-01-21 14:10:34.979 [http-nio-8080-exec-5] DEBUG com.filestorage.service.FolderService - Fetching folders for user ID: 1 with parent folder ID: null
2026-01-21 14:10:34.979 [http-nio-8080-exec-10] DEBUG com.filestorage.service.FileStorageService - Fetching files for user ID: 1 in folder ID: null
2026-01-21 14:10:34.980 [http-nio-8080-exec-10] DEBUG com.filestorage.service.FileStorageService - Found 0 files for user ID: 1
2026-01-21 14:10:34.981 [http-nio-8080-exec-10] DEBUG com.filestorage.controller.FileController - Retrieved 0 files for user: userid1
2026-01-21 14:10:34.981 [http-nio-8080-exec-5] DEBUG com.filestorage.service.FolderService - Found 1 folders for user ID: 1
2026-01-21 14:10:34.981 [http-nio-8080-exec-5] DEBUG com.filestorage.controller.FolderController - Retrieved 1 folders for user: userid1
2026-01-21 14:10:37.030 [http-nio-8080-exec-1] DEBUG com.filestorage.security.JwtTokenProvider - JWT token validated successfully
2026-01-21 14:10:37.030 [http-nio-8080-exec-9] DEBUG com.filestorage.security.JwtTokenProvider - JWT token validated successfully
2026-01-21 14:10:37.032 [http-nio-8080-exec-1] DEBUG com.filestorage.security.JwtAuthenticationFilter - JWT token validated for user: userid1
2026-01-21 14:10:37.032 [http-nio-8080-exec-1] DEBUG com.filestorage.service.UserDetailsServiceImpl - Loading user details for username: userid1
2026-01-21 14:10:37.032 [http-nio-8080-exec-9] DEBUG com.filestorage.security.JwtAuthenticationFilter - JWT token validated for user: userid1
2026-01-21 14:10:37.033 [http-nio-8080-exec-9] DEBUG com.filestorage.service.UserDetailsServiceImpl - Loading user details for username: userid1
2026-01-21 14:10:37.034 [http-nio-8080-exec-9] DEBUG com.filestorage.service.UserDetailsServiceImpl - User details loaded successfully for: userid1
2026-01-21 14:10:37.034 [http-nio-8080-exec-1] DEBUG com.filestorage.service.UserDetailsServiceImpl - User details loaded successfully for: userid1
2026-01-21 14:10:37.034 [http-nio-8080-exec-9] DEBUG com.filestorage.security.JwtAuthenticationFilter - User userid1 authenticated successfully via JWT
2026-01-21 14:10:37.034 [http-nio-8080-exec-1] DEBUG com.filestorage.security.JwtAuthenticationFilter - User userid1 authenticated successfully via JWT
2026-01-21 14:10:37.036 [http-nio-8080-exec-1] DEBUG com.filestorage.controller.FolderController - Fetching folders for user: userid1 in parent folder: 1
2026-01-21 14:10:37.036 [http-nio-8080-exec-9] DEBUG com.filestorage.controller.FileController - Fetching files for user: userid1 in folder: 1
2026-01-21 14:10:37.038 [http-nio-8080-exec-9] DEBUG com.filestorage.service.FileStorageService - Fetching files for user ID: 1 in folder ID: 1
2026-01-21 14:10:37.038 [http-nio-8080-exec-1] DEBUG com.filestorage.service.FolderService - Fetching folders for user ID: 1 with parent folder ID: 1
2026-01-21 14:10:37.042 [http-nio-8080-exec-9] DEBUG com.filestorage.service.FileStorageService - Found 2 files for user ID: 1
2026-01-21 14:10:37.042 [http-nio-8080-exec-9] DEBUG com.filestorage.controller.FileController - Retrieved 2 files for user: userid1
2026-01-21 14:10:37.042 [http-nio-8080-exec-1] DEBUG com.filestorage.service.FolderService - Found 2 folders for user ID: 1
2026-01-21 14:10:37.042 [http-nio-8080-exec-1] DEBUG com.filestorage.controller.FolderController - Retrieved 2 folders for user: userid1
2026-01-21 14:10:58.630 [http-nio-8080-exec-3] DEBUG com.filestorage.security.JwtTokenProvider - JWT token validated successfully
2026-01-21 14:10:58.630 [http-nio-8080-exec-8] DEBUG com.filestorage.security.JwtTokenProvider - JWT token validated successfully
2026-01-21 14:10:58.636 [http-nio-8080-exec-8] DEBUG com.filestorage.security.JwtAuthenticationFilter - JWT token validated for user: userid1
2026-01-21 14:10:58.636 [http-nio-8080-exec-8] DEBUG com.filestorage.service.UserDetailsServiceImpl - Loading user details for username: userid1
2026-01-21 14:10:58.636 [http-nio-8080-exec-3] DEBUG com.filestorage.security.JwtAuthenticationFilter - JWT token validated for user: userid1
2026-01-21 14:10:58.637 [http-nio-8080-exec-3] DEBUG com.filestorage.service.UserDetailsServiceImpl - Loading user details for username: userid1
2026-01-21 14:10:58.639 [http-nio-8080-exec-3] DEBUG com.filestorage.service.UserDetailsServiceImpl - User details loaded successfully for: userid1
2026-01-21 14:10:58.639 [http-nio-8080-exec-8] DEBUG com.filestorage.service.UserDetailsServiceImpl - User details loaded successfully for: userid1
2026-01-21 14:10:58.639 [http-nio-8080-exec-3] DEBUG com.filestorage.security.JwtAuthenticationFilter - User userid1 authenticated successfully via JWT
2026-01-21 14:10:58.639 [http-nio-8080-exec-8] DEBUG com.filestorage.security.JwtAuthenticationFilter - User userid1 authenticated successfully via JWT
2026-01-21 14:10:58.640 [http-nio-8080-exec-8] DEBUG com.filestorage.controller.FileController - Fetching files for user: userid1 in folder: null
2026-01-21 14:10:58.640 [http-nio-8080-exec-3] DEBUG com.filestorage.controller.FolderController - Fetching folders for user: userid1 in parent folder: null
2026-01-21 14:10:58.642 [http-nio-8080-exec-8] DEBUG com.filestorage.service.FileStorageService - Fetching files for user ID: 1 in folder ID: null
2026-01-21 14:10:58.642 [http-nio-8080-exec-3] DEBUG com.filestorage.service.FolderService - Fetching folders for user ID: 1 with parent folder ID: null
2026-01-21 14:10:58.643 [http-nio-8080-exec-8] DEBUG com.filestorage.service.FileStorageService - Found 0 files for user ID: 1
2026-01-21 14:10:58.643 [http-nio-8080-exec-8] DEBUG com.filestorage.controller.FileController - Retrieved 0 files for user: userid1
2026-01-21 14:10:58.643 [http-nio-8080-exec-3] DEBUG com.filestorage.service.FolderService - Found 1 folders for user ID: 1
2026-01-21 14:10:58.644 [http-nio-8080-exec-3] DEBUG com.filestorage.controller.FolderController - Retrieved 1 folders for user: userid1
2026-01-21 14:11:01.695 [http-nio-8080-exec-6] DEBUG com.filestorage.security.JwtTokenProvider - JWT token validated successfully
2026-01-21 14:11:01.695 [http-nio-8080-exec-2] DEBUG com.filestorage.security.JwtTokenProvider - JWT token validated successfully
2026-01-21 14:11:01.697 [http-nio-8080-exec-6] DEBUG com.filestorage.security.JwtAuthenticationFilter - JWT token validated for user: userid1
2026-01-21 14:11:01.697 [http-nio-8080-exec-6] DEBUG com.filestorage.service.UserDetailsServiceImpl - Loading user details for username: userid1
2026-01-21 14:11:01.701 [http-nio-8080-exec-2] DEBUG com.filestorage.security.JwtAuthenticationFilter - JWT token validated for user: userid1
2026-01-21 14:11:01.701 [http-nio-8080-exec-2] DEBUG com.filestorage.service.UserDetailsServiceImpl - Loading user details for username: userid1
2026-01-21 14:11:01.702 [http-nio-8080-exec-6] DEBUG com.filestorage.service.UserDetailsServiceImpl - User details loaded successfully for: userid1
2026-01-21 14:11:01.702 [http-nio-8080-exec-6] DEBUG com.filestorage.security.JwtAuthenticationFilter - User userid1 authenticated successfully via JWT
2026-01-21 14:11:01.703 [http-nio-8080-exec-2] DEBUG com.filestorage.service.UserDetailsServiceImpl - User details loaded successfully for: userid1
2026-01-21 14:11:01.703 [http-nio-8080-exec-2] DEBUG com.filestorage.security.JwtAuthenticationFilter - User userid1 authenticated successfully via JWT
2026-01-21 14:11:01.703 [http-nio-8080-exec-6] DEBUG com.filestorage.controller.FolderController - Fetching folders for user: userid1 in parent folder: 1
2026-01-21 14:11:01.703 [http-nio-8080-exec-2] DEBUG com.filestorage.controller.FileController - Fetching files for user: userid1 in folder: 1
2026-01-21 14:11:01.707 [http-nio-8080-exec-6] DEBUG com.filestorage.service.FolderService - Fetching folders for user ID: 1 with parent folder ID: 1
2026-01-21 14:11:01.707 [http-nio-8080-exec-2] DEBUG com.filestorage.service.FileStorageService - Fetching files for user ID: 1 in folder ID: 1
2026-01-21 14:11:01.712 [http-nio-8080-exec-2] DEBUG com.filestorage.service.FileStorageService - Found 2 files for user ID: 1
2026-01-21 14:11:01.712 [http-nio-8080-exec-2] DEBUG com.filestorage.controller.FileController - Retrieved 2 files for user: userid1
2026-01-21 14:11:01.712 [http-nio-8080-exec-6] DEBUG com.filestorage.service.FolderService - Found 2 folders for user ID: 1
2026-01-21 14:11:01.712 [http-nio-8080-exec-6] DEBUG com.filestorage.controller.FolderController - Retrieved 2 folders for user: userid1
2026-01-21 14:11:45.305 [http-nio-8080-exec-7] DEBUG com.filestorage.security.JwtTokenProvider - JWT token validated successfully
2026-01-21 14:11:45.305 [http-nio-8080-exec-4] DEBUG com.filestorage.security.JwtTokenProvider - JWT token validated successfully
2026-01-21 14:11:45.307 [http-nio-8080-exec-7] DEBUG com.filestorage.security.JwtAuthenticationFilter - JWT token validated for user: userid1
2026-01-21 14:11:45.307 [http-nio-8080-exec-4] DEBUG com.filestorage.security.JwtAuthenticationFilter - JWT token validated for user: userid1
2026-01-21 14:11:45.307 [http-nio-8080-exec-7] DEBUG com.filestorage.service.UserDetailsServiceImpl - Loading user details for username: userid1
2026-01-21 14:11:45.307 [http-nio-8080-exec-4] DEBUG com.filestorage.service.UserDetailsServiceImpl - Loading user details for username: userid1
2026-01-21 14:11:45.310 [http-nio-8080-exec-4] DEBUG com.filestorage.service.UserDetailsServiceImpl - User details loaded successfully for: userid1
2026-01-21 14:11:45.310 [http-nio-8080-exec-7] DEBUG com.filestorage.service.UserDetailsServiceImpl - User details loaded successfully for: userid1
2026-01-21 14:11:45.310 [http-nio-8080-exec-4] DEBUG com.filestorage.security.JwtAuthenticationFilter - User userid1 authenticated successfully via JWT
2026-01-21 14:11:45.311 [http-nio-8080-exec-7] DEBUG com.filestorage.security.JwtAuthenticationFilter - User userid1 authenticated successfully via JWT
2026-01-21 14:11:45.311 [http-nio-8080-exec-7] DEBUG com.filestorage.controller.FileController - Fetching files for user: userid1 in folder: null
2026-01-21 14:11:45.311 [http-nio-8080-exec-4] DEBUG com.filestorage.controller.FolderController - Fetching folders for user: userid1 in parent folder: null
2026-01-21 14:11:45.313 [http-nio-8080-exec-7] DEBUG com.filestorage.service.FileStorageService - Fetching files for user ID: 1 in folder ID: null
2026-01-21 14:11:45.313 [http-nio-8080-exec-4] DEBUG com.filestorage.service.FolderService - Fetching folders for user ID: 1 with parent folder ID: null
2026-01-21 14:11:45.316 [http-nio-8080-exec-7] DEBUG com.filestorage.service.FileStorageService - Found 0 files for user ID: 1
2026-01-21 14:11:45.316 [http-nio-8080-exec-4] DEBUG com.filestorage.service.FolderService - Found 1 folders for user ID: 1
2026-01-21 14:11:45.316 [http-nio-8080-exec-4] DEBUG com.filestorage.controller.FolderController - Retrieved 1 folders for user: userid1
2026-01-21 14:11:45.316 [http-nio-8080-exec-7] DEBUG com.filestorage.controller.FileController - Retrieved 0 files for user: userid1
2026-01-21 14:12:18.631 [http-nio-8080-exec-10] DEBUG com.filestorage.security.JwtTokenProvider - JWT token validated successfully
2026-01-21 14:12:18.631 [http-nio-8080-exec-5] DEBUG com.filestorage.security.JwtTokenProvider - JWT token validated successfully
2026-01-21 14:12:18.632 [http-nio-8080-exec-10] DEBUG com.filestorage.security.JwtAuthenticationFilter - JWT token validated for user: userid1
2026-01-21 14:12:18.633 [http-nio-8080-exec-5] DEBUG com.filestorage.security.JwtAuthenticationFilter - JWT token validated for user: userid1
2026-01-21 14:12:18.633 [http-nio-8080-exec-10] DEBUG com.filestorage.service.UserDetailsServiceImpl - Loading user details for username: userid1
2026-01-21 14:12:18.633 [http-nio-8080-exec-5] DEBUG com.filestorage.service.UserDetailsServiceImpl - Loading user details for username: userid1
2026-01-21 14:12:18.635 [http-nio-8080-exec-5] DEBUG com.filestorage.service.UserDetailsServiceImpl - User details loaded successfully for: userid1
2026-01-21 14:12:18.635 [http-nio-8080-exec-10] DEBUG com.filestorage.service.UserDetailsServiceImpl - User details loaded successfully for: userid1
2026-01-21 14:12:18.635 [http-nio-8080-exec-5] DEBUG com.filestorage.security.JwtAuthenticationFilter - User userid1 authenticated successfully via JWT
2026-01-21 14:12:18.635 [http-nio-8080-exec-10] DEBUG com.filestorage.security.JwtAuthenticationFilter - User userid1 authenticated successfully via JWT
2026-01-21 14:12:18.636 [http-nio-8080-exec-10] DEBUG com.filestorage.controller.FileController - Fetching files for user: userid1 in folder: 1
2026-01-21 14:12:18.636 [http-nio-8080-exec-5] DEBUG com.filestorage.controller.FolderController - Fetching folders for user: userid1 in parent folder: 1
2026-01-21 14:12:18.638 [http-nio-8080-exec-5] DEBUG com.filestorage.service.FolderService - Fetching folders for user ID: 1 with parent folder ID: 1
2026-01-21 14:12:18.638 [http-nio-8080-exec-10] DEBUG com.filestorage.service.FileStorageService - Fetching files for user ID: 1 in folder ID: 1
2026-01-21 14:12:18.641 [http-nio-8080-exec-5] DEBUG com.filestorage.service.FolderService - Found 2 folders for user ID: 1
2026-01-21 14:12:18.641 [http-nio-8080-exec-10] DEBUG com.filestorage.service.FileStorageService - Found 2 files for user ID: 1
2026-01-21 14:12:18.641 [http-nio-8080-exec-5] DEBUG com.filestorage.controller.FolderController - Retrieved 2 folders for user: userid1
2026-01-21 14:12:18.641 [http-nio-8080-exec-10] DEBUG com.filestorage.controller.FileController - Retrieved 2 files for user: userid1
2026-01-21 14:12:38.070 [http-nio-8080-exec-9] DEBUG com.filestorage.security.JwtTokenProvider - JWT token validated successfully
2026-01-21 14:12:38.070 [http-nio-8080-exec-1] DEBUG com.filestorage.security.JwtTokenProvider - JWT token validated successfully
2026-01-21 14:12:38.072 [http-nio-8080-exec-9] DEBUG com.filestorage.security.JwtAuthenticationFilter - JWT token validated for user: userid1
2026-01-21 14:12:38.072 [http-nio-8080-exec-1] DEBUG com.filestorage.security.JwtAuthenticationFilter - JWT token validated for user: userid1
2026-01-21 14:12:38.072 [http-nio-8080-exec-9] DEBUG com.filestorage.service.UserDetailsServiceImpl - Loading user details for username: userid1
2026-01-21 14:12:38.072 [http-nio-8080-exec-1] DEBUG com.filestorage.service.UserDetailsServiceImpl - Loading user details for username: userid1
2026-01-21 14:12:38.074 [http-nio-8080-exec-1] DEBUG com.filestorage.service.UserDetailsServiceImpl - User details loaded successfully for: userid1
2026-01-21 14:12:38.074 [http-nio-8080-exec-9] DEBUG com.filestorage.service.UserDetailsServiceImpl - User details loaded successfully for: userid1
2026-01-21 14:12:38.075 [http-nio-8080-exec-1] DEBUG com.filestorage.security.JwtAuthenticationFilter - User userid1 authenticated successfully via JWT
2026-01-21 14:12:38.075 [http-nio-8080-exec-9] DEBUG com.filestorage.security.JwtAuthenticationFilter - User userid1 authenticated successfully via JWT
2026-01-21 14:12:38.076 [http-nio-8080-exec-1] DEBUG com.filestorage.controller.FolderController - Fetching folders for user: userid1 in parent folder: 3
2026-01-21 14:12:38.076 [http-nio-8080-exec-9] DEBUG com.filestorage.controller.FileController - Fetching files for user: userid1 in folder: 3
2026-01-21 14:12:38.078 [http-nio-8080-exec-1] DEBUG com.filestorage.service.FolderService - Fetching folders for user ID: 1 with parent folder ID: 3
2026-01-21 14:12:38.078 [http-nio-8080-exec-9] DEBUG com.filestorage.service.FileStorageService - Fetching files for user ID: 1 in folder ID: 3
2026-01-21 14:12:38.081 [http-nio-8080-exec-9] DEBUG com.filestorage.service.FileStorageService - Found 0 files for user ID: 1
2026-01-21 14:12:38.081 [http-nio-8080-exec-1] DEBUG com.filestorage.service.FolderService - Found 0 folders for user ID: 1
2026-01-21 14:12:38.081 [http-nio-8080-exec-9] DEBUG com.filestorage.controller.FileController - Retrieved 0 files for user: userid1
2026-01-21 14:12:38.082 [http-nio-8080-exec-1] DEBUG com.filestorage.controller.FolderController - Retrieved 0 folders for user: userid1
2026-01-21 14:12:41.413 [http-nio-8080-exec-8] DEBUG com.filestorage.security.JwtTokenProvider - JWT token validated successfully
2026-01-21 14:12:41.413 [http-nio-8080-exec-3] DEBUG com.filestorage.security.JwtTokenProvider - JWT token validated successfully
2026-01-21 14:12:41.414 [http-nio-8080-exec-8] DEBUG com.filestorage.security.JwtAuthenticationFilter - JWT token validated for user: userid1
2026-01-21 14:12:41.414 [http-nio-8080-exec-8] DEBUG com.filestorage.service.UserDetailsServiceImpl - Loading user details for username: userid1
2026-01-21 14:12:41.414 [http-nio-8080-exec-3] DEBUG com.filestorage.security.JwtAuthenticationFilter - JWT token validated for user: userid1
2026-01-21 14:12:41.415 [http-nio-8080-exec-3] DEBUG com.filestorage.service.UserDetailsServiceImpl - Loading user details for username: userid1
2026-01-21 14:12:41.416 [http-nio-8080-exec-8] DEBUG com.filestorage.service.UserDetailsServiceImpl - User details loaded successfully for: userid1
2026-01-21 14:12:41.416 [http-nio-8080-exec-3] DEBUG com.filestorage.service.UserDetailsServiceImpl - User details loaded successfully for: userid1
2026-01-21 14:12:41.416 [http-nio-8080-exec-8] DEBUG com.filestorage.security.JwtAuthenticationFilter - User userid1 authenticated successfully via JWT
2026-01-21 14:12:41.416 [http-nio-8080-exec-3] DEBUG com.filestorage.security.JwtAuthenticationFilter - User userid1 authenticated successfully via JWT
2026-01-21 14:12:41.417 [http-nio-8080-exec-8] DEBUG com.filestorage.controller.FileController - Fetching files for user: userid1 in folder: null
2026-01-21 14:12:41.417 [http-nio-8080-exec-3] DEBUG com.filestorage.controller.FolderController - Fetching folders for user: userid1 in parent folder: null
2026-01-21 14:12:41.419 [http-nio-8080-exec-8] DEBUG com.filestorage.service.FileStorageService - Fetching files for user ID: 1 in folder ID: null
2026-01-21 14:12:41.419 [http-nio-8080-exec-3] DEBUG com.filestorage.service.FolderService - Fetching folders for user ID: 1 with parent folder ID: null
2026-01-21 14:12:41.420 [http-nio-8080-exec-8] DEBUG com.filestorage.service.FileStorageService - Found 0 files for user ID: 1
2026-01-21 14:12:41.421 [http-nio-8080-exec-8] DEBUG com.filestorage.controller.FileController - Retrieved 0 files for user: userid1
2026-01-21 14:12:41.421 [http-nio-8080-exec-3] DEBUG com.filestorage.service.FolderService - Found 1 folders for user ID: 1
2026-01-21 14:12:41.421 [http-nio-8080-exec-3] DEBUG com.filestorage.controller.FolderController - Retrieved 1 folders for user: userid1
2026-01-21 14:12:50.053 [http-nio-8080-exec-6] DEBUG com.filestorage.security.JwtTokenProvider - JWT token validated successfully
2026-01-21 14:12:50.053 [http-nio-8080-exec-2] DEBUG com.filestorage.security.JwtTokenProvider - JWT token validated successfully
2026-01-21 14:12:50.054 [http-nio-8080-exec-6] DEBUG com.filestorage.security.JwtAuthenticationFilter - JWT token validated for user: userid1
2026-01-21 14:12:50.054 [http-nio-8080-exec-2] DEBUG com.filestorage.security.JwtAuthenticationFilter - JWT token validated for user: userid1
2026-01-21 14:12:50.054 [http-nio-8080-exec-6] DEBUG com.filestorage.service.UserDetailsServiceImpl - Loading user details for username: userid1
2026-01-21 14:12:50.055 [http-nio-8080-exec-2] DEBUG com.filestorage.service.UserDetailsServiceImpl - Loading user details for username: userid1
2026-01-21 14:12:50.057 [http-nio-8080-exec-2] DEBUG com.filestorage.service.UserDetailsServiceImpl - User details loaded successfully for: userid1
2026-01-21 14:12:50.057 [http-nio-8080-exec-6] DEBUG com.filestorage.service.UserDetailsServiceImpl - User details loaded successfully for: userid1
2026-01-21 14:12:50.057 [http-nio-8080-exec-2] DEBUG com.filestorage.security.JwtAuthenticationFilter - User userid1 authenticated successfully via JWT
2026-01-21 14:12:50.057 [http-nio-8080-exec-6] DEBUG com.filestorage.security.JwtAuthenticationFilter - User userid1 authenticated successfully via JWT
2026-01-21 14:12:50.058 [http-nio-8080-exec-6] DEBUG com.filestorage.controller.FileController - Fetching files for user: userid1 in folder: 1
2026-01-21 14:12:50.058 [http-nio-8080-exec-2] DEBUG com.filestorage.controller.FolderController - Fetching folders for user: userid1 in parent folder: 1
2026-01-21 14:12:50.059 [http-nio-8080-exec-2] DEBUG com.filestorage.service.FolderService - Fetching folders for user ID: 1 with parent folder ID: 1
2026-01-21 14:12:50.059 [http-nio-8080-exec-6] DEBUG com.filestorage.service.FileStorageService - Fetching files for user ID: 1 in folder ID: 1
2026-01-21 14:12:50.064 [http-nio-8080-exec-2] DEBUG com.filestorage.service.FolderService - Found 2 folders for user ID: 1
2026-01-21 14:12:50.064 [http-nio-8080-exec-6] DEBUG com.filestorage.service.FileStorageService - Found 2 files for user ID: 1
2026-01-21 14:12:50.064 [http-nio-8080-exec-2] DEBUG com.filestorage.controller.FolderController - Retrieved 2 folders for user: userid1
2026-01-21 14:12:50.065 [http-nio-8080-exec-6] DEBUG com.filestorage.controller.FileController - Retrieved 2 files for user: userid1
2026-01-21 14:13:12.414 [http-nio-8080-exec-4] DEBUG com.filestorage.security.JwtTokenProvider - JWT token validated successfully
2026-01-21 14:13:12.414 [http-nio-8080-exec-7] DEBUG com.filestorage.security.JwtTokenProvider - JWT token validated successfully
2026-01-21 14:13:12.415 [http-nio-8080-exec-4] DEBUG com.filestorage.security.JwtAuthenticationFilter - JWT token validated for user: userid1
2026-01-21 14:13:12.415 [http-nio-8080-exec-7] DEBUG com.filestorage.security.JwtAuthenticationFilter - JWT token validated for user: userid1
2026-01-21 14:13:12.415 [http-nio-8080-exec-4] DEBUG com.filestorage.service.UserDetailsServiceImpl - Loading user details for username: userid1
2026-01-21 14:13:12.415 [http-nio-8080-exec-7] DEBUG com.filestorage.service.UserDetailsServiceImpl - Loading user details for username: userid1
2026-01-21 14:13:12.415 [http-nio-8080-exec-7] DEBUG com.filestorage.service.UserDetailsServiceImpl - User details loaded successfully for: userid1
2026-01-21 14:13:12.415 [http-nio-8080-exec-4] DEBUG com.filestorage.service.UserDetailsServiceImpl - User details loaded successfully for: userid1
2026-01-21 14:13:12.415 [http-nio-8080-exec-7] DEBUG com.filestorage.security.JwtAuthenticationFilter - User userid1 authenticated successfully via JWT
2026-01-21 14:13:12.415 [http-nio-8080-exec-4] DEBUG com.filestorage.security.JwtAuthenticationFilter - User userid1 authenticated successfully via JWT
2026-01-21 14:13:12.415 [http-nio-8080-exec-7] DEBUG com.filestorage.controller.FolderController - Fetching folders for user: userid1 in parent folder: null
2026-01-21 14:13:12.415 [http-nio-8080-exec-4] DEBUG com.filestorage.controller.FileController - Fetching files for user: userid1 in folder: null
2026-01-21 14:13:12.421 [http-nio-8080-exec-4] DEBUG com.filestorage.service.FileStorageService - Fetching files for user ID: 1 in folder ID: null
2026-01-21 14:13:12.421 [http-nio-8080-exec-7] DEBUG com.filestorage.service.FolderService - Fetching folders for user ID: 1 with parent folder ID: null
2026-01-21 14:13:12.425 [http-nio-8080-exec-4] DEBUG com.filestorage.service.FileStorageService - Found 0 files for user ID: 1
2026-01-21 14:13:12.425 [http-nio-8080-exec-4] DEBUG com.filestorage.controller.FileController - Retrieved 0 files for user: userid1
2026-01-21 14:13:12.426 [http-nio-8080-exec-7] DEBUG com.filestorage.service.FolderService - Found 1 folders for user ID: 1
2026-01-21 14:13:12.426 [http-nio-8080-exec-7] DEBUG com.filestorage.controller.FolderController - Retrieved 1 folders for user: userid1
2026-01-21 14:13:15.911 [http-nio-8080-exec-10] DEBUG com.filestorage.security.JwtTokenProvider - JWT token validated successfully
2026-01-21 14:13:15.911 [http-nio-8080-exec-5] DEBUG com.filestorage.security.JwtTokenProvider - JWT token validated successfully
2026-01-21 14:13:15.913 [http-nio-8080-exec-10] DEBUG com.filestorage.security.JwtAuthenticationFilter - JWT token validated for user: userid1
2026-01-21 14:13:15.914 [http-nio-8080-exec-5] DEBUG com.filestorage.security.JwtAuthenticationFilter - JWT token validated for user: userid1
2026-01-21 14:13:15.914 [http-nio-8080-exec-10] DEBUG com.filestorage.service.UserDetailsServiceImpl - Loading user details for username: userid1
2026-01-21 14:13:15.914 [http-nio-8080-exec-5] DEBUG com.filestorage.service.UserDetailsServiceImpl - Loading user details for username: userid1
2026-01-21 14:13:15.917 [http-nio-8080-exec-10] DEBUG com.filestorage.service.UserDetailsServiceImpl - User details loaded successfully for: userid1
2026-01-21 14:13:15.917 [http-nio-8080-exec-5] DEBUG com.filestorage.service.UserDetailsServiceImpl - User details loaded successfully for: userid1
2026-01-21 14:13:15.917 [http-nio-8080-exec-10] DEBUG com.filestorage.security.JwtAuthenticationFilter - User userid1 authenticated successfully via JWT
2026-01-21 14:13:15.917 [http-nio-8080-exec-5] DEBUG com.filestorage.security.JwtAuthenticationFilter - User userid1 authenticated successfully via JWT
2026-01-21 14:13:15.917 [http-nio-8080-exec-5] DEBUG com.filestorage.controller.FolderController - Fetching folders for user: userid1 in parent folder: 1
2026-01-21 14:13:15.917 [http-nio-8080-exec-10] DEBUG com.filestorage.controller.FileController - Fetching files for user: userid1 in folder: 1
2026-01-21 14:13:15.919 [http-nio-8080-exec-5] DEBUG com.filestorage.service.FolderService - Fetching folders for user ID: 1 with parent folder ID: 1
2026-01-21 14:13:15.919 [http-nio-8080-exec-10] DEBUG com.filestorage.service.FileStorageService - Fetching files for user ID: 1 in folder ID: 1
2026-01-21 14:13:15.924 [http-nio-8080-exec-10] DEBUG com.filestorage.service.FileStorageService - Found 2 files for user ID: 1
2026-01-21 14:13:15.924 [http-nio-8080-exec-10] DEBUG com.filestorage.controller.FileController - Retrieved 2 files for user: userid1
2026-01-21 14:13:15.924 [http-nio-8080-exec-5] DEBUG com.filestorage.service.FolderService - Found 2 folders for user ID: 1
2026-01-21 14:13:15.924 [http-nio-8080-exec-5] DEBUG com.filestorage.controller.FolderController - Retrieved 2 folders for user: userid1
2026-01-21 14:15:08.012 [http-nio-8080-exec-4] DEBUG com.filestorage.security.JwtTokenProvider - JWT token validated successfully
2026-01-21 14:15:08.012 [http-nio-8080-exec-7] DEBUG com.filestorage.security.JwtTokenProvider - JWT token validated successfully
2026-01-21 14:15:08.016 [http-nio-8080-exec-4] DEBUG com.filestorage.security.JwtAuthenticationFilter - JWT token validated for user: userid1
2026-01-21 14:15:08.016 [http-nio-8080-exec-7] DEBUG com.filestorage.security.JwtAuthenticationFilter - JWT token validated for user: userid1
2026-01-21 14:15:08.016 [http-nio-8080-exec-4] DEBUG com.filestorage.service.UserDetailsServiceImpl - Loading user details for username: userid1
2026-01-21 14:15:08.016 [http-nio-8080-exec-7] DEBUG com.filestorage.service.UserDetailsServiceImpl - Loading user details for username: userid1
2026-01-21 14:15:08.018 [http-nio-8080-exec-7] DEBUG com.filestorage.service.UserDetailsServiceImpl - User details loaded successfully for: userid1
2026-01-21 14:15:08.018 [http-nio-8080-exec-4] DEBUG com.filestorage.service.UserDetailsServiceImpl - User details loaded successfully for: userid1
2026-01-21 14:15:08.019 [http-nio-8080-exec-7] DEBUG com.filestorage.security.JwtAuthenticationFilter - User userid1 authenticated successfully via JWT
2026-01-21 14:15:08.019 [http-nio-8080-exec-4] DEBUG com.filestorage.security.JwtAuthenticationFilter - User userid1 authenticated successfully via JWT
2026-01-21 14:15:08.020 [http-nio-8080-exec-7] DEBUG com.filestorage.controller.FolderController - Fetching folders for user: userid1 in parent folder: null
2026-01-21 14:15:08.020 [http-nio-8080-exec-4] DEBUG com.filestorage.controller.FileController - Fetching files for user: userid1 in folder: null
2026-01-21 14:15:08.022 [http-nio-8080-exec-7] DEBUG com.filestorage.service.FolderService - Fetching folders for user ID: 1 with parent folder ID: null
2026-01-21 14:15:08.022 [http-nio-8080-exec-4] DEBUG com.filestorage.service.FileStorageService - Fetching files for user ID: 1 in folder ID: null
2026-01-21 14:15:08.023 [http-nio-8080-exec-7] DEBUG com.filestorage.service.FolderService - Found 1 folders for user ID: 1
2026-01-21 14:15:08.023 [http-nio-8080-exec-7] DEBUG com.filestorage.controller.FolderController - Retrieved 1 folders for user: userid1
2026-01-21 14:15:08.025 [http-nio-8080-exec-4] DEBUG com.filestorage.service.FileStorageService - Found 0 files for user ID: 1
2026-01-21 14:15:08.025 [http-nio-8080-exec-4] DEBUG com.filestorage.controller.FileController - Retrieved 0 files for user: userid1
2026-01-21 14:15:17.671 [http-nio-8080-exec-10] DEBUG com.filestorage.security.JwtTokenProvider - JWT token validated successfully
2026-01-21 14:15:17.671 [http-nio-8080-exec-5] DEBUG com.filestorage.security.JwtTokenProvider - JWT token validated successfully
2026-01-21 14:15:17.673 [http-nio-8080-exec-10] DEBUG com.filestorage.security.JwtAuthenticationFilter - JWT token validated for user: userid1
2026-01-21 14:15:17.673 [http-nio-8080-exec-10] DEBUG com.filestorage.service.UserDetailsServiceImpl - Loading user details for username: userid1
2026-01-21 14:15:17.673 [http-nio-8080-exec-5] DEBUG com.filestorage.security.JwtAuthenticationFilter - JWT token validated for user: userid1
2026-01-21 14:15:17.674 [http-nio-8080-exec-5] DEBUG com.filestorage.service.UserDetailsServiceImpl - Loading user details for username: userid1
2026-01-21 14:15:17.675 [http-nio-8080-exec-10] DEBUG com.filestorage.service.UserDetailsServiceImpl - User details loaded successfully for: userid1
2026-01-21 14:15:17.675 [http-nio-8080-exec-5] DEBUG com.filestorage.service.UserDetailsServiceImpl - User details loaded successfully for: userid1
2026-01-21 14:15:17.676 [http-nio-8080-exec-10] DEBUG com.filestorage.security.JwtAuthenticationFilter - User userid1 authenticated successfully via JWT
2026-01-21 14:15:17.676 [http-nio-8080-exec-5] DEBUG com.filestorage.security.JwtAuthenticationFilter - User userid1 authenticated successfully via JWT
2026-01-21 14:15:17.677 [http-nio-8080-exec-5] DEBUG com.filestorage.controller.FolderController - Fetching folders for user: userid1 in parent folder: null
2026-01-21 14:15:17.677 [http-nio-8080-exec-10] DEBUG com.filestorage.controller.FileController - Fetching files for user: userid1 in folder: null
2026-01-21 14:15:17.679 [http-nio-8080-exec-5] DEBUG com.filestorage.service.FolderService - Fetching folders for user ID: 1 with parent folder ID: null
2026-01-21 14:15:17.679 [http-nio-8080-exec-10] DEBUG com.filestorage.service.FileStorageService - Fetching files for user ID: 1 in folder ID: null
2026-01-21 14:15:17.680 [http-nio-8080-exec-10] DEBUG com.filestorage.service.FileStorageService - Found 0 files for user ID: 1
2026-01-21 14:15:17.680 [http-nio-8080-exec-10] DEBUG com.filestorage.controller.FileController - Retrieved 0 files for user: userid1
2026-01-21 14:15:17.680 [http-nio-8080-exec-5] DEBUG com.filestorage.service.FolderService - Found 1 folders for user ID: 1
2026-01-21 14:15:17.680 [http-nio-8080-exec-5] DEBUG com.filestorage.controller.FolderController - Retrieved 1 folders for user: userid1
2026-01-21 14:16:30.791 [http-nio-8080-exec-7] DEBUG com.filestorage.security.JwtTokenProvider - JWT token validated successfully
2026-01-21 14:16:30.791 [http-nio-8080-exec-4] DEBUG com.filestorage.security.JwtTokenProvider - JWT token validated successfully
2026-01-21 14:16:30.793 [http-nio-8080-exec-4] DEBUG com.filestorage.security.JwtAuthenticationFilter - JWT token validated for user: userid1
2026-01-21 14:16:30.793 [http-nio-8080-exec-4] DEBUG com.filestorage.service.UserDetailsServiceImpl - Loading user details for username: userid1
2026-01-21 14:16:30.793 [http-nio-8080-exec-7] DEBUG com.filestorage.security.JwtAuthenticationFilter - JWT token validated for user: userid1
2026-01-21 14:16:30.793 [http-nio-8080-exec-7] DEBUG com.filestorage.service.UserDetailsServiceImpl - Loading user details for username: userid1
2026-01-21 14:16:30.796 [http-nio-8080-exec-4] DEBUG com.filestorage.service.UserDetailsServiceImpl - User details loaded successfully for: userid1
2026-01-21 14:16:30.796 [http-nio-8080-exec-7] DEBUG com.filestorage.service.UserDetailsServiceImpl - User details loaded successfully for: userid1
2026-01-21 14:16:30.796 [http-nio-8080-exec-4] DEBUG com.filestorage.security.JwtAuthenticationFilter - User userid1 authenticated successfully via JWT
2026-01-21 14:16:30.796 [http-nio-8080-exec-7] DEBUG com.filestorage.security.JwtAuthenticationFilter - User userid1 authenticated successfully via JWT
2026-01-21 14:16:30.796 [http-nio-8080-exec-7] DEBUG com.filestorage.controller.FolderController - Fetching folders for user: userid1 in parent folder: 1
2026-01-21 14:16:30.796 [http-nio-8080-exec-4] DEBUG com.filestorage.controller.FileController - Fetching files for user: userid1 in folder: 1
2026-01-21 14:16:30.796 [http-nio-8080-exec-4] DEBUG com.filestorage.service.FileStorageService - Fetching files for user ID: 1 in folder ID: 1
2026-01-21 14:16:30.796 [http-nio-8080-exec-7] DEBUG com.filestorage.service.FolderService - Fetching folders for user ID: 1 with parent folder ID: 1
2026-01-21 14:16:30.803 [http-nio-8080-exec-7] DEBUG com.filestorage.service.FolderService - Found 2 folders for user ID: 1
2026-01-21 14:16:30.803 [http-nio-8080-exec-4] DEBUG com.filestorage.service.FileStorageService - Found 2 files for user ID: 1
2026-01-21 14:16:30.803 [http-nio-8080-exec-7] DEBUG com.filestorage.controller.FolderController - Retrieved 2 folders for user: userid1
2026-01-21 14:16:30.803 [http-nio-8080-exec-4] DEBUG com.filestorage.controller.FileController - Retrieved 2 files for user: userid1
2026-01-21 14:16:41.740 [http-nio-8080-exec-8] DEBUG com.filestorage.security.JwtTokenProvider - JWT token validated successfully
2026-01-21 14:16:41.742 [http-nio-8080-exec-8] DEBUG com.filestorage.security.JwtAuthenticationFilter - JWT token validated for user: userid1
2026-01-21 14:16:41.742 [http-nio-8080-exec-8] DEBUG com.filestorage.service.UserDetailsServiceImpl - Loading user details for username: userid1
2026-01-21 14:16:41.743 [http-nio-8080-exec-8] DEBUG com.filestorage.service.UserDetailsServiceImpl - User details loaded successfully for: userid1
2026-01-21 14:16:41.744 [http-nio-8080-exec-8] DEBUG com.filestorage.security.JwtAuthenticationFilter - User userid1 authenticated successfully via JWT
2026-01-21 14:16:41.745 [http-nio-8080-exec-8] INFO  com.filestorage.controller.FileController - File download requested: ID 6 by user: userid1
2026-01-21 14:16:41.747 [http-nio-8080-exec-8] DEBUG com.filestorage.service.FileStorageService - Loading file as resource: ID 6 for user ID: 1
2026-01-21 14:16:41.751 [http-nio-8080-exec-8] DEBUG com.filestorage.service.FileStorageService - Resource loaded successfully: PXL_20250525_155859501.jpg
2026-01-21 14:16:41.751 [http-nio-8080-exec-8] INFO  com.filestorage.controller.FileController - File downloaded successfully: 6dfcac7e-976e-4b7d-9a62-574bbe36c930_PXL_20250525_155859501.jpg
2026-01-21 14:16:48.495 [http-nio-8080-exec-10] DEBUG com.filestorage.security.JwtTokenProvider - JWT token validated successfully
2026-01-21 14:16:48.497 [http-nio-8080-exec-10] DEBUG com.filestorage.security.JwtAuthenticationFilter - JWT token validated for user: userid1
2026-01-21 14:16:48.497 [http-nio-8080-exec-10] DEBUG com.filestorage.service.UserDetailsServiceImpl - Loading user details for username: userid1
2026-01-21 14:16:48.500 [http-nio-8080-exec-10] DEBUG com.filestorage.service.UserDetailsServiceImpl - User details loaded successfully for: userid1
2026-01-21 14:16:48.500 [http-nio-8080-exec-10] DEBUG com.filestorage.security.JwtAuthenticationFilter - User userid1 authenticated successfully via JWT
2026-01-21 14:16:52.134 [http-nio-8080-exec-6] DEBUG com.filestorage.security.JwtTokenProvider - JWT token validated successfully
2026-01-21 14:16:52.135 [http-nio-8080-exec-6] DEBUG com.filestorage.security.JwtAuthenticationFilter - JWT token validated for user: userid1
2026-01-21 14:16:52.135 [http-nio-8080-exec-6] DEBUG com.filestorage.service.UserDetailsServiceImpl - Loading user details for username: userid1
2026-01-21 14:16:52.138 [http-nio-8080-exec-6] DEBUG com.filestorage.service.UserDetailsServiceImpl - User details loaded successfully for: userid1
2026-01-21 14:16:52.138 [http-nio-8080-exec-6] DEBUG com.filestorage.security.JwtAuthenticationFilter - User userid1 authenticated successfully via JWT
2026-01-21 14:16:53.733 [http-nio-8080-exec-7] DEBUG com.filestorage.security.JwtTokenProvider - JWT token validated successfully
2026-01-21 14:16:53.733 [http-nio-8080-exec-4] DEBUG com.filestorage.security.JwtTokenProvider - JWT token validated successfully
2026-01-21 14:16:53.735 [http-nio-8080-exec-7] DEBUG com.filestorage.security.JwtAuthenticationFilter - JWT token validated for user: userid1
2026-01-21 14:16:53.735 [http-nio-8080-exec-4] DEBUG com.filestorage.security.JwtAuthenticationFilter - JWT token validated for user: userid1
2026-01-21 14:16:53.735 [http-nio-8080-exec-7] DEBUG com.filestorage.service.UserDetailsServiceImpl - Loading user details for username: userid1
2026-01-21 14:16:53.735 [http-nio-8080-exec-4] DEBUG com.filestorage.service.UserDetailsServiceImpl - Loading user details for username: userid1
2026-01-21 14:16:53.737 [http-nio-8080-exec-4] DEBUG com.filestorage.service.UserDetailsServiceImpl - User details loaded successfully for: userid1
2026-01-21 14:16:53.737 [http-nio-8080-exec-7] DEBUG com.filestorage.service.UserDetailsServiceImpl - User details loaded successfully for: userid1
2026-01-21 14:16:53.737 [http-nio-8080-exec-4] DEBUG com.filestorage.security.JwtAuthenticationFilter - User userid1 authenticated successfully via JWT
2026-01-21 14:16:53.737 [http-nio-8080-exec-7] DEBUG com.filestorage.security.JwtAuthenticationFilter - User userid1 authenticated successfully via JWT
2026-01-21 14:16:53.738 [http-nio-8080-exec-4] DEBUG com.filestorage.controller.FileController - Fetching files for user: userid1 in folder: null
2026-01-21 14:16:53.738 [http-nio-8080-exec-7] DEBUG com.filestorage.controller.FolderController - Fetching folders for user: userid1 in parent folder: null
2026-01-21 14:16:53.739 [http-nio-8080-exec-4] DEBUG com.filestorage.service.FileStorageService - Fetching files for user ID: 1 in folder ID: null
2026-01-21 14:16:53.739 [http-nio-8080-exec-7] DEBUG com.filestorage.service.FolderService - Fetching folders for user ID: 1 with parent folder ID: null
2026-01-21 14:16:53.741 [http-nio-8080-exec-4] DEBUG com.filestorage.service.FileStorageService - Found 0 files for user ID: 1
2026-01-21 14:16:53.741 [http-nio-8080-exec-4] DEBUG com.filestorage.controller.FileController - Retrieved 0 files for user: userid1
2026-01-21 14:16:53.741 [http-nio-8080-exec-7] DEBUG com.filestorage.service.FolderService - Found 1 folders for user ID: 1
2026-01-21 14:16:53.741 [http-nio-8080-exec-7] DEBUG com.filestorage.controller.FolderController - Retrieved 1 folders for user: userid1
2026-01-21 14:16:55.756 [http-nio-8080-exec-8] DEBUG com.filestorage.security.JwtTokenProvider - JWT token validated successfully
2026-01-21 14:16:55.758 [http-nio-8080-exec-8] DEBUG com.filestorage.security.JwtAuthenticationFilter - JWT token validated for user: userid1
2026-01-21 14:16:55.758 [http-nio-8080-exec-8] DEBUG com.filestorage.service.UserDetailsServiceImpl - Loading user details for username: userid1
2026-01-21 14:16:55.760 [http-nio-8080-exec-8] DEBUG com.filestorage.service.UserDetailsServiceImpl - User details loaded successfully for: userid1
2026-01-21 14:16:55.760 [http-nio-8080-exec-8] DEBUG com.filestorage.security.JwtAuthenticationFilter - User userid1 authenticated successfully via JWT
2026-01-21 14:17:06.751 [http-nio-8080-exec-10] DEBUG com.filestorage.security.JwtTokenProvider - JWT token validated successfully
2026-01-21 14:17:06.752 [http-nio-8080-exec-10] DEBUG com.filestorage.security.JwtAuthenticationFilter - JWT token validated for user: userid1
2026-01-21 14:17:06.753 [http-nio-8080-exec-10] DEBUG com.filestorage.service.UserDetailsServiceImpl - Loading user details for username: userid1
2026-01-21 14:17:06.755 [http-nio-8080-exec-10] DEBUG com.filestorage.service.UserDetailsServiceImpl - User details loaded successfully for: userid1
2026-01-21 14:17:06.756 [http-nio-8080-exec-10] DEBUG com.filestorage.security.JwtAuthenticationFilter - User userid1 authenticated successfully via JWT
2026-01-21 14:17:38.656 [http-nio-8080-exec-9] DEBUG com.filestorage.security.JwtTokenProvider - JWT token validated successfully
2026-01-21 14:17:38.656 [http-nio-8080-exec-1] DEBUG com.filestorage.security.JwtTokenProvider - JWT token validated successfully
2026-01-21 14:17:38.658 [http-nio-8080-exec-9] DEBUG com.filestorage.security.JwtAuthenticationFilter - JWT token validated for user: userid1
2026-01-21 14:17:38.658 [http-nio-8080-exec-9] DEBUG com.filestorage.service.UserDetailsServiceImpl - Loading user details for username: userid1
2026-01-21 14:17:38.658 [http-nio-8080-exec-1] DEBUG com.filestorage.security.JwtAuthenticationFilter - JWT token validated for user: userid1
2026-01-21 14:17:38.658 [http-nio-8080-exec-1] DEBUG com.filestorage.service.UserDetailsServiceImpl - Loading user details for username: userid1
2026-01-21 14:17:38.660 [http-nio-8080-exec-9] DEBUG com.filestorage.service.UserDetailsServiceImpl - User details loaded successfully for: userid1
2026-01-21 14:17:38.660 [http-nio-8080-exec-1] DEBUG com.filestorage.service.UserDetailsServiceImpl - User details loaded successfully for: userid1
2026-01-21 14:17:38.660 [http-nio-8080-exec-9] DEBUG com.filestorage.security.JwtAuthenticationFilter - User userid1 authenticated successfully via JWT
2026-01-21 14:17:38.661 [http-nio-8080-exec-1] DEBUG com.filestorage.security.JwtAuthenticationFilter - User userid1 authenticated successfully via JWT
2026-01-21 14:17:38.661 [http-nio-8080-exec-1] DEBUG com.filestorage.controller.FolderController - Fetching folders for user: userid1 in parent folder: 1
2026-01-21 14:17:38.661 [http-nio-8080-exec-9] DEBUG com.filestorage.controller.FileController - Fetching files for user: userid1 in folder: 1
2026-01-21 14:17:38.663 [http-nio-8080-exec-9] DEBUG com.filestorage.service.FileStorageService - Fetching files for user ID: 1 in folder ID: 1
2026-01-21 14:17:38.665 [http-nio-8080-exec-1] DEBUG com.filestorage.service.FolderService - Fetching folders for user ID: 1 with parent folder ID: 1
2026-01-21 14:17:38.668 [http-nio-8080-exec-9] DEBUG com.filestorage.service.FileStorageService - Found 2 files for user ID: 1
2026-01-21 14:17:38.669 [http-nio-8080-exec-9] DEBUG com.filestorage.controller.FileController - Retrieved 2 files for user: userid1
2026-01-21 14:17:38.673 [http-nio-8080-exec-1] DEBUG com.filestorage.service.FolderService - Found 2 folders for user ID: 1
2026-01-21 14:17:38.674 [http-nio-8080-exec-1] DEBUG com.filestorage.controller.FolderController - Retrieved 2 folders for user: userid1
2026-01-21 14:17:40.558 [http-nio-8080-exec-7] DEBUG com.filestorage.security.JwtTokenProvider - JWT token validated successfully
2026-01-21 14:17:40.559 [http-nio-8080-exec-7] DEBUG com.filestorage.security.JwtAuthenticationFilter - JWT token validated for user: userid1
2026-01-21 14:17:40.560 [http-nio-8080-exec-7] DEBUG com.filestorage.service.UserDetailsServiceImpl - Loading user details for username: userid1
2026-01-21 14:17:40.562 [http-nio-8080-exec-7] DEBUG com.filestorage.service.UserDetailsServiceImpl - User details loaded successfully for: userid1
2026-01-21 14:17:40.563 [http-nio-8080-exec-7] DEBUG com.filestorage.security.JwtAuthenticationFilter - User userid1 authenticated successfully via JWT
2026-01-21 14:17:40.564 [http-nio-8080-exec-7] INFO  com.filestorage.controller.FileController - File download requested: ID 2 by user: userid1
2026-01-21 14:17:40.566 [http-nio-8080-exec-7] DEBUG com.filestorage.service.FileStorageService - Loading file as resource: ID 2 for user ID: 1
2026-01-21 14:17:40.569 [http-nio-8080-exec-7] DEBUG com.filestorage.service.FileStorageService - Resource loaded successfully: proxy-devint.conf.json
2026-01-21 14:17:40.569 [http-nio-8080-exec-7] INFO  com.filestorage.controller.FileController - File downloaded successfully: 35a42491-288a-49e3-bc83-92d0247405bb_proxy-devint.conf.json
2026-01-21 14:19:01.064 [File Watcher] INFO  org.springframework.boot.devtools.autoconfigure.LocalDevToolsAutoConfiguration$RestartingClassPathChangeChangedEventListener - Restarting due to 2 class path changes (0 additions, 0 deletions, 2 modifications)
2026-01-21 14:19:01.066 [Thread-8] INFO  org.apache.coyote.http11.Http11NioProtocol - Stopping ProtocolHandler ["http-nio-8080"]
2026-01-21 14:19:01.089 [Thread-8] INFO  org.springframework.orm.jpa.LocalContainerEntityManagerFactoryBean - Closing JPA EntityManagerFactory for persistence unit 'default'
2026-01-21 14:19:01.090 [Thread-8] INFO  com.zaxxer.hikari.HikariDataSource - HikariPool-2 - Shutdown initiated...
2026-01-21 14:19:01.091 [Thread-8] INFO  com.zaxxer.hikari.HikariDataSource - HikariPool-2 - Shutdown completed.
2026-01-21 14:19:01.462 [restartedMain] INFO  com.filestorage.FileStorageApplication - Starting FileStorageApplication using Java 19.0.2 with PID 32292 (C:\Projects\theUploader\file-storage-backend\target\classes started by e5717722 in C:\Projects\theUploader\file-storage-backend)
2026-01-21 14:19:01.462 [restartedMain] DEBUG com.filestorage.FileStorageApplication - Running with Spring Boot v3.2.1, Spring v6.1.2
2026-01-21 14:19:01.462 [restartedMain] INFO  com.filestorage.FileStorageApplication - No active profile set, falling back to 1 default profile: "default"
2026-01-21 14:19:01.780 [restartedMain] INFO  org.springframework.data.repository.config.RepositoryConfigurationDelegate - Bootstrapping Spring Data JPA repositories in DEFAULT mode.
2026-01-21 14:19:01.807 [restartedMain] INFO  org.springframework.data.repository.config.RepositoryConfigurationDelegate - Finished Spring Data repository scanning in 26 ms. Found 3 JPA repository interfaces.
2026-01-21 14:19:02.021 [restartedMain] INFO  org.springframework.boot.web.embedded.tomcat.TomcatWebServer - Tomcat initialized with port 8080 (http)
2026-01-21 14:19:02.022 [restartedMain] INFO  org.apache.coyote.http11.Http11NioProtocol - Initializing ProtocolHandler ["http-nio-8080"]
2026-01-21 14:19:02.023 [restartedMain] INFO  org.apache.catalina.core.StandardService - Starting service [Tomcat]
2026-01-21 14:19:02.023 [restartedMain] INFO  org.apache.catalina.core.StandardEngine - Starting Servlet engine: [Apache Tomcat/10.1.17]
2026-01-21 14:19:02.100 [restartedMain] INFO  org.apache.catalina.core.ContainerBase.[Tomcat].[localhost].[/] - Initializing Spring embedded WebApplicationContext
2026-01-21 14:19:02.100 [restartedMain] INFO  org.springframework.boot.web.servlet.context.ServletWebServerApplicationContext - Root WebApplicationContext: initialization completed in 634 ms
2026-01-21 14:19:02.122 [restartedMain] INFO  com.zaxxer.hikari.HikariDataSource - HikariPool-3 - Starting...
2026-01-21 14:19:02.191 [restartedMain] INFO  com.zaxxer.hikari.pool.HikariPool - HikariPool-3 - Added connection conn31: url=jdbc:h2:file:./data/filestorage user=ADMIN
2026-01-21 14:19:02.191 [restartedMain] INFO  com.zaxxer.hikari.HikariDataSource - HikariPool-3 - Start completed.
2026-01-21 14:19:02.191 [restartedMain] INFO  org.springframework.boot.autoconfigure.h2.H2ConsoleAutoConfiguration - H2 console available at '/h2-console'. Database available at 'jdbc:h2:file:./data/filestorage'
2026-01-21 14:19:02.236 [restartedMain] INFO  org.hibernate.jpa.internal.util.LogHelper - HHH000204: Processing PersistenceUnitInfo [name: default]
2026-01-21 14:19:02.241 [restartedMain] INFO  org.hibernate.cache.internal.RegionFactoryInitiator - HHH000026: Second-level cache disabled
2026-01-21 14:19:02.247 [restartedMain] INFO  org.springframework.orm.jpa.persistenceunit.SpringPersistenceUnitInfo - No LoadTimeWeaver setup: ignoring JPA class transformer
2026-01-21 14:19:02.249 [restartedMain] WARN  org.hibernate.orm.deprecation - HHH90000025: H2Dialect does not need to be specified explicitly using 'hibernate.dialect' (remove the property setting and it will be selected by default)
2026-01-21 14:19:02.473 [restartedMain] INFO  org.hibernate.engine.transaction.jta.platform.internal.JtaPlatformInitiator - HHH000489: No JTA platform available (set 'hibernate.transaction.jta.platform' to enable JTA platform integration)
2026-01-21 14:19:02.478 [restartedMain] INFO  org.springframework.orm.jpa.LocalContainerEntityManagerFactoryBean - Initialized JPA EntityManagerFactory for persistence unit 'default'
2026-01-21 14:19:02.580 [restartedMain] DEBUG com.filestorage.security.JwtAuthenticationFilter - Filter 'jwtAuthenticationFilter' configured for use
2026-01-21 14:19:02.700 [restartedMain] WARN  org.springframework.boot.autoconfigure.orm.jpa.JpaBaseConfiguration$JpaWebConfiguration - spring.jpa.open-in-view is enabled by default. Therefore, database queries may be performed during view rendering. Explicitly configure spring.jpa.open-in-view to disable this warning
2026-01-21 14:19:02.815 [restartedMain] INFO  org.springframework.security.web.DefaultSecurityFilterChain - Will secure any request with [org.springframework.security.web.session.DisableEncodeUrlFilter@31a49c6, org.springframework.security.web.context.request.async.WebAsyncManagerIntegrationFilter@30235527, org.springframework.security.web.context.SecurityContextHolderFilter@362bb33b, org.springframework.security.web.header.HeaderWriterFilter@202431fb, org.springframework.web.filter.CorsFilter@638bb7a5, org.springframework.security.web.authentication.logout.LogoutFilter@46beb694, com.filestorage.security.JwtAuthenticationFilter@e3a6380, org.springframework.security.web.savedrequest.RequestCacheAwareFilter@6f6c03d1, org.springframework.security.web.servletapi.SecurityContextHolderAwareRequestFilter@6ec64c2e, org.springframework.security.web.authentication.AnonymousAuthenticationFilter@304977aa, org.springframework.security.web.session.SessionManagementFilter@206c61c7, org.springframework.security.web.access.ExceptionTranslationFilter@d9a9087, org.springframework.security.web.access.intercept.AuthorizationFilter@1538d533]
2026-01-21 14:19:02.909 [restartedMain] INFO  org.springframework.boot.devtools.autoconfigure.OptionalLiveReloadServer - LiveReload server is running on port 35729
2026-01-21 14:19:02.918 [restartedMain] INFO  org.apache.coyote.http11.Http11NioProtocol - Starting ProtocolHandler ["http-nio-8080"]
2026-01-21 14:19:02.932 [restartedMain] INFO  org.springframework.boot.web.embedded.tomcat.TomcatWebServer - Tomcat started on port 8080 (http) with context path ''
2026-01-21 14:19:02.938 [restartedMain] INFO  com.filestorage.FileStorageApplication - Started FileStorageApplication in 1.538 seconds (process running for 1851.952)
2026-01-21 14:19:02.940 [restartedMain] INFO  org.springframework.boot.devtools.autoconfigure.ConditionEvaluationDeltaLoggingListener - Condition evaluation unchanged
2026-01-21 14:19:13.829 [File Watcher] INFO  org.springframework.boot.devtools.autoconfigure.LocalDevToolsAutoConfiguration$RestartingClassPathChangeChangedEventListener - Restarting due to 1 class path change (0 additions, 0 deletions, 1 modification)
2026-01-21 14:19:13.832 [Thread-12] INFO  org.apache.coyote.http11.Http11NioProtocol - Stopping ProtocolHandler ["http-nio-8080"]
2026-01-21 14:19:13.857 [Thread-12] INFO  org.springframework.orm.jpa.LocalContainerEntityManagerFactoryBean - Closing JPA EntityManagerFactory for persistence unit 'default'
2026-01-21 14:19:13.858 [Thread-12] INFO  com.zaxxer.hikari.HikariDataSource - HikariPool-3 - Shutdown initiated...
2026-01-21 14:19:14.091 [Thread-12] INFO  com.zaxxer.hikari.HikariDataSource - HikariPool-3 - Shutdown completed.
2026-01-21 14:19:14.229 [restartedMain] INFO  com.filestorage.FileStorageApplication - Starting FileStorageApplication using Java 19.0.2 with PID 32292 (C:\Projects\theUploader\file-storage-backend\target\classes started by e5717722 in C:\Projects\theUploader\file-storage-backend)
2026-01-21 14:19:14.230 [restartedMain] DEBUG com.filestorage.FileStorageApplication - Running with Spring Boot v3.2.1, Spring v6.1.2
2026-01-21 14:19:14.230 [restartedMain] INFO  com.filestorage.FileStorageApplication - No active profile set, falling back to 1 default profile: "default"
2026-01-21 14:19:14.552 [restartedMain] INFO  org.springframework.data.repository.config.RepositoryConfigurationDelegate - Bootstrapping Spring Data JPA repositories in DEFAULT mode.
2026-01-21 14:19:14.585 [restartedMain] INFO  org.springframework.data.repository.config.RepositoryConfigurationDelegate - Finished Spring Data repository scanning in 32 ms. Found 3 JPA repository interfaces.
2026-01-21 14:19:14.794 [restartedMain] INFO  org.springframework.boot.web.embedded.tomcat.TomcatWebServer - Tomcat initialized with port 8080 (http)
2026-01-21 14:19:14.795 [restartedMain] INFO  org.apache.coyote.http11.Http11NioProtocol - Initializing ProtocolHandler ["http-nio-8080"]
2026-01-21 14:19:14.796 [restartedMain] INFO  org.apache.catalina.core.StandardService - Starting service [Tomcat]
2026-01-21 14:19:14.796 [restartedMain] INFO  org.apache.catalina.core.StandardEngine - Starting Servlet engine: [Apache Tomcat/10.1.17]
2026-01-21 14:19:14.868 [restartedMain] INFO  org.apache.catalina.core.ContainerBase.[Tomcat].[localhost].[/] - Initializing Spring embedded WebApplicationContext
2026-01-21 14:19:14.868 [restartedMain] INFO  org.springframework.boot.web.servlet.context.ServletWebServerApplicationContext - Root WebApplicationContext: initialization completed in 636 ms
2026-01-21 14:19:14.882 [restartedMain] INFO  com.zaxxer.hikari.HikariDataSource - HikariPool-4 - Starting...
2026-01-21 14:19:14.949 [restartedMain] INFO  com.zaxxer.hikari.pool.HikariPool - HikariPool-4 - Added connection conn41: url=jdbc:h2:file:./data/filestorage user=ADMIN
2026-01-21 14:19:14.949 [restartedMain] INFO  com.zaxxer.hikari.HikariDataSource - HikariPool-4 - Start completed.
2026-01-21 14:19:14.949 [restartedMain] INFO  org.springframework.boot.autoconfigure.h2.H2ConsoleAutoConfiguration - H2 console available at '/h2-console'. Database available at 'jdbc:h2:file:./data/filestorage'
2026-01-21 14:19:14.987 [restartedMain] INFO  org.hibernate.jpa.internal.util.LogHelper - HHH000204: Processing PersistenceUnitInfo [name: default]
2026-01-21 14:19:14.991 [restartedMain] INFO  org.hibernate.cache.internal.RegionFactoryInitiator - HHH000026: Second-level cache disabled
2026-01-21 14:19:14.997 [restartedMain] INFO  org.springframework.orm.jpa.persistenceunit.SpringPersistenceUnitInfo - No LoadTimeWeaver setup: ignoring JPA class transformer
2026-01-21 14:19:14.999 [restartedMain] WARN  org.hibernate.orm.deprecation - HHH90000025: H2Dialect does not need to be specified explicitly using 'hibernate.dialect' (remove the property setting and it will be selected by default)
2026-01-21 14:19:15.124 [restartedMain] INFO  org.hibernate.engine.transaction.jta.platform.internal.JtaPlatformInitiator - HHH000489: No JTA platform available (set 'hibernate.transaction.jta.platform' to enable JTA platform integration)
2026-01-21 14:19:15.128 [restartedMain] INFO  org.springframework.orm.jpa.LocalContainerEntityManagerFactoryBean - Initialized JPA EntityManagerFactory for persistence unit 'default'
2026-01-21 14:19:15.211 [restartedMain] DEBUG com.filestorage.security.JwtAuthenticationFilter - Filter 'jwtAuthenticationFilter' configured for use
2026-01-21 14:19:15.302 [restartedMain] WARN  org.springframework.boot.autoconfigure.orm.jpa.JpaBaseConfiguration$JpaWebConfiguration - spring.jpa.open-in-view is enabled by default. Therefore, database queries may be performed during view rendering. Explicitly configure spring.jpa.open-in-view to disable this warning
2026-01-21 14:19:15.383 [restartedMain] INFO  org.springframework.security.web.DefaultSecurityFilterChain - Will secure any request with [org.springframework.security.web.session.DisableEncodeUrlFilter@56afa97d, org.springframework.security.web.context.request.async.WebAsyncManagerIntegrationFilter@7cc205b3, org.springframework.security.web.context.SecurityContextHolderFilter@195437f3, org.springframework.security.web.header.HeaderWriterFilter@630e85bf, org.springframework.web.filter.CorsFilter@2ada2093, org.springframework.security.web.authentication.logout.LogoutFilter@6bc831fa, com.filestorage.security.JwtAuthenticationFilter@2b10cb5f, org.springframework.security.web.savedrequest.RequestCacheAwareFilter@7d50913e, org.springframework.security.web.servletapi.SecurityContextHolderAwareRequestFilter@6ae4d056, org.springframework.security.web.authentication.AnonymousAuthenticationFilter@60d7dad7, org.springframework.security.web.session.SessionManagementFilter@20a32cab, org.springframework.security.web.access.ExceptionTranslationFilter@e4d55a2, org.springframework.security.web.access.intercept.AuthorizationFilter@5e4280a7]
2026-01-21 14:19:15.462 [restartedMain] INFO  org.springframework.boot.devtools.autoconfigure.OptionalLiveReloadServer - LiveReload server is running on port 35729
2026-01-21 14:19:15.468 [restartedMain] INFO  org.apache.coyote.http11.Http11NioProtocol - Starting ProtocolHandler ["http-nio-8080"]
2026-01-21 14:19:15.481 [restartedMain] INFO  org.springframework.boot.web.embedded.tomcat.TomcatWebServer - Tomcat started on port 8080 (http) with context path ''
2026-01-21 14:19:15.484 [restartedMain] INFO  com.filestorage.FileStorageApplication - Started FileStorageApplication in 1.32 seconds (process running for 1864.499)
2026-01-21 14:19:15.486 [restartedMain] INFO  org.springframework.boot.devtools.autoconfigure.ConditionEvaluationDeltaLoggingListener - Condition evaluation unchanged
2026-01-21 14:20:20.187 [File Watcher] INFO  org.springframework.boot.devtools.autoconfigure.LocalDevToolsAutoConfiguration$RestartingClassPathChangeChangedEventListener - Restarting due to 2 class path changes (0 additions, 0 deletions, 2 modifications)
2026-01-21 14:20:20.190 [Thread-16] INFO  org.apache.coyote.http11.Http11NioProtocol - Stopping ProtocolHandler ["http-nio-8080"]
2026-01-21 14:20:20.211 [Thread-16] INFO  org.springframework.orm.jpa.LocalContainerEntityManagerFactoryBean - Closing JPA EntityManagerFactory for persistence unit 'default'
2026-01-21 14:20:20.212 [Thread-16] INFO  com.zaxxer.hikari.HikariDataSource - HikariPool-4 - Shutdown initiated...
2026-01-21 14:20:20.243 [Thread-16] INFO  com.zaxxer.hikari.HikariDataSource - HikariPool-4 - Shutdown completed.
2026-01-21 14:20:20.386 [restartedMain] INFO  com.filestorage.FileStorageApplication - Starting FileStorageApplication using Java 19.0.2 with PID 32292 (C:\Projects\theUploader\file-storage-backend\target\classes started by e5717722 in C:\Projects\theUploader\file-storage-backend)
2026-01-21 14:20:20.387 [restartedMain] DEBUG com.filestorage.FileStorageApplication - Running with Spring Boot v3.2.1, Spring v6.1.2
2026-01-21 14:20:20.387 [restartedMain] INFO  com.filestorage.FileStorageApplication - No active profile set, falling back to 1 default profile: "default"
2026-01-21 14:20:20.731 [restartedMain] INFO  org.springframework.data.repository.config.RepositoryConfigurationDelegate - Bootstrapping Spring Data JPA repositories in DEFAULT mode.
2026-01-21 14:20:20.762 [restartedMain] INFO  org.springframework.data.repository.config.RepositoryConfigurationDelegate - Finished Spring Data repository scanning in 30 ms. Found 3 JPA repository interfaces.
2026-01-21 14:20:21.127 [restartedMain] INFO  org.springframework.boot.web.embedded.tomcat.TomcatWebServer - Tomcat initialized with port 8080 (http)
2026-01-21 14:20:21.128 [restartedMain] INFO  org.apache.coyote.http11.Http11NioProtocol - Initializing ProtocolHandler ["http-nio-8080"]
2026-01-21 14:20:21.128 [restartedMain] INFO  org.apache.catalina.core.StandardService - Starting service [Tomcat]
2026-01-21 14:20:21.129 [restartedMain] INFO  org.apache.catalina.core.StandardEngine - Starting Servlet engine: [Apache Tomcat/10.1.17]
2026-01-21 14:20:21.314 [restartedMain] INFO  org.apache.catalina.core.ContainerBase.[Tomcat].[localhost].[/] - Initializing Spring embedded WebApplicationContext
2026-01-21 14:20:21.315 [restartedMain] INFO  org.springframework.boot.web.servlet.context.ServletWebServerApplicationContext - Root WebApplicationContext: initialization completed in 925 ms
2026-01-21 14:20:21.335 [restartedMain] INFO  com.zaxxer.hikari.HikariDataSource - HikariPool-5 - Starting...
2026-01-21 14:20:21.498 [restartedMain] INFO  com.zaxxer.hikari.pool.HikariPool - HikariPool-5 - Added connection conn51: url=jdbc:h2:file:./data/filestorage user=ADMIN
2026-01-21 14:20:21.498 [restartedMain] INFO  com.zaxxer.hikari.HikariDataSource - HikariPool-5 - Start completed.
2026-01-21 14:20:21.499 [restartedMain] INFO  org.springframework.boot.autoconfigure.h2.H2ConsoleAutoConfiguration - H2 console available at '/h2-console'. Database available at 'jdbc:h2:file:./data/filestorage'
2026-01-21 14:20:21.591 [restartedMain] INFO  org.hibernate.jpa.internal.util.LogHelper - HHH000204: Processing PersistenceUnitInfo [name: default]
2026-01-21 14:20:21.595 [restartedMain] INFO  org.hibernate.cache.internal.RegionFactoryInitiator - HHH000026: Second-level cache disabled
2026-01-21 14:20:21.603 [restartedMain] INFO  org.springframework.orm.jpa.persistenceunit.SpringPersistenceUnitInfo - No LoadTimeWeaver setup: ignoring JPA class transformer
2026-01-21 14:20:21.608 [restartedMain] WARN  org.hibernate.orm.deprecation - HHH90000025: H2Dialect does not need to be specified explicitly using 'hibernate.dialect' (remove the property setting and it will be selected by default)
2026-01-21 14:20:21.778 [restartedMain] INFO  org.hibernate.engine.transaction.jta.platform.internal.JtaPlatformInitiator - HHH000489: No JTA platform available (set 'hibernate.transaction.jta.platform' to enable JTA platform integration)
2026-01-21 14:20:21.782 [restartedMain] INFO  org.springframework.orm.jpa.LocalContainerEntityManagerFactoryBean - Initialized JPA EntityManagerFactory for persistence unit 'default'
2026-01-21 14:20:21.900 [restartedMain] DEBUG com.filestorage.security.JwtAuthenticationFilter - Filter 'jwtAuthenticationFilter' configured for use
2026-01-21 14:20:22.007 [restartedMain] WARN  org.springframework.boot.autoconfigure.orm.jpa.JpaBaseConfiguration$JpaWebConfiguration - spring.jpa.open-in-view is enabled by default. Therefore, database queries may be performed during view rendering. Explicitly configure spring.jpa.open-in-view to disable this warning
2026-01-21 14:20:22.119 [restartedMain] INFO  org.springframework.security.web.DefaultSecurityFilterChain - Will secure any request with [org.springframework.security.web.session.DisableEncodeUrlFilter@201ce07, org.springframework.security.web.context.request.async.WebAsyncManagerIntegrationFilter@7c9aa7c1, org.springframework.security.web.context.SecurityContextHolderFilter@5182322c, org.springframework.security.web.header.HeaderWriterFilter@17d8658b, org.springframework.web.filter.CorsFilter@2580e40f, org.springframework.security.web.authentication.logout.LogoutFilter@74815c8a, com.filestorage.security.JwtAuthenticationFilter@11720de9, org.springframework.security.web.savedrequest.RequestCacheAwareFilter@127a70e8, org.springframework.security.web.servletapi.SecurityContextHolderAwareRequestFilter@46dabb11, org.springframework.security.web.authentication.AnonymousAuthenticationFilter@66ad0ee8, org.springframework.security.web.session.SessionManagementFilter@19ed62e6, org.springframework.security.web.access.ExceptionTranslationFilter@7de7db97, org.springframework.security.web.access.intercept.AuthorizationFilter@262cb857]
2026-01-21 14:20:22.222 [restartedMain] INFO  org.springframework.boot.devtools.autoconfigure.OptionalLiveReloadServer - LiveReload server is running on port 35729
2026-01-21 14:20:22.226 [restartedMain] INFO  org.apache.coyote.http11.Http11NioProtocol - Starting ProtocolHandler ["http-nio-8080"]
2026-01-21 14:20:22.242 [restartedMain] INFO  org.springframework.boot.web.embedded.tomcat.TomcatWebServer - Tomcat started on port 8080 (http) with context path ''
2026-01-21 14:20:22.247 [restartedMain] INFO  com.filestorage.FileStorageApplication - Started FileStorageApplication in 1.929 seconds (process running for 1931.261)
2026-01-21 14:20:22.248 [restartedMain] INFO  org.springframework.boot.devtools.autoconfigure.ConditionEvaluationDeltaLoggingListener - Condition evaluation unchanged
2026-01-21 14:20:28.419 [http-nio-8080-exec-1] INFO  org.apache.catalina.core.ContainerBase.[Tomcat].[localhost].[/] - Initializing Spring DispatcherServlet 'dispatcherServlet'
2026-01-21 14:20:28.419 [http-nio-8080-exec-1] INFO  org.springframework.web.servlet.DispatcherServlet - Initializing Servlet 'dispatcherServlet'
2026-01-21 14:20:28.420 [http-nio-8080-exec-1] INFO  org.springframework.web.servlet.DispatcherServlet - Completed initialization in 1 ms
2026-01-21 14:20:28.428 [http-nio-8080-exec-2] DEBUG com.filestorage.security.JwtTokenProvider - JWT token validated successfully
2026-01-21 14:20:28.430 [http-nio-8080-exec-2] DEBUG com.filestorage.security.JwtAuthenticationFilter - JWT token validated for user: userid1
2026-01-21 14:20:28.430 [http-nio-8080-exec-2] DEBUG com.filestorage.service.UserDetailsServiceImpl - Loading user details for username: userid1
2026-01-21 14:20:28.474 [http-nio-8080-exec-2] DEBUG com.filestorage.service.UserDetailsServiceImpl - User details loaded successfully for: userid1
2026-01-21 14:20:28.475 [http-nio-8080-exec-2] DEBUG com.filestorage.security.JwtAuthenticationFilter - User userid1 authenticated successfully via JWT
2026-01-21 14:20:48.178 [http-nio-8080-exec-4] DEBUG com.filestorage.security.JwtTokenProvider - JWT token validated successfully
2026-01-21 14:20:48.181 [http-nio-8080-exec-4] DEBUG com.filestorage.security.JwtAuthenticationFilter - JWT token validated for user: userid1
2026-01-21 14:20:48.181 [http-nio-8080-exec-4] DEBUG com.filestorage.service.UserDetailsServiceImpl - Loading user details for username: userid1
2026-01-21 14:20:48.185 [http-nio-8080-exec-4] DEBUG com.filestorage.service.UserDetailsServiceImpl - User details loaded successfully for: userid1
2026-01-21 14:20:48.185 [http-nio-8080-exec-4] DEBUG com.filestorage.security.JwtAuthenticationFilter - User userid1 authenticated successfully via JWT
2026-01-21 14:20:48.187 [http-nio-8080-exec-4] DEBUG com.filestorage.controller.FolderController - Fetching folders for user: userid1 in parent folder: null
2026-01-21 14:20:48.190 [http-nio-8080-exec-4] DEBUG com.filestorage.service.FolderService - Fetching folders for user ID: 1 with parent folder ID: null
2026-01-21 14:20:48.194 [http-nio-8080-exec-4] DEBUG com.filestorage.service.FolderService - Found 1 folders for user ID: 1
2026-01-21 14:20:48.195 [http-nio-8080-exec-4] DEBUG com.filestorage.controller.FolderController - Retrieved 1 folders for user: userid1
2026-01-21 14:20:48.196 [http-nio-8080-exec-6] DEBUG com.filestorage.security.JwtTokenProvider - JWT token validated successfully
2026-01-21 14:20:48.217 [http-nio-8080-exec-6] DEBUG com.filestorage.security.JwtAuthenticationFilter - JWT token validated for user: userid1
2026-01-21 14:20:48.218 [http-nio-8080-exec-6] DEBUG com.filestorage.service.UserDetailsServiceImpl - Loading user details for username: userid1
2026-01-21 14:20:48.227 [http-nio-8080-exec-6] DEBUG com.filestorage.service.UserDetailsServiceImpl - User details loaded successfully for: userid1
2026-01-21 14:20:48.227 [http-nio-8080-exec-6] DEBUG com.filestorage.security.JwtAuthenticationFilter - User userid1 authenticated successfully via JWT
2026-01-21 14:20:48.230 [http-nio-8080-exec-6] DEBUG com.filestorage.controller.FileController - Fetching files for user: userid1 in folder: null
2026-01-21 14:20:48.235 [http-nio-8080-exec-6] DEBUG com.filestorage.service.FileStorageService - Fetching files for user ID: 1 in folder ID: null
2026-01-21 14:20:48.238 [http-nio-8080-exec-6] DEBUG com.filestorage.service.FileStorageService - Found 0 files for user ID: 1
2026-01-21 14:20:48.239 [http-nio-8080-exec-6] DEBUG com.filestorage.controller.FileController - Retrieved 0 files for user: userid1
2026-01-21 14:20:51.735 [http-nio-8080-exec-8] DEBUG com.filestorage.security.JwtTokenProvider - JWT token validated successfully
2026-01-21 14:20:51.737 [http-nio-8080-exec-8] DEBUG com.filestorage.security.JwtAuthenticationFilter - JWT token validated for user: userid1
2026-01-21 14:20:51.737 [http-nio-8080-exec-8] DEBUG com.filestorage.service.UserDetailsServiceImpl - Loading user details for username: userid1
2026-01-21 14:20:51.738 [http-nio-8080-exec-8] DEBUG com.filestorage.service.UserDetailsServiceImpl - User details loaded successfully for: userid1
2026-01-21 14:20:51.739 [http-nio-8080-exec-8] DEBUG com.filestorage.security.JwtAuthenticationFilter - User userid1 authenticated successfully via JWT
2026-01-21 14:20:51.740 [http-nio-8080-exec-8] INFO  com.filestorage.controller.FolderController - Folder download requested: ID 1 by user: userid1
2026-01-21 14:20:51.741 [http-nio-8080-exec-8] INFO  com.filestorage.service.FolderService - Downloading folder as ZIP: ID 1 for user ID: 1
2026-01-21 14:20:51.767 [http-nio-8080-exec-8] DEBUG com.filestorage.service.FolderService - Adding folder to ZIP: test folder
2026-01-21 14:20:51.774 [http-nio-8080-exec-8] DEBUG com.filestorage.service.FolderService - Adding file to ZIP: test folder/proxy-devint.conf.json
2026-01-21 14:20:51.779 [http-nio-8080-exec-8] DEBUG com.filestorage.service.FolderService - Adding file to ZIP: test folder/PXL_20250525_155859501.jpg
2026-01-21 14:20:51.933 [http-nio-8080-exec-8] DEBUG com.filestorage.service.FolderService - Adding folder to ZIP: test folder/asfda
2026-01-21 14:20:51.933 [http-nio-8080-exec-8] DEBUG com.filestorage.service.FolderService - Adding folder to ZIP: test folder/fasdfasd
2026-01-21 14:20:51.934 [http-nio-8080-exec-8] INFO  com.filestorage.service.FolderService - ZIP created successfully for folder: test folder (ID: 1)
2026-01-21 14:20:51.940 [http-nio-8080-exec-8] INFO  com.filestorage.controller.FolderController - Folder downloaded successfully as: folder_1.zip
2026-01-21 14:21:24.445 [http-nio-8080-exec-2] DEBUG com.filestorage.security.JwtTokenProvider - JWT token validated successfully
2026-01-21 14:21:24.445 [http-nio-8080-exec-1] DEBUG com.filestorage.security.JwtTokenProvider - JWT token validated successfully
2026-01-21 14:21:24.447 [http-nio-8080-exec-2] DEBUG com.filestorage.security.JwtAuthenticationFilter - JWT token validated for user: userid1
2026-01-21 14:21:24.448 [http-nio-8080-exec-2] DEBUG com.filestorage.service.UserDetailsServiceImpl - Loading user details for username: userid1
2026-01-21 14:21:24.448 [http-nio-8080-exec-1] DEBUG com.filestorage.security.JwtAuthenticationFilter - JWT token validated for user: userid1
2026-01-21 14:21:24.448 [http-nio-8080-exec-1] DEBUG com.filestorage.service.UserDetailsServiceImpl - Loading user details for username: userid1
2026-01-21 14:21:24.450 [http-nio-8080-exec-2] DEBUG com.filestorage.service.UserDetailsServiceImpl - User details loaded successfully for: userid1
2026-01-21 14:21:24.450 [http-nio-8080-exec-2] DEBUG com.filestorage.security.JwtAuthenticationFilter - User userid1 authenticated successfully via JWT
2026-01-21 14:21:24.451 [http-nio-8080-exec-1] DEBUG com.filestorage.service.UserDetailsServiceImpl - User details loaded successfully for: userid1
2026-01-21 14:21:24.451 [http-nio-8080-exec-1] DEBUG com.filestorage.security.JwtAuthenticationFilter - User userid1 authenticated successfully via JWT
2026-01-21 14:21:24.451 [http-nio-8080-exec-2] DEBUG com.filestorage.controller.FolderController - Fetching folders for user: userid1 in parent folder: null
2026-01-21 14:21:24.452 [http-nio-8080-exec-1] DEBUG com.filestorage.controller.FileController - Fetching files for user: userid1 in folder: null
2026-01-21 14:21:24.453 [http-nio-8080-exec-2] DEBUG com.filestorage.service.FolderService - Fetching folders for user ID: 1 with parent folder ID: null
2026-01-21 14:21:24.453 [http-nio-8080-exec-1] DEBUG com.filestorage.service.FileStorageService - Fetching files for user ID: 1 in folder ID: null
2026-01-21 14:21:24.455 [http-nio-8080-exec-2] DEBUG com.filestorage.service.FolderService - Found 1 folders for user ID: 1
2026-01-21 14:21:24.455 [http-nio-8080-exec-2] DEBUG com.filestorage.controller.FolderController - Retrieved 1 folders for user: userid1
2026-01-21 14:21:24.455 [http-nio-8080-exec-1] DEBUG com.filestorage.service.FileStorageService - Found 0 files for user ID: 1
2026-01-21 14:21:24.456 [http-nio-8080-exec-1] DEBUG com.filestorage.controller.FileController - Retrieved 0 files for user: userid1
2026-01-21 14:21:36.781 [http-nio-8080-exec-4] DEBUG com.filestorage.security.JwtTokenProvider - JWT token validated successfully
2026-01-21 14:21:36.782 [http-nio-8080-exec-6] DEBUG com.filestorage.security.JwtTokenProvider - JWT token validated successfully
2026-01-21 14:21:36.784 [http-nio-8080-exec-4] DEBUG com.filestorage.security.JwtAuthenticationFilter - JWT token validated for user: userid1
2026-01-21 14:21:36.784 [http-nio-8080-exec-6] DEBUG com.filestorage.security.JwtAuthenticationFilter - JWT token validated for user: userid1
2026-01-21 14:21:36.784 [http-nio-8080-exec-4] DEBUG com.filestorage.service.UserDetailsServiceImpl - Loading user details for username: userid1
2026-01-21 14:21:36.784 [http-nio-8080-exec-6] DEBUG com.filestorage.service.UserDetailsServiceImpl - Loading user details for username: userid1
2026-01-21 14:21:36.786 [http-nio-8080-exec-6] DEBUG com.filestorage.service.UserDetailsServiceImpl - User details loaded successfully for: userid1
2026-01-21 14:21:36.786 [http-nio-8080-exec-4] DEBUG com.filestorage.service.UserDetailsServiceImpl - User details loaded successfully for: userid1
2026-01-21 14:21:36.786 [http-nio-8080-exec-6] DEBUG com.filestorage.security.JwtAuthenticationFilter - User userid1 authenticated successfully via JWT
2026-01-21 14:21:36.786 [http-nio-8080-exec-4] DEBUG com.filestorage.security.JwtAuthenticationFilter - User userid1 authenticated successfully via JWT
2026-01-21 14:21:36.787 [http-nio-8080-exec-4] DEBUG com.filestorage.controller.FolderController - Fetching folders for user: userid1 in parent folder: null
2026-01-21 14:21:36.787 [http-nio-8080-exec-6] DEBUG com.filestorage.controller.FileController - Fetching files for user: userid1 in folder: null
2026-01-21 14:21:36.789 [http-nio-8080-exec-6] DEBUG com.filestorage.service.FileStorageService - Fetching files for user ID: 1 in folder ID: null
2026-01-21 14:21:36.789 [http-nio-8080-exec-4] DEBUG com.filestorage.service.FolderService - Fetching folders for user ID: 1 with parent folder ID: null
2026-01-21 14:21:36.790 [http-nio-8080-exec-6] DEBUG com.filestorage.service.FileStorageService - Found 0 files for user ID: 1
2026-01-21 14:21:36.790 [http-nio-8080-exec-6] DEBUG com.filestorage.controller.FileController - Retrieved 0 files for user: userid1
2026-01-21 14:21:36.791 [http-nio-8080-exec-4] DEBUG com.filestorage.service.FolderService - Found 1 folders for user ID: 1
2026-01-21 14:21:36.791 [http-nio-8080-exec-4] DEBUG com.filestorage.controller.FolderController - Retrieved 1 folders for user: userid1
2026-01-21 14:21:37.963 [http-nio-8080-exec-8] DEBUG com.filestorage.security.JwtTokenProvider - JWT token validated successfully
2026-01-21 14:21:37.963 [http-nio-8080-exec-7] DEBUG com.filestorage.security.JwtTokenProvider - JWT token validated successfully
2026-01-21 14:21:37.966 [http-nio-8080-exec-7] DEBUG com.filestorage.security.JwtAuthenticationFilter - JWT token validated for user: userid1
2026-01-21 14:21:37.966 [http-nio-8080-exec-8] DEBUG com.filestorage.security.JwtAuthenticationFilter - JWT token validated for user: userid1
2026-01-21 14:21:37.966 [http-nio-8080-exec-7] DEBUG com.filestorage.service.UserDetailsServiceImpl - Loading user details for username: userid1
2026-01-21 14:21:37.966 [http-nio-8080-exec-8] DEBUG com.filestorage.service.UserDetailsServiceImpl - Loading user details for username: userid1
2026-01-21 14:21:37.969 [http-nio-8080-exec-8] DEBUG com.filestorage.service.UserDetailsServiceImpl - User details loaded successfully for: userid1
2026-01-21 14:21:37.970 [http-nio-8080-exec-8] DEBUG com.filestorage.security.JwtAuthenticationFilter - User userid1 authenticated successfully via JWT
2026-01-21 14:21:37.970 [http-nio-8080-exec-7] DEBUG com.filestorage.service.UserDetailsServiceImpl - User details loaded successfully for: userid1
2026-01-21 14:21:37.970 [http-nio-8080-exec-7] DEBUG com.filestorage.security.JwtAuthenticationFilter - User userid1 authenticated successfully via JWT
2026-01-21 14:21:37.970 [http-nio-8080-exec-8] DEBUG com.filestorage.controller.FileController - Fetching files for user: userid1 in folder: null
2026-01-21 14:21:37.971 [http-nio-8080-exec-7] DEBUG com.filestorage.controller.FolderController - Fetching folders for user: userid1 in parent folder: null
2026-01-21 14:21:37.972 [http-nio-8080-exec-8] DEBUG com.filestorage.service.FileStorageService - Fetching files for user ID: 1 in folder ID: null
2026-01-21 14:21:37.972 [http-nio-8080-exec-7] DEBUG com.filestorage.service.FolderService - Fetching folders for user ID: 1 with parent folder ID: null
2026-01-21 14:21:37.975 [http-nio-8080-exec-8] DEBUG com.filestorage.service.FileStorageService - Found 0 files for user ID: 1
2026-01-21 14:21:37.975 [http-nio-8080-exec-7] DEBUG com.filestorage.service.FolderService - Found 1 folders for user ID: 1
2026-01-21 14:21:37.975 [http-nio-8080-exec-8] DEBUG com.filestorage.controller.FileController - Retrieved 0 files for user: userid1
2026-01-21 14:21:37.975 [http-nio-8080-exec-7] DEBUG com.filestorage.controller.FolderController - Retrieved 1 folders for user: userid1
2026-01-21 14:21:53.284 [http-nio-8080-exec-2] DEBUG com.filestorage.security.JwtTokenProvider - JWT token validated successfully
2026-01-21 14:21:53.285 [http-nio-8080-exec-1] DEBUG com.filestorage.security.JwtTokenProvider - JWT token validated successfully
2026-01-21 14:21:53.286 [http-nio-8080-exec-2] DEBUG com.filestorage.security.JwtAuthenticationFilter - JWT token validated for user: userid1
2026-01-21 14:21:53.286 [http-nio-8080-exec-2] DEBUG com.filestorage.service.UserDetailsServiceImpl - Loading user details for username: userid1
2026-01-21 14:21:53.286 [http-nio-8080-exec-1] DEBUG com.filestorage.security.JwtAuthenticationFilter - JWT token validated for user: userid1
2026-01-21 14:21:53.287 [http-nio-8080-exec-1] DEBUG com.filestorage.service.UserDetailsServiceImpl - Loading user details for username: userid1
2026-01-21 14:21:53.288 [http-nio-8080-exec-2] DEBUG com.filestorage.service.UserDetailsServiceImpl - User details loaded successfully for: userid1
2026-01-21 14:21:53.288 [http-nio-8080-exec-1] DEBUG com.filestorage.service.UserDetailsServiceImpl - User details loaded successfully for: userid1
2026-01-21 14:21:53.288 [http-nio-8080-exec-2] DEBUG com.filestorage.security.JwtAuthenticationFilter - User userid1 authenticated successfully via JWT
2026-01-21 14:21:53.288 [http-nio-8080-exec-1] DEBUG com.filestorage.security.JwtAuthenticationFilter - User userid1 authenticated successfully via JWT
2026-01-21 14:21:53.289 [http-nio-8080-exec-1] DEBUG com.filestorage.controller.FileController - Fetching files for user: userid1 in folder: null
2026-01-21 14:21:53.289 [http-nio-8080-exec-2] DEBUG com.filestorage.controller.FolderController - Fetching folders for user: userid1 in parent folder: null
2026-01-21 14:21:53.291 [http-nio-8080-exec-2] DEBUG com.filestorage.service.FolderService - Fetching folders for user ID: 1 with parent folder ID: null
2026-01-21 14:21:53.291 [http-nio-8080-exec-1] DEBUG com.filestorage.service.FileStorageService - Fetching files for user ID: 1 in folder ID: null
2026-01-21 14:21:53.293 [http-nio-8080-exec-1] DEBUG com.filestorage.service.FileStorageService - Found 0 files for user ID: 1
2026-01-21 14:21:53.293 [http-nio-8080-exec-1] DEBUG com.filestorage.controller.FileController - Retrieved 0 files for user: userid1
2026-01-21 14:21:53.293 [http-nio-8080-exec-2] DEBUG com.filestorage.service.FolderService - Found 1 folders for user ID: 1
2026-01-21 14:21:53.293 [http-nio-8080-exec-2] DEBUG com.filestorage.controller.FolderController - Retrieved 1 folders for user: userid1
2026-01-21 14:22:13.975 [http-nio-8080-exec-6] DEBUG com.filestorage.security.JwtTokenProvider - JWT token validated successfully
2026-01-21 14:22:13.976 [http-nio-8080-exec-4] DEBUG com.filestorage.security.JwtTokenProvider - JWT token validated successfully
2026-01-21 14:22:13.979 [http-nio-8080-exec-6] DEBUG com.filestorage.security.JwtAuthenticationFilter - JWT token validated for user: userid1
2026-01-21 14:22:13.979 [http-nio-8080-exec-6] DEBUG com.filestorage.service.UserDetailsServiceImpl - Loading user details for username: userid1
2026-01-21 14:22:13.981 [http-nio-8080-exec-4] DEBUG com.filestorage.security.JwtAuthenticationFilter - JWT token validated for user: userid1
2026-01-21 14:22:13.982 [http-nio-8080-exec-4] DEBUG com.filestorage.service.UserDetailsServiceImpl - Loading user details for username: userid1
2026-01-21 14:22:13.982 [http-nio-8080-exec-6] DEBUG com.filestorage.service.UserDetailsServiceImpl - User details loaded successfully for: userid1
2026-01-21 14:22:13.982 [http-nio-8080-exec-6] DEBUG com.filestorage.security.JwtAuthenticationFilter - User userid1 authenticated successfully via JWT
2026-01-21 14:22:13.983 [http-nio-8080-exec-6] DEBUG com.filestorage.controller.FolderController - Fetching folders for user: userid1 in parent folder: null
2026-01-21 14:22:13.984 [http-nio-8080-exec-4] DEBUG com.filestorage.service.UserDetailsServiceImpl - User details loaded successfully for: userid1
2026-01-21 14:22:13.984 [http-nio-8080-exec-4] DEBUG com.filestorage.security.JwtAuthenticationFilter - User userid1 authenticated successfully via JWT
2026-01-21 14:22:13.985 [http-nio-8080-exec-6] DEBUG com.filestorage.service.FolderService - Fetching folders for user ID: 1 with parent folder ID: null
2026-01-21 14:22:13.985 [http-nio-8080-exec-4] DEBUG com.filestorage.controller.FileController - Fetching files for user: userid1 in folder: null
2026-01-21 14:22:13.986 [http-nio-8080-exec-6] DEBUG com.filestorage.service.FolderService - Found 1 folders for user ID: 1
2026-01-21 14:22:13.987 [http-nio-8080-exec-6] DEBUG com.filestorage.controller.FolderController - Retrieved 1 folders for user: userid1
2026-01-21 14:22:13.987 [http-nio-8080-exec-4] DEBUG com.filestorage.service.FileStorageService - Fetching files for user ID: 1 in folder ID: null
2026-01-21 14:22:13.992 [http-nio-8080-exec-4] DEBUG com.filestorage.service.FileStorageService - Found 0 files for user ID: 1
2026-01-21 14:22:13.997 [http-nio-8080-exec-4] DEBUG com.filestorage.controller.FileController - Retrieved 0 files for user: userid1
2026-01-21 14:25:52.069 [http-nio-8080-exec-9] DEBUG com.filestorage.security.JwtTokenProvider - JWT token validated successfully
2026-01-21 14:25:52.070 [http-nio-8080-exec-9] DEBUG com.filestorage.security.JwtAuthenticationFilter - JWT token validated for user: userid1
2026-01-21 14:25:52.071 [http-nio-8080-exec-9] DEBUG com.filestorage.service.UserDetailsServiceImpl - Loading user details for username: userid1
2026-01-21 14:25:52.074 [http-nio-8080-exec-9] DEBUG com.filestorage.service.UserDetailsServiceImpl - User details loaded successfully for: userid1
2026-01-21 14:25:52.074 [http-nio-8080-exec-9] DEBUG com.filestorage.security.JwtAuthenticationFilter - User userid1 authenticated successfully via JWT
2026-01-21 14:25:52.075 [http-nio-8080-exec-9] DEBUG com.filestorage.controller.FolderController - Fetching folders for user: userid1 in parent folder: null
2026-01-21 14:25:52.077 [http-nio-8080-exec-9] DEBUG com.filestorage.service.FolderService - Fetching folders for user ID: 1 with parent folder ID: null
2026-01-21 14:25:52.078 [http-nio-8080-exec-10] DEBUG com.filestorage.security.JwtTokenProvider - JWT token validated successfully
2026-01-21 14:25:52.079 [http-nio-8080-exec-9] DEBUG com.filestorage.service.FolderService - Found 1 folders for user ID: 1
2026-01-21 14:25:52.079 [http-nio-8080-exec-9] DEBUG com.filestorage.controller.FolderController - Retrieved 1 folders for user: userid1
2026-01-21 14:25:52.080 [http-nio-8080-exec-10] DEBUG com.filestorage.security.JwtAuthenticationFilter - JWT token validated for user: userid1
2026-01-21 14:25:52.080 [http-nio-8080-exec-10] DEBUG com.filestorage.service.UserDetailsServiceImpl - Loading user details for username: userid1
2026-01-21 14:25:52.082 [http-nio-8080-exec-10] DEBUG com.filestorage.service.UserDetailsServiceImpl - User details loaded successfully for: userid1
2026-01-21 14:25:52.082 [http-nio-8080-exec-10] DEBUG com.filestorage.security.JwtAuthenticationFilter - User userid1 authenticated successfully via JWT
2026-01-21 14:25:52.083 [http-nio-8080-exec-10] DEBUG com.filestorage.controller.FileController - Fetching files for user: userid1 in folder: null
2026-01-21 14:25:52.085 [http-nio-8080-exec-10] DEBUG com.filestorage.service.FileStorageService - Fetching files for user ID: 1 in folder ID: null
2026-01-21 14:25:52.086 [http-nio-8080-exec-10] DEBUG com.filestorage.service.FileStorageService - Found 0 files for user ID: 1
2026-01-21 14:25:52.086 [http-nio-8080-exec-10] DEBUG com.filestorage.controller.FileController - Retrieved 0 files for user: userid1
2026-01-21 14:28:00.764 [http-nio-8080-exec-4] DEBUG com.filestorage.security.JwtTokenProvider - JWT token validated successfully
2026-01-21 14:28:00.766 [http-nio-8080-exec-4] DEBUG com.filestorage.security.JwtAuthenticationFilter - JWT token validated for user: userid1
2026-01-21 14:28:00.766 [http-nio-8080-exec-4] DEBUG com.filestorage.service.UserDetailsServiceImpl - Loading user details for username: userid1
2026-01-21 14:28:00.768 [http-nio-8080-exec-4] DEBUG com.filestorage.service.UserDetailsServiceImpl - User details loaded successfully for: userid1
2026-01-21 14:28:00.768 [http-nio-8080-exec-4] DEBUG com.filestorage.security.JwtAuthenticationFilter - User userid1 authenticated successfully via JWT
2026-01-21 14:28:00.769 [http-nio-8080-exec-4] INFO  com.filestorage.controller.FolderController - Folder download requested: ID 1 by user: userid1
2026-01-21 14:28:00.770 [http-nio-8080-exec-4] INFO  com.filestorage.service.FolderService - Downloading folder as ZIP: ID 1 for user ID: 1
2026-01-21 14:28:00.772 [http-nio-8080-exec-4] DEBUG com.filestorage.service.FolderService - Adding folder to ZIP: test folder
2026-01-21 14:28:00.776 [http-nio-8080-exec-4] DEBUG com.filestorage.service.FolderService - Adding file to ZIP: test folder/proxy-devint.conf.json
2026-01-21 14:28:00.780 [http-nio-8080-exec-4] DEBUG com.filestorage.service.FolderService - Adding file to ZIP: test folder/PXL_20250525_155859501.jpg
2026-01-21 14:28:00.901 [http-nio-8080-exec-4] DEBUG com.filestorage.service.FolderService - Adding folder to ZIP: test folder/asfda
2026-01-21 14:28:00.902 [http-nio-8080-exec-4] DEBUG com.filestorage.service.FolderService - Adding folder to ZIP: test folder/fasdfasd
2026-01-21 14:28:00.902 [http-nio-8080-exec-4] INFO  com.filestorage.service.FolderService - ZIP created successfully for folder: test folder (ID: 1)
2026-01-21 14:28:00.904 [http-nio-8080-exec-4] INFO  com.filestorage.controller.FolderController - Folder downloaded successfully as: folder_1.zip
2026-01-21 14:28:14.976 [http-nio-8080-exec-8] INFO  com.filestorage.controller.AuthController - Login attempt for user: userid1
2026-01-21 14:28:15.052 [http-nio-8080-exec-8] DEBUG com.filestorage.service.UserDetailsServiceImpl - Loading user details for username: userid1
2026-01-21 14:28:15.054 [http-nio-8080-exec-8] DEBUG com.filestorage.service.UserDetailsServiceImpl - User details loaded successfully for: userid1
2026-01-21 14:28:15.128 [http-nio-8080-exec-8] DEBUG com.filestorage.security.JwtTokenProvider - Generating JWT token for user: userid1
2026-01-21 14:28:15.130 [http-nio-8080-exec-8] DEBUG com.filestorage.security.JwtTokenProvider - JWT token generated successfully for user: userid1
2026-01-21 14:28:15.131 [http-nio-8080-exec-8] INFO  com.filestorage.controller.AuthController - User userid1 logged in successfully
2026-01-21 14:28:15.145 [http-nio-8080-exec-1] DEBUG com.filestorage.security.JwtTokenProvider - JWT token validated successfully
2026-01-21 14:28:15.145 [http-nio-8080-exec-10] DEBUG com.filestorage.security.JwtTokenProvider - JWT token validated successfully
2026-01-21 14:28:15.146 [http-nio-8080-exec-1] DEBUG com.filestorage.security.JwtAuthenticationFilter - JWT token validated for user: userid1
2026-01-21 14:28:15.146 [http-nio-8080-exec-1] DEBUG com.filestorage.service.UserDetailsServiceImpl - Loading user details for username: userid1
2026-01-21 14:28:15.146 [http-nio-8080-exec-10] DEBUG com.filestorage.security.JwtAuthenticationFilter - JWT token validated for user: userid1
2026-01-21 14:28:15.146 [http-nio-8080-exec-10] DEBUG com.filestorage.service.UserDetailsServiceImpl - Loading user details for username: userid1
2026-01-21 14:28:15.149 [http-nio-8080-exec-10] DEBUG com.filestorage.service.UserDetailsServiceImpl - User details loaded successfully for: userid1
2026-01-21 14:28:15.149 [http-nio-8080-exec-1] DEBUG com.filestorage.service.UserDetailsServiceImpl - User details loaded successfully for: userid1
2026-01-21 14:28:15.149 [http-nio-8080-exec-10] DEBUG com.filestorage.security.JwtAuthenticationFilter - User userid1 authenticated successfully via JWT
2026-01-21 14:28:15.149 [http-nio-8080-exec-1] DEBUG com.filestorage.security.JwtAuthenticationFilter - User userid1 authenticated successfully via JWT
2026-01-21 14:28:15.150 [http-nio-8080-exec-1] DEBUG com.filestorage.controller.FolderController - Fetching folders for user: userid1 in parent folder: null
2026-01-21 14:28:15.150 [http-nio-8080-exec-10] DEBUG com.filestorage.controller.FileController - Fetching files for user: userid1 in folder: null
2026-01-21 14:28:15.151 [http-nio-8080-exec-10] DEBUG com.filestorage.service.FileStorageService - Fetching files for user ID: 1 in folder ID: null
2026-01-21 14:28:15.151 [http-nio-8080-exec-1] DEBUG com.filestorage.service.FolderService - Fetching folders for user ID: 1 with parent folder ID: null
2026-01-21 14:28:15.152 [http-nio-8080-exec-10] DEBUG com.filestorage.service.FileStorageService - Found 0 files for user ID: 1
2026-01-21 14:28:15.153 [http-nio-8080-exec-10] DEBUG com.filestorage.controller.FileController - Retrieved 0 files for user: userid1
2026-01-21 14:28:15.153 [http-nio-8080-exec-1] DEBUG com.filestorage.service.FolderService - Found 1 folders for user ID: 1
2026-01-21 14:28:15.153 [http-nio-8080-exec-1] DEBUG com.filestorage.controller.FolderController - Retrieved 1 folders for user: userid1
2026-01-21 14:30:51.609 [File Watcher] INFO  org.springframework.boot.devtools.autoconfigure.LocalDevToolsAutoConfiguration$RestartingClassPathChangeChangedEventListener - Restarting due to 24 class path changes (0 additions, 24 deletions, 0 modifications)
2026-01-21 14:30:51.746 [Thread-20] INFO  org.apache.coyote.http11.Http11NioProtocol - Stopping ProtocolHandler ["http-nio-8080"]
2026-01-21 14:30:51.832 [Thread-20] INFO  org.springframework.orm.jpa.LocalContainerEntityManagerFactoryBean - Closing JPA EntityManagerFactory for persistence unit 'default'
2026-01-21 14:30:51.833 [Thread-20] INFO  com.zaxxer.hikari.HikariDataSource - HikariPool-5 - Shutdown initiated...
2026-01-21 14:30:52.381 [Thread-20] INFO  com.zaxxer.hikari.HikariDataSource - HikariPool-5 - Shutdown completed.
2026-01-21 14:31:00.630 [restartedMain] INFO  com.filestorage.FileStorageApplication - Starting FileStorageApplication using Java 19.0.2 with PID 32292 (C:\Projects\theUploader\file-storage-backend\target\classes started by e5717722 in C:\Projects\theUploader\file-storage-backend)
2026-01-21 14:31:00.631 [restartedMain] DEBUG com.filestorage.FileStorageApplication - Running with Spring Boot v3.2.1, Spring v6.1.2
2026-01-21 14:31:00.632 [restartedMain] INFO  com.filestorage.FileStorageApplication - No active profile set, falling back to 1 default profile: "default"
2026-01-21 14:31:01.033 [restartedMain] INFO  org.springframework.data.repository.config.RepositoryConfigurationDelegate - Bootstrapping Spring Data JPA repositories in DEFAULT mode.
2026-01-21 14:31:01.128 [restartedMain] INFO  org.springframework.data.repository.config.RepositoryConfigurationDelegate - Finished Spring Data repository scanning in 94 ms. Found 3 JPA repository interfaces.
2026-01-21 14:31:01.501 [restartedMain] INFO  org.springframework.boot.web.embedded.tomcat.TomcatWebServer - Tomcat initialized with port 8080 (http)
2026-01-21 14:31:01.504 [restartedMain] INFO  org.apache.catalina.core.StandardService - Starting service [Tomcat]
2026-01-21 14:31:01.504 [restartedMain] INFO  org.apache.catalina.core.StandardEngine - Starting Servlet engine: [Apache Tomcat/10.1.17]
2026-01-21 14:31:01.654 [restartedMain] INFO  org.apache.catalina.core.ContainerBase.[Tomcat-1].[localhost].[/] - Initializing Spring embedded WebApplicationContext
2026-01-21 14:31:01.654 [restartedMain] INFO  org.springframework.boot.web.servlet.context.ServletWebServerApplicationContext - Root WebApplicationContext: initialization completed in 1020 ms
2026-01-21 14:31:01.671 [restartedMain] INFO  com.zaxxer.hikari.HikariDataSource - HikariPool-8 - Starting...
2026-01-21 14:31:01.887 [restartedMain] INFO  com.zaxxer.hikari.pool.HikariPool - HikariPool-8 - Added connection conn72: url=jdbc:h2:file:./data/filestorage user=ADMIN
2026-01-21 14:31:01.887 [restartedMain] INFO  com.zaxxer.hikari.HikariDataSource - HikariPool-8 - Start completed.
2026-01-21 14:31:01.887 [restartedMain] INFO  org.springframework.boot.autoconfigure.h2.H2ConsoleAutoConfiguration - H2 console available at '/h2-console'. Database available at 'jdbc:h2:file:./data/filestorage'
2026-01-21 14:31:01.974 [restartedMain] INFO  org.hibernate.jpa.internal.util.LogHelper - HHH000204: Processing PersistenceUnitInfo [name: default]
2026-01-21 14:31:01.983 [restartedMain] INFO  org.hibernate.cache.internal.RegionFactoryInitiator - HHH000026: Second-level cache disabled
2026-01-21 14:31:01.989 [restartedMain] INFO  org.springframework.orm.jpa.persistenceunit.SpringPersistenceUnitInfo - No LoadTimeWeaver setup: ignoring JPA class transformer
2026-01-21 14:31:01.991 [restartedMain] WARN  org.hibernate.orm.deprecation - HHH90000025: H2Dialect does not need to be specified explicitly using 'hibernate.dialect' (remove the property setting and it will be selected by default)
2026-01-21 14:31:02.204 [restartedMain] INFO  org.hibernate.engine.transaction.jta.platform.internal.JtaPlatformInitiator - HHH000489: No JTA platform available (set 'hibernate.transaction.jta.platform' to enable JTA platform integration)
2026-01-21 14:31:02.208 [restartedMain] INFO  org.springframework.orm.jpa.LocalContainerEntityManagerFactoryBean - Initialized JPA EntityManagerFactory for persistence unit 'default'
2026-01-21 14:31:02.393 [restartedMain] DEBUG com.filestorage.security.JwtAuthenticationFilter - Filter 'jwtAuthenticationFilter' configured for use
2026-01-21 14:31:02.621 [restartedMain] WARN  org.springframework.boot.autoconfigure.orm.jpa.JpaBaseConfiguration$JpaWebConfiguration - spring.jpa.open-in-view is enabled by default. Therefore, database queries may be performed during view rendering. Explicitly configure spring.jpa.open-in-view to disable this warning
2026-01-21 14:31:02.768 [restartedMain] INFO  org.springframework.security.web.DefaultSecurityFilterChain - Will secure any request with [org.springframework.security.web.session.DisableEncodeUrlFilter@7f090c6f, org.springframework.security.web.context.request.async.WebAsyncManagerIntegrationFilter@44c019c4, org.springframework.security.web.context.SecurityContextHolderFilter@6df5fcb, org.springframework.security.web.header.HeaderWriterFilter@4fbe4dd1, org.springframework.web.filter.CorsFilter@1ef213a2, org.springframework.security.web.authentication.logout.LogoutFilter@437f8a2, com.filestorage.security.JwtAuthenticationFilter@6a0f8aa8, org.springframework.security.web.savedrequest.RequestCacheAwareFilter@61dfb981, org.springframework.security.web.servletapi.SecurityContextHolderAwareRequestFilter@5cb2a0ae, org.springframework.security.web.authentication.AnonymousAuthenticationFilter@7ea7f3c7, org.springframework.security.web.session.SessionManagementFilter@770a7edd, org.springframework.security.web.access.ExceptionTranslationFilter@1f6f0110, org.springframework.security.web.access.intercept.AuthorizationFilter@51462e7d]
2026-01-21 14:31:02.919 [restartedMain] INFO  org.springframework.boot.devtools.autoconfigure.OptionalLiveReloadServer - LiveReload server is running on port 35729
2026-01-21 14:31:02.927 [restartedMain] INFO  org.apache.coyote.http11.Http11NioProtocol - Starting ProtocolHandler ["http-nio-8080"]
2026-01-21 14:31:02.964 [restartedMain] INFO  org.springframework.boot.web.embedded.tomcat.TomcatWebServer - Tomcat started on port 8080 (http) with context path ''
2026-01-21 14:31:02.968 [restartedMain] INFO  com.filestorage.FileStorageApplication - Started FileStorageApplication in 2.532 seconds (process running for 2571.982)
2026-01-21 14:31:02.969 [restartedMain] INFO  org.springframework.boot.devtools.autoconfigure.ConditionEvaluationDeltaLoggingListener - Condition evaluation unchanged
2026-01-21 14:32:32.069 [http-nio-8080-exec-1] INFO  org.apache.catalina.core.ContainerBase.[Tomcat-1].[localhost].[/] - Initializing Spring DispatcherServlet 'dispatcherServlet'
2026-01-21 14:32:32.069 [http-nio-8080-exec-1] INFO  org.springframework.web.servlet.DispatcherServlet - Initializing Servlet 'dispatcherServlet'
2026-01-21 14:32:32.071 [http-nio-8080-exec-1] INFO  org.springframework.web.servlet.DispatcherServlet - Completed initialization in 2 ms
2026-01-21 14:32:32.085 [http-nio-8080-exec-5] DEBUG com.filestorage.security.JwtTokenProvider - JWT token validated successfully
2026-01-21 14:32:32.088 [http-nio-8080-exec-5] DEBUG com.filestorage.security.JwtAuthenticationFilter - JWT token validated for user: userid1
2026-01-21 14:32:32.089 [http-nio-8080-exec-5] DEBUG com.filestorage.service.UserDetailsServiceImpl - Loading user details for username: userid1
2026-01-21 14:32:32.110 [http-nio-8080-exec-6] DEBUG com.filestorage.security.JwtTokenProvider - JWT token validated successfully
2026-01-21 14:32:32.113 [http-nio-8080-exec-6] DEBUG com.filestorage.security.JwtAuthenticationFilter - JWT token validated for user: userid1
2026-01-21 14:32:32.113 [http-nio-8080-exec-6] DEBUG com.filestorage.service.UserDetailsServiceImpl - Loading user details for username: userid1
2026-01-21 14:32:32.162 [http-nio-8080-exec-5] DEBUG com.filestorage.service.UserDetailsServiceImpl - User details loaded successfully for: userid1
2026-01-21 14:32:32.163 [http-nio-8080-exec-5] DEBUG com.filestorage.security.JwtAuthenticationFilter - User userid1 authenticated successfully via JWT
2026-01-21 14:32:32.167 [http-nio-8080-exec-5] DEBUG com.filestorage.controller.FolderController - Fetching folders for user: userid1 in parent folder: null
2026-01-21 14:32:32.168 [http-nio-8080-exec-6] DEBUG com.filestorage.service.UserDetailsServiceImpl - User details loaded successfully for: userid1
2026-01-21 14:32:32.169 [http-nio-8080-exec-6] DEBUG com.filestorage.security.JwtAuthenticationFilter - User userid1 authenticated successfully via JWT
2026-01-21 14:32:32.170 [http-nio-8080-exec-5] DEBUG com.filestorage.service.FolderService - Fetching folders for user ID: 1 with parent folder ID: null
2026-01-21 14:32:32.172 [http-nio-8080-exec-6] DEBUG com.filestorage.controller.FileController - Fetching files for user: userid1 in folder: null
2026-01-21 14:32:32.174 [http-nio-8080-exec-5] DEBUG com.filestorage.service.FolderService - Found 1 folders for user ID: 1
2026-01-21 14:32:32.175 [http-nio-8080-exec-5] DEBUG com.filestorage.controller.FolderController - Retrieved 1 folders for user: userid1
2026-01-21 14:32:32.180 [http-nio-8080-exec-6] DEBUG com.filestorage.service.FileStorageService - Fetching files for user ID: 1 in folder ID: null
2026-01-21 14:32:32.187 [http-nio-8080-exec-6] DEBUG com.filestorage.service.FileStorageService - Found 0 files for user ID: 1
2026-01-21 14:32:32.188 [http-nio-8080-exec-6] DEBUG com.filestorage.controller.FileController - Retrieved 0 files for user: userid1
2026-01-21 14:32:45.169 [http-nio-8080-exec-3] DEBUG com.filestorage.security.JwtTokenProvider - JWT token validated successfully
2026-01-21 14:32:45.171 [http-nio-8080-exec-4] DEBUG com.filestorage.security.JwtTokenProvider - JWT token validated successfully
2026-01-21 14:32:45.171 [http-nio-8080-exec-3] DEBUG com.filestorage.security.JwtAuthenticationFilter - JWT token validated for user: userid1
2026-01-21 14:32:45.171 [http-nio-8080-exec-3] DEBUG com.filestorage.service.UserDetailsServiceImpl - Loading user details for username: userid1
2026-01-21 14:32:45.172 [http-nio-8080-exec-4] DEBUG com.filestorage.security.JwtAuthenticationFilter - JWT token validated for user: userid1
2026-01-21 14:32:45.172 [http-nio-8080-exec-4] DEBUG com.filestorage.service.UserDetailsServiceImpl - Loading user details for username: userid1
2026-01-21 14:32:45.173 [http-nio-8080-exec-3] DEBUG com.filestorage.service.UserDetailsServiceImpl - User details loaded successfully for: userid1
2026-01-21 14:32:45.173 [http-nio-8080-exec-3] DEBUG com.filestorage.security.JwtAuthenticationFilter - User userid1 authenticated successfully via JWT
2026-01-21 14:32:45.174 [http-nio-8080-exec-4] DEBUG com.filestorage.service.UserDetailsServiceImpl - User details loaded successfully for: userid1
2026-01-21 14:32:45.174 [http-nio-8080-exec-4] DEBUG com.filestorage.security.JwtAuthenticationFilter - User userid1 authenticated successfully via JWT
2026-01-21 14:32:45.174 [http-nio-8080-exec-3] DEBUG com.filestorage.controller.FolderController - Fetching folders for user: userid1 in parent folder: null
2026-01-21 14:32:45.175 [http-nio-8080-exec-4] DEBUG com.filestorage.controller.FileController - Fetching files for user: userid1 in folder: null
2026-01-21 14:32:45.176 [http-nio-8080-exec-3] DEBUG com.filestorage.service.FolderService - Fetching folders for user ID: 1 with parent folder ID: null
2026-01-21 14:32:45.176 [http-nio-8080-exec-4] DEBUG com.filestorage.service.FileStorageService - Fetching files for user ID: 1 in folder ID: null
2026-01-21 14:32:45.177 [http-nio-8080-exec-4] DEBUG com.filestorage.service.FileStorageService - Found 0 files for user ID: 1
2026-01-21 14:32:45.177 [http-nio-8080-exec-4] DEBUG com.filestorage.controller.FileController - Retrieved 0 files for user: userid1
2026-01-21 14:32:45.177 [http-nio-8080-exec-3] DEBUG com.filestorage.service.FolderService - Found 1 folders for user ID: 1
2026-01-21 14:32:45.177 [http-nio-8080-exec-3] DEBUG com.filestorage.controller.FolderController - Retrieved 1 folders for user: userid1
2026-01-21 14:35:03.295 [http-nio-8080-exec-2] INFO  com.filestorage.controller.AuthController - Login attempt for user: userid1
2026-01-21 14:35:03.399 [http-nio-8080-exec-2] DEBUG com.filestorage.service.UserDetailsServiceImpl - Loading user details for username: userid1
2026-01-21 14:35:03.402 [http-nio-8080-exec-2] DEBUG com.filestorage.service.UserDetailsServiceImpl - User details loaded successfully for: userid1
2026-01-21 14:35:03.499 [http-nio-8080-exec-2] DEBUG com.filestorage.security.JwtTokenProvider - Generating JWT token for user: userid1
2026-01-21 14:35:03.501 [http-nio-8080-exec-2] DEBUG com.filestorage.security.JwtTokenProvider - JWT token generated successfully for user: userid1
2026-01-21 14:35:03.503 [http-nio-8080-exec-2] INFO  com.filestorage.controller.AuthController - User userid1 logged in successfully
2026-01-21 14:35:03.526 [http-nio-8080-exec-9] DEBUG com.filestorage.security.JwtTokenProvider - JWT token validated successfully
2026-01-21 14:35:03.527 [http-nio-8080-exec-10] DEBUG com.filestorage.security.JwtTokenProvider - JWT token validated successfully
2026-01-21 14:35:03.529 [http-nio-8080-exec-10] DEBUG com.filestorage.security.JwtAuthenticationFilter - JWT token validated for user: userid1
2026-01-21 14:35:03.529 [http-nio-8080-exec-9] DEBUG com.filestorage.security.JwtAuthenticationFilter - JWT token validated for user: userid1
2026-01-21 14:35:03.529 [http-nio-8080-exec-10] DEBUG com.filestorage.service.UserDetailsServiceImpl - Loading user details for username: userid1
2026-01-21 14:35:03.529 [http-nio-8080-exec-9] DEBUG com.filestorage.service.UserDetailsServiceImpl - Loading user details for username: userid1
2026-01-21 14:35:03.532 [http-nio-8080-exec-9] DEBUG com.filestorage.service.UserDetailsServiceImpl - User details loaded successfully for: userid1
2026-01-21 14:35:03.533 [http-nio-8080-exec-9] DEBUG com.filestorage.security.JwtAuthenticationFilter - User userid1 authenticated successfully via JWT
2026-01-21 14:35:03.532 [http-nio-8080-exec-10] DEBUG com.filestorage.service.UserDetailsServiceImpl - User details loaded successfully for: userid1
2026-01-21 14:35:03.533 [http-nio-8080-exec-10] DEBUG com.filestorage.security.JwtAuthenticationFilter - User userid1 authenticated successfully via JWT
2026-01-21 14:35:03.534 [http-nio-8080-exec-9] DEBUG com.filestorage.controller.FolderController - Fetching folders for user: userid1 in parent folder: null
2026-01-21 14:35:03.534 [http-nio-8080-exec-10] DEBUG com.filestorage.controller.FileController - Fetching files for user: userid1 in folder: null
2026-01-21 14:35:03.535 [http-nio-8080-exec-9] DEBUG com.filestorage.service.FolderService - Fetching folders for user ID: 1 with parent folder ID: null
2026-01-21 14:35:03.537 [http-nio-8080-exec-10] DEBUG com.filestorage.service.FileStorageService - Fetching files for user ID: 1 in folder ID: null
2026-01-21 14:35:03.540 [http-nio-8080-exec-10] DEBUG com.filestorage.service.FileStorageService - Found 0 files for user ID: 1
2026-01-21 14:35:03.540 [http-nio-8080-exec-10] DEBUG com.filestorage.controller.FileController - Retrieved 0 files for user: userid1
2026-01-21 14:35:03.541 [http-nio-8080-exec-9] DEBUG com.filestorage.service.FolderService - Found 1 folders for user ID: 1
2026-01-21 14:35:03.541 [http-nio-8080-exec-9] DEBUG com.filestorage.controller.FolderController - Retrieved 1 folders for user: userid1
2026-01-21 15:06:28.606 [http-nio-8080-exec-3] INFO  com.filestorage.controller.AuthController - Login attempt for user: userid1
2026-01-21 15:06:28.607 [http-nio-8080-exec-3] DEBUG com.filestorage.service.UserDetailsServiceImpl - Loading user details for username: userid1
2026-01-21 15:06:28.610 [http-nio-8080-exec-3] DEBUG com.filestorage.service.UserDetailsServiceImpl - User details loaded successfully for: userid1
2026-01-21 15:06:28.676 [http-nio-8080-exec-3] DEBUG com.filestorage.security.JwtTokenProvider - Generating JWT token for user: userid1
2026-01-21 15:06:28.678 [http-nio-8080-exec-3] DEBUG com.filestorage.security.JwtTokenProvider - JWT token generated successfully for user: userid1
2026-01-21 15:06:28.680 [http-nio-8080-exec-3] INFO  com.filestorage.controller.AuthController - User userid1 logged in successfully
2026-01-21 15:06:28.692 [http-nio-8080-exec-5] DEBUG com.filestorage.security.JwtTokenProvider - JWT token validated successfully
2026-01-21 15:06:28.692 [http-nio-8080-exec-1] DEBUG com.filestorage.security.JwtTokenProvider - JWT token validated successfully
2026-01-21 15:06:28.693 [http-nio-8080-exec-5] DEBUG com.filestorage.security.JwtAuthenticationFilter - JWT token validated for user: userid1
2026-01-21 15:06:28.693 [http-nio-8080-exec-1] DEBUG com.filestorage.security.JwtAuthenticationFilter - JWT token validated for user: userid1
2026-01-21 15:06:28.693 [http-nio-8080-exec-5] DEBUG com.filestorage.service.UserDetailsServiceImpl - Loading user details for username: userid1
2026-01-21 15:06:28.693 [http-nio-8080-exec-1] DEBUG com.filestorage.service.UserDetailsServiceImpl - Loading user details for username: userid1
2026-01-21 15:06:28.695 [http-nio-8080-exec-5] DEBUG com.filestorage.service.UserDetailsServiceImpl - User details loaded successfully for: userid1
2026-01-21 15:06:28.695 [http-nio-8080-exec-5] DEBUG com.filestorage.security.JwtAuthenticationFilter - User userid1 authenticated successfully via JWT
2026-01-21 15:06:28.696 [http-nio-8080-exec-1] DEBUG com.filestorage.service.UserDetailsServiceImpl - User details loaded successfully for: userid1
2026-01-21 15:06:28.696 [http-nio-8080-exec-1] DEBUG com.filestorage.security.JwtAuthenticationFilter - User userid1 authenticated successfully via JWT
2026-01-21 15:06:28.696 [http-nio-8080-exec-1] DEBUG com.filestorage.controller.FileController - Fetching files for user: userid1 in folder: null
2026-01-21 15:06:28.696 [http-nio-8080-exec-5] DEBUG com.filestorage.controller.FolderController - Fetching folders for user: userid1 in parent folder: null
2026-01-21 15:06:28.697 [http-nio-8080-exec-1] DEBUG com.filestorage.service.FileStorageService - Fetching files for user ID: 1 in folder ID: null
2026-01-21 15:06:28.697 [http-nio-8080-exec-5] DEBUG com.filestorage.service.FolderService - Fetching folders for user ID: 1 with parent folder ID: null
2026-01-21 15:06:28.698 [http-nio-8080-exec-1] DEBUG com.filestorage.service.FileStorageService - Found 0 files for user ID: 1
2026-01-21 15:06:28.698 [http-nio-8080-exec-1] DEBUG com.filestorage.controller.FileController - Retrieved 0 files for user: userid1
2026-01-21 15:06:28.700 [http-nio-8080-exec-5] DEBUG com.filestorage.service.FolderService - Found 1 folders for user ID: 1
2026-01-21 15:06:28.700 [http-nio-8080-exec-5] DEBUG com.filestorage.controller.FolderController - Retrieved 1 folders for user: userid1
2026-01-21 15:06:29.700 [http-nio-8080-exec-9] DEBUG com.filestorage.security.JwtTokenProvider - JWT token validated successfully
2026-01-21 15:06:29.700 [http-nio-8080-exec-2] DEBUG com.filestorage.security.JwtTokenProvider - JWT token validated successfully
2026-01-21 15:06:29.702 [http-nio-8080-exec-9] DEBUG com.filestorage.security.JwtAuthenticationFilter - JWT token validated for user: userid1
2026-01-21 15:06:29.702 [http-nio-8080-exec-2] DEBUG com.filestorage.security.JwtAuthenticationFilter - JWT token validated for user: userid1
2026-01-21 15:06:29.702 [http-nio-8080-exec-9] DEBUG com.filestorage.service.UserDetailsServiceImpl - Loading user details for username: userid1
2026-01-21 15:06:29.702 [http-nio-8080-exec-2] DEBUG com.filestorage.service.UserDetailsServiceImpl - Loading user details for username: userid1
2026-01-21 15:06:29.705 [http-nio-8080-exec-2] DEBUG com.filestorage.service.UserDetailsServiceImpl - User details loaded successfully for: userid1
2026-01-21 15:06:29.705 [http-nio-8080-exec-9] DEBUG com.filestorage.service.UserDetailsServiceImpl - User details loaded successfully for: userid1
2026-01-21 15:06:29.705 [http-nio-8080-exec-2] DEBUG com.filestorage.security.JwtAuthenticationFilter - User userid1 authenticated successfully via JWT
2026-01-21 15:06:29.705 [http-nio-8080-exec-9] DEBUG com.filestorage.security.JwtAuthenticationFilter - User userid1 authenticated successfully via JWT
2026-01-21 15:06:29.706 [http-nio-8080-exec-9] DEBUG com.filestorage.controller.FolderController - Fetching folders for user: userid1 in parent folder: 1
2026-01-21 15:06:29.706 [http-nio-8080-exec-2] DEBUG com.filestorage.controller.FileController - Fetching files for user: userid1 in folder: 1
2026-01-21 15:06:29.707 [http-nio-8080-exec-9] DEBUG com.filestorage.service.FolderService - Fetching folders for user ID: 1 with parent folder ID: 1
2026-01-21 15:06:29.707 [http-nio-8080-exec-2] DEBUG com.filestorage.service.FileStorageService - Fetching files for user ID: 1 in folder ID: 1
2026-01-21 15:06:29.712 [http-nio-8080-exec-9] DEBUG com.filestorage.service.FolderService - Found 2 folders for user ID: 1
2026-01-21 15:06:29.712 [http-nio-8080-exec-9] DEBUG com.filestorage.controller.FolderController - Retrieved 2 folders for user: userid1
2026-01-21 15:06:29.712 [http-nio-8080-exec-2] DEBUG com.filestorage.service.FileStorageService - Found 2 files for user ID: 1
2026-01-21 15:06:29.712 [http-nio-8080-exec-2] DEBUG com.filestorage.controller.FileController - Retrieved 2 files for user: userid1
2026-01-21 15:06:32.097 [http-nio-8080-exec-10] DEBUG com.filestorage.security.JwtTokenProvider - JWT token validated successfully
2026-01-21 15:06:32.097 [http-nio-8080-exec-3] DEBUG com.filestorage.security.JwtTokenProvider - JWT token validated successfully
2026-01-21 15:06:32.099 [http-nio-8080-exec-10] DEBUG com.filestorage.security.JwtAuthenticationFilter - JWT token validated for user: userid1
2026-01-21 15:06:32.099 [http-nio-8080-exec-10] DEBUG com.filestorage.service.UserDetailsServiceImpl - Loading user details for username: userid1
2026-01-21 15:06:32.099 [http-nio-8080-exec-3] DEBUG com.filestorage.security.JwtAuthenticationFilter - JWT token validated for user: userid1
2026-01-21 15:06:32.099 [http-nio-8080-exec-3] DEBUG com.filestorage.service.UserDetailsServiceImpl - Loading user details for username: userid1
2026-01-21 15:06:32.101 [http-nio-8080-exec-3] DEBUG com.filestorage.service.UserDetailsServiceImpl - User details loaded successfully for: userid1
2026-01-21 15:06:32.101 [http-nio-8080-exec-3] DEBUG com.filestorage.security.JwtAuthenticationFilter - User userid1 authenticated successfully via JWT
2026-01-21 15:06:32.101 [http-nio-8080-exec-10] DEBUG com.filestorage.service.UserDetailsServiceImpl - User details loaded successfully for: userid1
2026-01-21 15:06:32.101 [http-nio-8080-exec-10] DEBUG com.filestorage.security.JwtAuthenticationFilter - User userid1 authenticated successfully via JWT
2026-01-21 15:06:32.102 [http-nio-8080-exec-10] DEBUG com.filestorage.controller.FolderController - Fetching folders for user: userid1 in parent folder: null
2026-01-21 15:06:32.102 [http-nio-8080-exec-3] DEBUG com.filestorage.controller.FileController - Fetching files for user: userid1 in folder: null
2026-01-21 15:06:32.103 [http-nio-8080-exec-10] DEBUG com.filestorage.service.FolderService - Fetching folders for user ID: 1 with parent folder ID: null
2026-01-21 15:06:32.103 [http-nio-8080-exec-3] DEBUG com.filestorage.service.FileStorageService - Fetching files for user ID: 1 in folder ID: null
2026-01-21 15:06:32.104 [http-nio-8080-exec-3] DEBUG com.filestorage.service.FileStorageService - Found 0 files for user ID: 1
2026-01-21 15:06:32.104 [http-nio-8080-exec-3] DEBUG com.filestorage.controller.FileController - Retrieved 0 files for user: userid1
2026-01-21 15:06:32.104 [http-nio-8080-exec-10] DEBUG com.filestorage.service.FolderService - Found 1 folders for user ID: 1
2026-01-21 15:06:32.104 [http-nio-8080-exec-10] DEBUG com.filestorage.controller.FolderController - Retrieved 1 folders for user: userid1
2026-01-21 15:06:32.689 [http-nio-8080-exec-4] DEBUG com.filestorage.security.JwtTokenProvider - JWT token validated successfully
2026-01-21 15:06:32.689 [http-nio-8080-exec-8] DEBUG com.filestorage.security.JwtTokenProvider - JWT token validated successfully
2026-01-21 15:06:32.691 [http-nio-8080-exec-4] DEBUG com.filestorage.security.JwtAuthenticationFilter - JWT token validated for user: userid1
2026-01-21 15:06:32.691 [http-nio-8080-exec-8] DEBUG com.filestorage.security.JwtAuthenticationFilter - JWT token validated for user: userid1
2026-01-21 15:06:32.691 [http-nio-8080-exec-8] DEBUG com.filestorage.service.UserDetailsServiceImpl - Loading user details for username: userid1
2026-01-21 15:06:32.691 [http-nio-8080-exec-4] DEBUG com.filestorage.service.UserDetailsServiceImpl - Loading user details for username: userid1
2026-01-21 15:06:32.692 [http-nio-8080-exec-8] DEBUG com.filestorage.service.UserDetailsServiceImpl - User details loaded successfully for: userid1
2026-01-21 15:06:32.692 [http-nio-8080-exec-4] DEBUG com.filestorage.service.UserDetailsServiceImpl - User details loaded successfully for: userid1
2026-01-21 15:06:32.693 [http-nio-8080-exec-4] DEBUG com.filestorage.security.JwtAuthenticationFilter - User userid1 authenticated successfully via JWT
2026-01-21 15:06:32.693 [http-nio-8080-exec-8] DEBUG com.filestorage.security.JwtAuthenticationFilter - User userid1 authenticated successfully via JWT
2026-01-21 15:06:32.693 [http-nio-8080-exec-4] DEBUG com.filestorage.controller.FileController - Fetching files for user: userid1 in folder: 1
2026-01-21 15:06:32.693 [http-nio-8080-exec-8] DEBUG com.filestorage.controller.FolderController - Fetching folders for user: userid1 in parent folder: 1
2026-01-21 15:06:32.695 [http-nio-8080-exec-4] DEBUG com.filestorage.service.FileStorageService - Fetching files for user ID: 1 in folder ID: 1
2026-01-21 15:06:32.695 [http-nio-8080-exec-8] DEBUG com.filestorage.service.FolderService - Fetching folders for user ID: 1 with parent folder ID: 1
2026-01-21 15:06:32.697 [http-nio-8080-exec-4] DEBUG com.filestorage.service.FileStorageService - Found 2 files for user ID: 1
2026-01-21 15:06:32.697 [http-nio-8080-exec-8] DEBUG com.filestorage.service.FolderService - Found 2 folders for user ID: 1
2026-01-21 15:06:32.697 [http-nio-8080-exec-4] DEBUG com.filestorage.controller.FileController - Retrieved 2 files for user: userid1
2026-01-21 15:06:32.697 [http-nio-8080-exec-8] DEBUG com.filestorage.controller.FolderController - Retrieved 2 folders for user: userid1
2026-01-21 15:06:33.755 [http-nio-8080-exec-6] DEBUG com.filestorage.security.JwtTokenProvider - JWT token validated successfully
2026-01-21 15:06:33.755 [http-nio-8080-exec-7] DEBUG com.filestorage.security.JwtTokenProvider - JWT token validated successfully
2026-01-21 15:06:33.756 [http-nio-8080-exec-6] DEBUG com.filestorage.security.JwtAuthenticationFilter - JWT token validated for user: userid1
2026-01-21 15:06:33.756 [http-nio-8080-exec-6] DEBUG com.filestorage.service.UserDetailsServiceImpl - Loading user details for username: userid1
2026-01-21 15:06:33.756 [http-nio-8080-exec-7] DEBUG com.filestorage.security.JwtAuthenticationFilter - JWT token validated for user: userid1
2026-01-21 15:06:33.756 [http-nio-8080-exec-7] DEBUG com.filestorage.service.UserDetailsServiceImpl - Loading user details for username: userid1
2026-01-21 15:06:33.757 [http-nio-8080-exec-7] DEBUG com.filestorage.service.UserDetailsServiceImpl - User details loaded successfully for: userid1
2026-01-21 15:06:33.757 [http-nio-8080-exec-6] DEBUG com.filestorage.service.UserDetailsServiceImpl - User details loaded successfully for: userid1
2026-01-21 15:06:33.757 [http-nio-8080-exec-6] DEBUG com.filestorage.security.JwtAuthenticationFilter - User userid1 authenticated successfully via JWT
2026-01-21 15:06:33.757 [http-nio-8080-exec-7] DEBUG com.filestorage.security.JwtAuthenticationFilter - User userid1 authenticated successfully via JWT
2026-01-21 15:06:33.758 [http-nio-8080-exec-6] DEBUG com.filestorage.controller.FolderController - Fetching folders for user: userid1 in parent folder: null
2026-01-21 15:06:33.758 [http-nio-8080-exec-7] DEBUG com.filestorage.controller.FileController - Fetching files for user: userid1 in folder: null
2026-01-21 15:06:33.759 [http-nio-8080-exec-6] DEBUG com.filestorage.service.FolderService - Fetching folders for user ID: 1 with parent folder ID: null
2026-01-21 15:06:33.759 [http-nio-8080-exec-7] DEBUG com.filestorage.service.FileStorageService - Fetching files for user ID: 1 in folder ID: null
2026-01-21 15:06:33.760 [http-nio-8080-exec-6] DEBUG com.filestorage.service.FolderService - Found 1 folders for user ID: 1
2026-01-21 15:06:33.760 [http-nio-8080-exec-7] DEBUG com.filestorage.service.FileStorageService - Found 0 files for user ID: 1
2026-01-21 15:06:33.760 [http-nio-8080-exec-7] DEBUG com.filestorage.controller.FileController - Retrieved 0 files for user: userid1
2026-01-21 15:06:33.760 [http-nio-8080-exec-6] DEBUG com.filestorage.controller.FolderController - Retrieved 1 folders for user: userid1
2026-01-21 15:06:34.499 [http-nio-8080-exec-3] DEBUG com.filestorage.security.JwtTokenProvider - JWT token validated successfully
2026-01-21 15:06:34.499 [http-nio-8080-exec-10] DEBUG com.filestorage.security.JwtTokenProvider - JWT token validated successfully
2026-01-21 15:06:34.500 [http-nio-8080-exec-3] DEBUG com.filestorage.security.JwtAuthenticationFilter - JWT token validated for user: userid1
2026-01-21 15:06:34.500 [http-nio-8080-exec-3] DEBUG com.filestorage.service.UserDetailsServiceImpl - Loading user details for username: userid1
2026-01-21 15:06:34.500 [http-nio-8080-exec-10] DEBUG com.filestorage.security.JwtAuthenticationFilter - JWT token validated for user: userid1
2026-01-21 15:06:34.500 [http-nio-8080-exec-10] DEBUG com.filestorage.service.UserDetailsServiceImpl - Loading user details for username: userid1
2026-01-21 15:06:34.501 [http-nio-8080-exec-3] DEBUG com.filestorage.service.UserDetailsServiceImpl - User details loaded successfully for: userid1
2026-01-21 15:06:34.501 [http-nio-8080-exec-10] DEBUG com.filestorage.service.UserDetailsServiceImpl - User details loaded successfully for: userid1
2026-01-21 15:06:34.501 [http-nio-8080-exec-3] DEBUG com.filestorage.security.JwtAuthenticationFilter - User userid1 authenticated successfully via JWT
2026-01-21 15:06:34.501 [http-nio-8080-exec-10] DEBUG com.filestorage.security.JwtAuthenticationFilter - User userid1 authenticated successfully via JWT
2026-01-21 15:06:34.502 [http-nio-8080-exec-3] DEBUG com.filestorage.controller.FolderController - Fetching folders for user: userid1 in parent folder: 1
2026-01-21 15:06:34.502 [http-nio-8080-exec-10] DEBUG com.filestorage.controller.FileController - Fetching files for user: userid1 in folder: 1
2026-01-21 15:06:34.502 [http-nio-8080-exec-3] DEBUG com.filestorage.service.FolderService - Fetching folders for user ID: 1 with parent folder ID: 1
2026-01-21 15:06:34.502 [http-nio-8080-exec-10] DEBUG com.filestorage.service.FileStorageService - Fetching files for user ID: 1 in folder ID: 1
2026-01-21 15:06:34.505 [http-nio-8080-exec-10] DEBUG com.filestorage.service.FileStorageService - Found 2 files for user ID: 1
2026-01-21 15:06:34.505 [http-nio-8080-exec-10] DEBUG com.filestorage.controller.FileController - Retrieved 2 files for user: userid1
2026-01-21 15:06:34.505 [http-nio-8080-exec-3] DEBUG com.filestorage.service.FolderService - Found 2 folders for user ID: 1
2026-01-21 15:06:34.505 [http-nio-8080-exec-3] DEBUG com.filestorage.controller.FolderController - Retrieved 2 folders for user: userid1
2026-01-21 15:06:36.824 [http-nio-8080-exec-4] DEBUG com.filestorage.security.JwtTokenProvider - JWT token validated successfully
2026-01-21 15:06:36.824 [http-nio-8080-exec-8] DEBUG com.filestorage.security.JwtTokenProvider - JWT token validated successfully
2026-01-21 15:06:36.826 [http-nio-8080-exec-4] DEBUG com.filestorage.security.JwtAuthenticationFilter - JWT token validated for user: userid1
2026-01-21 15:06:36.826 [http-nio-8080-exec-8] DEBUG com.filestorage.security.JwtAuthenticationFilter - JWT token validated for user: userid1
2026-01-21 15:06:36.826 [http-nio-8080-exec-4] DEBUG com.filestorage.service.UserDetailsServiceImpl - Loading user details for username: userid1
2026-01-21 15:06:36.826 [http-nio-8080-exec-8] DEBUG com.filestorage.service.UserDetailsServiceImpl - Loading user details for username: userid1
2026-01-21 15:06:36.828 [http-nio-8080-exec-4] DEBUG com.filestorage.service.UserDetailsServiceImpl - User details loaded successfully for: userid1
2026-01-21 15:06:36.828 [http-nio-8080-exec-8] DEBUG com.filestorage.service.UserDetailsServiceImpl - User details loaded successfully for: userid1
2026-01-21 15:06:36.828 [http-nio-8080-exec-4] DEBUG com.filestorage.security.JwtAuthenticationFilter - User userid1 authenticated successfully via JWT
2026-01-21 15:06:36.828 [http-nio-8080-exec-8] DEBUG com.filestorage.security.JwtAuthenticationFilter - User userid1 authenticated successfully via JWT
2026-01-21 15:06:36.829 [http-nio-8080-exec-4] DEBUG com.filestorage.controller.FileController - Fetching files for user: userid1 in folder: null
2026-01-21 15:06:36.829 [http-nio-8080-exec-8] DEBUG com.filestorage.controller.FolderController - Fetching folders for user: userid1 in parent folder: null
2026-01-21 15:06:36.830 [http-nio-8080-exec-8] DEBUG com.filestorage.service.FolderService - Fetching folders for user ID: 1 with parent folder ID: null
2026-01-21 15:06:36.830 [http-nio-8080-exec-4] DEBUG com.filestorage.service.FileStorageService - Fetching files for user ID: 1 in folder ID: null
2026-01-21 15:06:36.831 [http-nio-8080-exec-4] DEBUG com.filestorage.service.FileStorageService - Found 0 files for user ID: 1
2026-01-21 15:06:36.832 [http-nio-8080-exec-4] DEBUG com.filestorage.controller.FileController - Retrieved 0 files for user: userid1
2026-01-21 15:06:36.832 [http-nio-8080-exec-8] DEBUG com.filestorage.service.FolderService - Found 1 folders for user ID: 1
2026-01-21 15:06:36.832 [http-nio-8080-exec-8] DEBUG com.filestorage.controller.FolderController - Retrieved 1 folders for user: userid1
2026-01-21 15:06:39.426 [http-nio-8080-exec-7] DEBUG com.filestorage.security.JwtTokenProvider - JWT token validated successfully
2026-01-21 15:06:39.426 [http-nio-8080-exec-6] DEBUG com.filestorage.security.JwtTokenProvider - JWT token validated successfully
2026-01-21 15:06:39.428 [http-nio-8080-exec-6] DEBUG com.filestorage.security.JwtAuthenticationFilter - JWT token validated for user: userid1
2026-01-21 15:06:39.428 [http-nio-8080-exec-7] DEBUG com.filestorage.security.JwtAuthenticationFilter - JWT token validated for user: userid1
2026-01-21 15:06:39.428 [http-nio-8080-exec-7] DEBUG com.filestorage.service.UserDetailsServiceImpl - Loading user details for username: userid1
2026-01-21 15:06:39.428 [http-nio-8080-exec-6] DEBUG com.filestorage.service.UserDetailsServiceImpl - Loading user details for username: userid1
2026-01-21 15:06:39.430 [http-nio-8080-exec-7] DEBUG com.filestorage.service.UserDetailsServiceImpl - User details loaded successfully for: userid1
2026-01-21 15:06:39.430 [http-nio-8080-exec-6] DEBUG com.filestorage.service.UserDetailsServiceImpl - User details loaded successfully for: userid1
2026-01-21 15:06:39.430 [http-nio-8080-exec-7] DEBUG com.filestorage.security.JwtAuthenticationFilter - User userid1 authenticated successfully via JWT
2026-01-21 15:06:39.430 [http-nio-8080-exec-6] DEBUG com.filestorage.security.JwtAuthenticationFilter - User userid1 authenticated successfully via JWT
2026-01-21 15:06:39.430 [http-nio-8080-exec-6] DEBUG com.filestorage.controller.FolderController - Fetching folders for user: userid1 in parent folder: 1
2026-01-21 15:06:39.430 [http-nio-8080-exec-7] DEBUG com.filestorage.controller.FileController - Fetching files for user: userid1 in folder: 1
2026-01-21 15:06:39.431 [http-nio-8080-exec-7] DEBUG com.filestorage.service.FileStorageService - Fetching files for user ID: 1 in folder ID: 1
2026-01-21 15:06:39.431 [http-nio-8080-exec-6] DEBUG com.filestorage.service.FolderService - Fetching folders for user ID: 1 with parent folder ID: 1
2026-01-21 15:06:39.432 [http-nio-8080-exec-7] DEBUG com.filestorage.service.FileStorageService - Found 2 files for user ID: 1
2026-01-21 15:06:39.432 [http-nio-8080-exec-6] DEBUG com.filestorage.service.FolderService - Found 2 folders for user ID: 1
2026-01-21 15:06:39.432 [http-nio-8080-exec-6] DEBUG com.filestorage.controller.FolderController - Retrieved 2 folders for user: userid1
2026-01-21 15:06:39.432 [http-nio-8080-exec-7] DEBUG com.filestorage.controller.FileController - Retrieved 2 files for user: userid1
2026-01-21 16:16:19.572 [SpringApplicationShutdownHook] INFO  org.springframework.orm.jpa.LocalContainerEntityManagerFactoryBean - Closing JPA EntityManagerFactory for persistence unit 'default'
2026-01-21 16:16:19.637 [SpringApplicationShutdownHook] INFO  com.zaxxer.hikari.HikariDataSource - HikariPool-8 - Shutdown initiated...
2026-01-21 16:16:19.650 [SpringApplicationShutdownHook] INFO  com.zaxxer.hikari.HikariDataSource - HikariPool-8 - Shutdown completed.
