2026-01-23 14:09:29.620 [background-preinit] INFO  org.hibernate.validator.internal.util.Version - HV000001: Hibernate Validator 8.0.1.Final
2026-01-23 14:09:29.746 [restartedMain] INFO  com.filestorage.FileStorageApplication - Starting FileStorageApplication using Java 19.0.2 with PID 28460 (C:\Projects\theUploader\file-storage-backend\target\classes started by e5717722 in C:\Projects\theUploader\file-storage-backend)
2026-01-23 14:09:29.753 [restartedMain] DEBUG com.filestorage.FileStorageApplication - Running with Spring Boot v3.2.1, Spring v6.1.2
2026-01-23 14:09:29.756 [restartedMain] INFO  com.filestorage.FileStorageApplication - No active profile set, falling back to 1 default profile: "default"
2026-01-23 14:09:29.861 [restartedMain] INFO  org.springframework.boot.devtools.env.DevToolsPropertyDefaultsPostProcessor - Devtools property defaults active! Set 'spring.devtools.add-properties' to 'false' to disable
2026-01-23 14:09:29.861 [restartedMain] INFO  org.springframework.boot.devtools.env.DevToolsPropertyDefaultsPostProcessor - For additional web related logging consider setting the 'logging.level.web' property to 'DEBUG'
2026-01-23 14:09:31.895 [restartedMain] INFO  org.springframework.data.repository.config.RepositoryConfigurationDelegate - Bootstrapping Spring Data JPA repositories in DEFAULT mode.
2026-01-23 14:09:32.024 [restartedMain] INFO  org.springframework.data.repository.config.RepositoryConfigurationDelegate - Finished Spring Data repository scanning in 113 ms. Found 3 JPA repository interfaces.
2026-01-23 14:09:33.440 [restartedMain] INFO  org.springframework.boot.web.embedded.tomcat.TomcatWebServer - Tomcat initialized with port 8080 (http)
2026-01-23 14:09:33.462 [restartedMain] INFO  org.apache.coyote.http11.Http11NioProtocol - Initializing ProtocolHandler ["http-nio-8080"]
2026-01-23 14:09:33.466 [restartedMain] INFO  org.apache.catalina.core.StandardService - Starting service [Tomcat]
2026-01-23 14:09:33.467 [restartedMain] INFO  org.apache.catalina.core.StandardEngine - Starting Servlet engine: [Apache Tomcat/10.1.17]
2026-01-23 14:09:33.646 [restartedMain] INFO  org.apache.catalina.core.ContainerBase.[Tomcat].[localhost].[/] - Initializing Spring embedded WebApplicationContext
2026-01-23 14:09:33.650 [restartedMain] INFO  org.springframework.boot.web.servlet.context.ServletWebServerApplicationContext - Root WebApplicationContext: initialization completed in 3783 ms
2026-01-23 14:09:33.742 [restartedMain] INFO  com.zaxxer.hikari.HikariDataSource - HikariPool-1 - Starting...
2026-01-23 14:09:34.360 [restartedMain] INFO  com.zaxxer.hikari.pool.HikariPool - HikariPool-1 - Added connection conn0: url=jdbc:h2:file:./data/filestorage user=ADMIN
2026-01-23 14:09:34.364 [restartedMain] INFO  com.zaxxer.hikari.HikariDataSource - HikariPool-1 - Start completed.
2026-01-23 14:09:34.385 [restartedMain] INFO  org.springframework.boot.autoconfigure.h2.H2ConsoleAutoConfiguration - H2 console available at '/h2-console'. Database available at 'jdbc:h2:file:./data/filestorage'
2026-01-23 14:09:34.670 [restartedMain] INFO  org.hibernate.jpa.internal.util.LogHelper - HHH000204: Processing PersistenceUnitInfo [name: default]
2026-01-23 14:09:34.874 [restartedMain] INFO  org.hibernate.Version - HHH000412: Hibernate ORM core version 6.4.1.Final
2026-01-23 14:09:34.987 [restartedMain] INFO  org.hibernate.cache.internal.RegionFactoryInitiator - HHH000026: Second-level cache disabled
2026-01-23 14:09:35.545 [restartedMain] INFO  org.springframework.orm.jpa.persistenceunit.SpringPersistenceUnitInfo - No LoadTimeWeaver setup: ignoring JPA class transformer
2026-01-23 14:09:35.658 [restartedMain] WARN  org.hibernate.orm.deprecation - HHH90000025: H2Dialect does not need to be specified explicitly using 'hibernate.dialect' (remove the property setting and it will be selected by default)
2026-01-23 14:09:37.637 [restartedMain] INFO  org.hibernate.engine.transaction.jta.platform.internal.JtaPlatformInitiator - HHH000489: No JTA platform available (set 'hibernate.transaction.jta.platform' to enable JTA platform integration)
2026-01-23 14:09:37.742 [restartedMain] INFO  org.springframework.orm.jpa.LocalContainerEntityManagerFactoryBean - Initialized JPA EntityManagerFactory for persistence unit 'default'
2026-01-23 14:09:38.583 [restartedMain] DEBUG com.filestorage.security.JwtAuthenticationFilter - Filter 'jwtAuthenticationFilter' configured for use
2026-01-23 14:09:39.058 [restartedMain] WARN  org.springframework.boot.autoconfigure.orm.jpa.JpaBaseConfiguration$JpaWebConfiguration - spring.jpa.open-in-view is enabled by default. Therefore, database queries may be performed during view rendering. Explicitly configure spring.jpa.open-in-view to disable this warning
2026-01-23 14:09:39.746 [restartedMain] INFO  org.springframework.security.web.DefaultSecurityFilterChain - Will secure any request with [org.springframework.security.web.session.DisableEncodeUrlFilter@687cb3e6, org.springframework.security.web.context.request.async.WebAsyncManagerIntegrationFilter@6a3cc9e7, org.springframework.security.web.context.SecurityContextHolderFilter@7c1bd11e, org.springframework.security.web.header.HeaderWriterFilter@3c9a10d9, org.springframework.web.filter.CorsFilter@31ddf4f7, org.springframework.security.web.authentication.logout.LogoutFilter@4fbe5c78, com.filestorage.security.JwtAuthenticationFilter@78cfc47f, org.springframework.security.web.savedrequest.RequestCacheAwareFilter@747f2758, org.springframework.security.web.servletapi.SecurityContextHolderAwareRequestFilter@55a28dbc, org.springframework.security.web.authentication.AnonymousAuthenticationFilter@28d0e104, org.springframework.security.web.session.SessionManagementFilter@3394f5c5, org.springframework.security.web.access.ExceptionTranslationFilter@61e49280, org.springframework.security.web.access.intercept.AuthorizationFilter@79af6dbb]
2026-01-23 14:09:40.406 [restartedMain] INFO  org.springframework.boot.devtools.autoconfigure.OptionalLiveReloadServer - LiveReload server is running on port 35729
2026-01-23 14:09:40.435 [restartedMain] INFO  org.apache.coyote.http11.Http11NioProtocol - Starting ProtocolHandler ["http-nio-8080"]
2026-01-23 14:09:40.503 [restartedMain] INFO  org.springframework.boot.web.embedded.tomcat.TomcatWebServer - Tomcat started on port 8080 (http) with context path ''
2026-01-23 14:09:40.522 [restartedMain] INFO  com.filestorage.FileStorageApplication - Started FileStorageApplication in 11.667 seconds (process running for 17.153)
2026-01-23 14:23:00.346 [http-nio-8080-exec-3] INFO  org.apache.catalina.core.ContainerBase.[Tomcat].[localhost].[/] - Initializing Spring DispatcherServlet 'dispatcherServlet'
2026-01-23 14:23:00.346 [http-nio-8080-exec-3] INFO  org.springframework.web.servlet.DispatcherServlet - Initializing Servlet 'dispatcherServlet'
2026-01-23 14:23:00.349 [http-nio-8080-exec-3] INFO  org.springframework.web.servlet.DispatcherServlet - Completed initialization in 3 ms
2026-01-23 14:23:00.520 [http-nio-8080-exec-4] ERROR com.filestorage.security.JwtTokenProvider - Invalid JWT token: Token expired
2026-01-23 14:23:00.736 [http-nio-8080-exec-4] INFO  com.filestorage.controller.AuthController - Login attempt for user: userid1
2026-01-23 14:23:00.888 [http-nio-8080-exec-4] DEBUG com.filestorage.service.UserDetailsServiceImpl - Loading user details for username: userid1
2026-01-23 14:23:01.225 [http-nio-8080-exec-4] DEBUG com.filestorage.service.UserDetailsServiceImpl - User details loaded successfully for: userid1
2026-01-23 14:23:01.378 [http-nio-8080-exec-4] DEBUG com.filestorage.security.JwtTokenProvider - Generating JWT token for user: userid1
2026-01-23 14:23:01.413 [http-nio-8080-exec-4] DEBUG com.filestorage.security.JwtTokenProvider - JWT token generated successfully for user: userid1
2026-01-23 14:23:01.418 [http-nio-8080-exec-4] INFO  com.filestorage.controller.AuthController - User userid1 logged in successfully
2026-01-23 14:23:01.485 [http-nio-8080-exec-2] DEBUG com.filestorage.security.JwtTokenProvider - JWT token validated successfully
2026-01-23 14:23:01.485 [http-nio-8080-exec-1] DEBUG com.filestorage.security.JwtTokenProvider - JWT token validated successfully
2026-01-23 14:23:01.489 [http-nio-8080-exec-2] DEBUG com.filestorage.security.JwtAuthenticationFilter - JWT token validated for user: userid1
2026-01-23 14:23:01.489 [http-nio-8080-exec-2] DEBUG com.filestorage.service.UserDetailsServiceImpl - Loading user details for username: userid1
2026-01-23 14:23:01.489 [http-nio-8080-exec-1] DEBUG com.filestorage.security.JwtAuthenticationFilter - JWT token validated for user: userid1
2026-01-23 14:23:01.490 [http-nio-8080-exec-1] DEBUG com.filestorage.service.UserDetailsServiceImpl - Loading user details for username: userid1
2026-01-23 14:23:01.546 [http-nio-8080-exec-2] DEBUG com.filestorage.service.UserDetailsServiceImpl - User details loaded successfully for: userid1
2026-01-23 14:23:01.547 [http-nio-8080-exec-2] DEBUG com.filestorage.security.JwtAuthenticationFilter - User userid1 authenticated successfully via JWT
2026-01-23 14:23:01.548 [http-nio-8080-exec-1] DEBUG com.filestorage.service.UserDetailsServiceImpl - User details loaded successfully for: userid1
2026-01-23 14:23:01.548 [http-nio-8080-exec-1] DEBUG com.filestorage.security.JwtAuthenticationFilter - User userid1 authenticated successfully via JWT
2026-01-23 14:23:01.553 [http-nio-8080-exec-2] DEBUG com.filestorage.controller.FileController - Fetching files for user: userid1 in folder: null
2026-01-23 14:23:01.554 [http-nio-8080-exec-1] DEBUG com.filestorage.controller.FolderController - Fetching folders for user: userid1 in parent folder: null
2026-01-23 14:23:01.561 [http-nio-8080-exec-1] DEBUG com.filestorage.service.FolderService - Fetching folders for user ID: 1 with parent folder ID: null
2026-01-23 14:23:01.571 [http-nio-8080-exec-2] DEBUG com.filestorage.service.FileStorageService - Fetching files for user ID: 1 in folder ID: null
2026-01-23 14:23:01.583 [http-nio-8080-exec-2] DEBUG com.filestorage.service.FileStorageService - Found 0 files for user ID: 1
2026-01-23 14:23:01.584 [http-nio-8080-exec-2] DEBUG com.filestorage.controller.FileController - Retrieved 0 files for user: userid1
2026-01-23 14:23:01.586 [http-nio-8080-exec-1] DEBUG com.filestorage.service.FolderService - Found 1 folders for user ID: 1
2026-01-23 14:23:01.586 [http-nio-8080-exec-1] DEBUG com.filestorage.controller.FolderController - Retrieved 1 folders for user: userid1
2026-01-23 14:23:04.704 [http-nio-8080-exec-10] DEBUG com.filestorage.security.JwtTokenProvider - JWT token validated successfully
2026-01-23 14:23:04.704 [http-nio-8080-exec-9] DEBUG com.filestorage.security.JwtTokenProvider - JWT token validated successfully
2026-01-23 14:23:04.707 [http-nio-8080-exec-9] DEBUG com.filestorage.security.JwtAuthenticationFilter - JWT token validated for user: userid1
2026-01-23 14:23:04.707 [http-nio-8080-exec-10] DEBUG com.filestorage.security.JwtAuthenticationFilter - JWT token validated for user: userid1
2026-01-23 14:23:04.708 [http-nio-8080-exec-9] DEBUG com.filestorage.service.UserDetailsServiceImpl - Loading user details for username: userid1
2026-01-23 14:23:04.708 [http-nio-8080-exec-10] DEBUG com.filestorage.service.UserDetailsServiceImpl - Loading user details for username: userid1
2026-01-23 14:23:04.711 [http-nio-8080-exec-9] DEBUG com.filestorage.service.UserDetailsServiceImpl - User details loaded successfully for: userid1
2026-01-23 14:23:04.711 [http-nio-8080-exec-10] DEBUG com.filestorage.service.UserDetailsServiceImpl - User details loaded successfully for: userid1
2026-01-23 14:23:04.711 [http-nio-8080-exec-9] DEBUG com.filestorage.security.JwtAuthenticationFilter - User userid1 authenticated successfully via JWT
2026-01-23 14:23:04.711 [http-nio-8080-exec-10] DEBUG com.filestorage.security.JwtAuthenticationFilter - User userid1 authenticated successfully via JWT
2026-01-23 14:23:04.714 [http-nio-8080-exec-10] DEBUG com.filestorage.controller.FileController - Fetching files for user: userid1 in folder: 1
2026-01-23 14:23:04.714 [http-nio-8080-exec-9] DEBUG com.filestorage.controller.FolderController - Fetching folders for user: userid1 in parent folder: 1
2026-01-23 14:23:04.717 [http-nio-8080-exec-10] DEBUG com.filestorage.service.FileStorageService - Fetching files for user ID: 1 in folder ID: 1
2026-01-23 14:23:04.717 [http-nio-8080-exec-9] DEBUG com.filestorage.service.FolderService - Fetching folders for user ID: 1 with parent folder ID: 1
2026-01-23 14:23:04.727 [http-nio-8080-exec-9] DEBUG com.filestorage.service.FolderService - Found 2 folders for user ID: 1
2026-01-23 14:23:04.727 [http-nio-8080-exec-9] DEBUG com.filestorage.controller.FolderController - Retrieved 2 folders for user: userid1
2026-01-23 14:23:04.727 [http-nio-8080-exec-10] DEBUG com.filestorage.service.FileStorageService - Found 2 files for user ID: 1
2026-01-23 14:23:04.728 [http-nio-8080-exec-10] DEBUG com.filestorage.controller.FileController - Retrieved 2 files for user: userid1
2026-01-23 14:23:08.010 [http-nio-8080-exec-8] DEBUG com.filestorage.security.JwtTokenProvider - JWT token validated successfully
2026-01-23 14:23:08.011 [http-nio-8080-exec-8] DEBUG com.filestorage.security.JwtAuthenticationFilter - JWT token validated for user: userid1
2026-01-23 14:23:08.012 [http-nio-8080-exec-8] DEBUG com.filestorage.service.UserDetailsServiceImpl - Loading user details for username: userid1
2026-01-23 14:23:08.014 [http-nio-8080-exec-8] DEBUG com.filestorage.service.UserDetailsServiceImpl - User details loaded successfully for: userid1
2026-01-23 14:23:08.015 [http-nio-8080-exec-8] DEBUG com.filestorage.security.JwtAuthenticationFilter - User userid1 authenticated successfully via JWT
2026-01-23 14:23:08.016 [http-nio-8080-exec-8] INFO  com.filestorage.controller.FileController - File download requested: ID 2 by user: userid1
2026-01-23 14:23:08.018 [http-nio-8080-exec-8] DEBUG com.filestorage.service.FileStorageService - Loading file as resource: ID 2 for user ID: 1
2026-01-23 14:23:08.029 [http-nio-8080-exec-8] ERROR com.filestorage.service.FileStorageService - File not found on disk: uploads\1\35a42491-288a-49e3-bc83-92d0247405bb_proxy-devint.conf.json
2026-01-23 14:23:08.030 [http-nio-8080-exec-8] ERROR com.filestorage.controller.FileController - Failed to download file ID: 2. Error: File not found
java.lang.RuntimeException: File not found
	at com.filestorage.service.FileStorageService.loadFileAsResource(FileStorageService.java:95) ~[classes/:?]
	at com.filestorage.controller.FileController.downloadFile(FileController.java:66) ~[classes/:?]
	at java.base/jdk.internal.reflect.DirectMethodHandleAccessor.invoke(DirectMethodHandleAccessor.java:104) ~[?:?]
	at java.base/java.lang.reflect.Method.invoke(Method.java:578) ~[?:?]
	at org.springframework.web.method.support.InvocableHandlerMethod.doInvoke(InvocableHandlerMethod.java:262) ~[spring-web-6.1.2.jar:6.1.2]
	at org.springframework.web.method.support.InvocableHandlerMethod.invokeForRequest(InvocableHandlerMethod.java:190) ~[spring-web-6.1.2.jar:6.1.2]
	at org.springframework.web.servlet.mvc.method.annotation.ServletInvocableHandlerMethod.invokeAndHandle(ServletInvocableHandlerMethod.java:118) ~[spring-webmvc-6.1.2.jar:6.1.2]
	at org.springframework.web.servlet.mvc.method.annotation.RequestMappingHandlerAdapter.invokeHandlerMethod(RequestMappingHandlerAdapter.java:917) ~[spring-webmvc-6.1.2.jar:6.1.2]
	at org.springframework.web.servlet.mvc.method.annotation.RequestMappingHandlerAdapter.handleInternal(RequestMappingHandlerAdapter.java:829) ~[spring-webmvc-6.1.2.jar:6.1.2]
	at org.springframework.web.servlet.mvc.method.AbstractHandlerMethodAdapter.handle(AbstractHandlerMethodAdapter.java:87) ~[spring-webmvc-6.1.2.jar:6.1.2]
	at org.springframework.web.servlet.DispatcherServlet.doDispatch(DispatcherServlet.java:1089) ~[spring-webmvc-6.1.2.jar:6.1.2]
	at org.springframework.web.servlet.DispatcherServlet.doService(DispatcherServlet.java:979) ~[spring-webmvc-6.1.2.jar:6.1.2]
	at org.springframework.web.servlet.FrameworkServlet.processRequest(FrameworkServlet.java:1014) ~[spring-webmvc-6.1.2.jar:6.1.2]
	at org.springframework.web.servlet.FrameworkServlet.doGet(FrameworkServlet.java:903) ~[spring-webmvc-6.1.2.jar:6.1.2]
	at jakarta.servlet.http.HttpServlet.service(HttpServlet.java:564) ~[tomcat-embed-core-10.1.17.jar:6.0]
	at org.springframework.web.servlet.FrameworkServlet.service(FrameworkServlet.java:885) ~[spring-webmvc-6.1.2.jar:6.1.2]
	at jakarta.servlet.http.HttpServlet.service(HttpServlet.java:658) ~[tomcat-embed-core-10.1.17.jar:6.0]
	at org.apache.catalina.core.ApplicationFilterChain.internalDoFilter(ApplicationFilterChain.java:205) ~[tomcat-embed-core-10.1.17.jar:10.1.17]
	at org.apache.catalina.core.ApplicationFilterChain.doFilter(ApplicationFilterChain.java:149) ~[tomcat-embed-core-10.1.17.jar:10.1.17]
	at org.apache.tomcat.websocket.server.WsFilter.doFilter(WsFilter.java:51) ~[tomcat-embed-websocket-10.1.17.jar:10.1.17]
	at org.apache.catalina.core.ApplicationFilterChain.internalDoFilter(ApplicationFilterChain.java:174) ~[tomcat-embed-core-10.1.17.jar:10.1.17]
	at org.apache.catalina.core.ApplicationFilterChain.doFilter(ApplicationFilterChain.java:149) ~[tomcat-embed-core-10.1.17.jar:10.1.17]
	at org.springframework.web.filter.OncePerRequestFilter.doFilter(OncePerRequestFilter.java:110) ~[spring-web-6.1.2.jar:6.1.2]
	at org.apache.catalina.core.ApplicationFilterChain.internalDoFilter(ApplicationFilterChain.java:174) ~[tomcat-embed-core-10.1.17.jar:10.1.17]
	at org.apache.catalina.core.ApplicationFilterChain.doFilter(ApplicationFilterChain.java:149) ~[tomcat-embed-core-10.1.17.jar:10.1.17]
	at org.springframework.web.filter.CompositeFilter$VirtualFilterChain.doFilter(CompositeFilter.java:108) ~[spring-web-6.1.2.jar:6.1.2]
	at org.springframework.security.web.FilterChainProxy.lambda$doFilterInternal$3(FilterChainProxy.java:231) ~[spring-security-web-6.2.1.jar:6.2.1]
	at org.springframework.security.web.FilterChainProxy$VirtualFilterChain.doFilter(FilterChainProxy.java:365) ~[spring-security-web-6.2.1.jar:6.2.1]
	at org.springframework.security.web.access.intercept.AuthorizationFilter.doFilter(AuthorizationFilter.java:100) ~[spring-security-web-6.2.1.jar:6.2.1]
	at org.springframework.security.web.FilterChainProxy$VirtualFilterChain.doFilter(FilterChainProxy.java:374) ~[spring-security-web-6.2.1.jar:6.2.1]
	at org.springframework.security.web.access.ExceptionTranslationFilter.doFilter(ExceptionTranslationFilter.java:126) ~[spring-security-web-6.2.1.jar:6.2.1]
	at org.springframework.security.web.access.ExceptionTranslationFilter.doFilter(ExceptionTranslationFilter.java:120) ~[spring-security-web-6.2.1.jar:6.2.1]
	at org.springframework.security.web.FilterChainProxy$VirtualFilterChain.doFilter(FilterChainProxy.java:374) ~[spring-security-web-6.2.1.jar:6.2.1]
	at org.springframework.security.web.session.SessionManagementFilter.doFilter(SessionManagementFilter.java:131) ~[spring-security-web-6.2.1.jar:6.2.1]
	at org.springframework.security.web.session.SessionManagementFilter.doFilter(SessionManagementFilter.java:85) ~[spring-security-web-6.2.1.jar:6.2.1]
	at org.springframework.security.web.FilterChainProxy$VirtualFilterChain.doFilter(FilterChainProxy.java:374) ~[spring-security-web-6.2.1.jar:6.2.1]
	at org.springframework.security.web.authentication.AnonymousAuthenticationFilter.doFilter(AnonymousAuthenticationFilter.java:100) ~[spring-security-web-6.2.1.jar:6.2.1]
	at org.springframework.security.web.FilterChainProxy$VirtualFilterChain.doFilter(FilterChainProxy.java:374) ~[spring-security-web-6.2.1.jar:6.2.1]
	at org.springframework.security.web.servletapi.SecurityContextHolderAwareRequestFilter.doFilter(SecurityContextHolderAwareRequestFilter.java:179) ~[spring-security-web-6.2.1.jar:6.2.1]
	at org.springframework.security.web.FilterChainProxy$VirtualFilterChain.doFilter(FilterChainProxy.java:374) ~[spring-security-web-6.2.1.jar:6.2.1]
	at org.springframework.security.web.savedrequest.RequestCacheAwareFilter.doFilter(RequestCacheAwareFilter.java:63) ~[spring-security-web-6.2.1.jar:6.2.1]
	at org.springframework.security.web.FilterChainProxy$VirtualFilterChain.doFilter(FilterChainProxy.java:374) ~[spring-security-web-6.2.1.jar:6.2.1]
	at com.filestorage.security.JwtAuthenticationFilter.doFilterInternal(JwtAuthenticationFilter.java:54) ~[classes/:?]
	at org.springframework.web.filter.OncePerRequestFilter.doFilter(OncePerRequestFilter.java:116) ~[spring-web-6.1.2.jar:6.1.2]
	at org.springframework.security.web.FilterChainProxy$VirtualFilterChain.doFilter(FilterChainProxy.java:374) ~[spring-security-web-6.2.1.jar:6.2.1]
	at org.springframework.security.web.authentication.logout.LogoutFilter.doFilter(LogoutFilter.java:107) ~[spring-security-web-6.2.1.jar:6.2.1]
	at org.springframework.security.web.authentication.logout.LogoutFilter.doFilter(LogoutFilter.java:93) ~[spring-security-web-6.2.1.jar:6.2.1]
	at org.springframework.security.web.FilterChainProxy$VirtualFilterChain.doFilter(FilterChainProxy.java:374) ~[spring-security-web-6.2.1.jar:6.2.1]
	at org.springframework.web.filter.CorsFilter.doFilterInternal(CorsFilter.java:91) ~[spring-web-6.1.2.jar:6.1.2]
	at org.springframework.web.filter.OncePerRequestFilter.doFilter(OncePerRequestFilter.java:116) ~[spring-web-6.1.2.jar:6.1.2]
	at org.springframework.security.web.FilterChainProxy$VirtualFilterChain.doFilter(FilterChainProxy.java:374) ~[spring-security-web-6.2.1.jar:6.2.1]
	at org.springframework.security.web.header.HeaderWriterFilter.doHeadersAfter(HeaderWriterFilter.java:90) ~[spring-security-web-6.2.1.jar:6.2.1]
	at org.springframework.security.web.header.HeaderWriterFilter.doFilterInternal(HeaderWriterFilter.java:75) ~[spring-security-web-6.2.1.jar:6.2.1]
	at org.springframework.web.filter.OncePerRequestFilter.doFilter(OncePerRequestFilter.java:116) ~[spring-web-6.1.2.jar:6.1.2]
	at org.springframework.security.web.FilterChainProxy$VirtualFilterChain.doFilter(FilterChainProxy.java:374) ~[spring-security-web-6.2.1.jar:6.2.1]
	at org.springframework.security.web.context.SecurityContextHolderFilter.doFilter(SecurityContextHolderFilter.java:82) ~[spring-security-web-6.2.1.jar:6.2.1]
	at org.springframework.security.web.context.SecurityContextHolderFilter.doFilter(SecurityContextHolderFilter.java:69) ~[spring-security-web-6.2.1.jar:6.2.1]
	at org.springframework.security.web.FilterChainProxy$VirtualFilterChain.doFilter(FilterChainProxy.java:374) ~[spring-security-web-6.2.1.jar:6.2.1]
	at org.springframework.security.web.context.request.async.WebAsyncManagerIntegrationFilter.doFilterInternal(WebAsyncManagerIntegrationFilter.java:62) ~[spring-security-web-6.2.1.jar:6.2.1]
	at org.springframework.web.filter.OncePerRequestFilter.doFilter(OncePerRequestFilter.java:116) ~[spring-web-6.1.2.jar:6.1.2]
	at org.springframework.security.web.FilterChainProxy$VirtualFilterChain.doFilter(FilterChainProxy.java:374) ~[spring-security-web-6.2.1.jar:6.2.1]
	at org.springframework.security.web.session.DisableEncodeUrlFilter.doFilterInternal(DisableEncodeUrlFilter.java:42) ~[spring-security-web-6.2.1.jar:6.2.1]
	at org.springframework.web.filter.OncePerRequestFilter.doFilter(OncePerRequestFilter.java:116) ~[spring-web-6.1.2.jar:6.1.2]
	at org.springframework.security.web.FilterChainProxy$VirtualFilterChain.doFilter(FilterChainProxy.java:374) ~[spring-security-web-6.2.1.jar:6.2.1]
	at org.springframework.security.web.FilterChainProxy.doFilterInternal(FilterChainProxy.java:233) ~[spring-security-web-6.2.1.jar:6.2.1]
	at org.springframework.security.web.FilterChainProxy.doFilter(FilterChainProxy.java:191) ~[spring-security-web-6.2.1.jar:6.2.1]
	at org.springframework.web.filter.CompositeFilter$VirtualFilterChain.doFilter(CompositeFilter.java:113) ~[spring-web-6.1.2.jar:6.1.2]
	at org.springframework.web.servlet.handler.HandlerMappingIntrospector.lambda$createCacheFilter$3(HandlerMappingIntrospector.java:195) ~[spring-webmvc-6.1.2.jar:6.1.2]
	at org.springframework.web.filter.CompositeFilter$VirtualFilterChain.doFilter(CompositeFilter.java:113) [spring-web-6.1.2.jar:6.1.2]
	at org.springframework.web.filter.CompositeFilter.doFilter(CompositeFilter.java:74) [spring-web-6.1.2.jar:6.1.2]
	at org.springframework.security.config.annotation.web.configuration.WebMvcSecurityConfiguration$CompositeFilterChainProxy.doFilter(WebMvcSecurityConfiguration.java:225) [spring-security-config-6.2.1.jar:6.2.1]
	at org.springframework.web.filter.DelegatingFilterProxy.invokeDelegate(DelegatingFilterProxy.java:352) [spring-web-6.1.2.jar:6.1.2]
	at org.springframework.web.filter.DelegatingFilterProxy.doFilter(DelegatingFilterProxy.java:268) [spring-web-6.1.2.jar:6.1.2]
	at org.apache.catalina.core.ApplicationFilterChain.internalDoFilter(ApplicationFilterChain.java:174) [tomcat-embed-core-10.1.17.jar:10.1.17]
	at org.apache.catalina.core.ApplicationFilterChain.doFilter(ApplicationFilterChain.java:149) [tomcat-embed-core-10.1.17.jar:10.1.17]
	at org.springframework.web.filter.RequestContextFilter.doFilterInternal(RequestContextFilter.java:100) [spring-web-6.1.2.jar:6.1.2]
	at org.springframework.web.filter.OncePerRequestFilter.doFilter(OncePerRequestFilter.java:116) [spring-web-6.1.2.jar:6.1.2]
	at org.apache.catalina.core.ApplicationFilterChain.internalDoFilter(ApplicationFilterChain.java:174) [tomcat-embed-core-10.1.17.jar:10.1.17]
	at org.apache.catalina.core.ApplicationFilterChain.doFilter(ApplicationFilterChain.java:149) [tomcat-embed-core-10.1.17.jar:10.1.17]
	at org.springframework.web.filter.FormContentFilter.doFilterInternal(FormContentFilter.java:93) [spring-web-6.1.2.jar:6.1.2]
	at org.springframework.web.filter.OncePerRequestFilter.doFilter(OncePerRequestFilter.java:116) [spring-web-6.1.2.jar:6.1.2]
	at org.apache.catalina.core.ApplicationFilterChain.internalDoFilter(ApplicationFilterChain.java:174) [tomcat-embed-core-10.1.17.jar:10.1.17]
	at org.apache.catalina.core.ApplicationFilterChain.doFilter(ApplicationFilterChain.java:149) [tomcat-embed-core-10.1.17.jar:10.1.17]
	at org.springframework.web.filter.CharacterEncodingFilter.doFilterInternal(CharacterEncodingFilter.java:201) [spring-web-6.1.2.jar:6.1.2]
	at org.springframework.web.filter.OncePerRequestFilter.doFilter(OncePerRequestFilter.java:116) [spring-web-6.1.2.jar:6.1.2]
	at org.apache.catalina.core.ApplicationFilterChain.internalDoFilter(ApplicationFilterChain.java:174) [tomcat-embed-core-10.1.17.jar:10.1.17]
	at org.apache.catalina.core.ApplicationFilterChain.doFilter(ApplicationFilterChain.java:149) [tomcat-embed-core-10.1.17.jar:10.1.17]
	at org.apache.catalina.core.StandardWrapperValve.invoke(StandardWrapperValve.java:167) [tomcat-embed-core-10.1.17.jar:10.1.17]
	at org.apache.catalina.core.StandardContextValve.invoke(StandardContextValve.java:90) [tomcat-embed-core-10.1.17.jar:10.1.17]
	at org.apache.catalina.authenticator.AuthenticatorBase.invoke(AuthenticatorBase.java:482) [tomcat-embed-core-10.1.17.jar:10.1.17]
	at org.apache.catalina.core.StandardHostValve.invoke(StandardHostValve.java:115) [tomcat-embed-core-10.1.17.jar:10.1.17]
	at org.apache.catalina.valves.ErrorReportValve.invoke(ErrorReportValve.java:93) [tomcat-embed-core-10.1.17.jar:10.1.17]
	at org.apache.catalina.core.StandardEngineValve.invoke(StandardEngineValve.java:74) [tomcat-embed-core-10.1.17.jar:10.1.17]
	at org.apache.catalina.connector.CoyoteAdapter.service(CoyoteAdapter.java:340) [tomcat-embed-core-10.1.17.jar:10.1.17]
	at org.apache.coyote.http11.Http11Processor.service(Http11Processor.java:391) [tomcat-embed-core-10.1.17.jar:10.1.17]
	at org.apache.coyote.AbstractProcessorLight.process(AbstractProcessorLight.java:63) [tomcat-embed-core-10.1.17.jar:10.1.17]
	at org.apache.coyote.AbstractProtocol$ConnectionHandler.process(AbstractProtocol.java:896) [tomcat-embed-core-10.1.17.jar:10.1.17]
	at org.apache.tomcat.util.net.NioEndpoint$SocketProcessor.doRun(NioEndpoint.java:1744) [tomcat-embed-core-10.1.17.jar:10.1.17]
	at org.apache.tomcat.util.net.SocketProcessorBase.run(SocketProcessorBase.java:52) [tomcat-embed-core-10.1.17.jar:10.1.17]
	at org.apache.tomcat.util.threads.ThreadPoolExecutor.runWorker(ThreadPoolExecutor.java:1191) [tomcat-embed-core-10.1.17.jar:10.1.17]
	at org.apache.tomcat.util.threads.ThreadPoolExecutor$Worker.run(ThreadPoolExecutor.java:659) [tomcat-embed-core-10.1.17.jar:10.1.17]
	at org.apache.tomcat.util.threads.TaskThread$WrappingRunnable.run(TaskThread.java:61) [tomcat-embed-core-10.1.17.jar:10.1.17]
	at java.base/java.lang.Thread.run(Thread.java:1589) [?:?]
2026-01-23 14:23:23.574 [http-nio-8080-exec-1] DEBUG com.filestorage.security.JwtTokenProvider - JWT token validated successfully
2026-01-23 14:23:23.576 [http-nio-8080-exec-1] DEBUG com.filestorage.security.JwtAuthenticationFilter - JWT token validated for user: userid1
2026-01-23 14:23:23.577 [http-nio-8080-exec-1] DEBUG com.filestorage.service.UserDetailsServiceImpl - Loading user details for username: userid1
2026-01-23 14:23:23.579 [http-nio-8080-exec-1] DEBUG com.filestorage.service.UserDetailsServiceImpl - User details loaded successfully for: userid1
2026-01-23 14:23:23.579 [http-nio-8080-exec-1] DEBUG com.filestorage.security.JwtAuthenticationFilter - User userid1 authenticated successfully via JWT
2026-01-23 14:23:23.580 [http-nio-8080-exec-1] INFO  com.filestorage.controller.FileController - File download requested: ID 6 by user: userid1
2026-01-23 14:23:23.583 [http-nio-8080-exec-1] DEBUG com.filestorage.service.FileStorageService - Loading file as resource: ID 6 for user ID: 1
2026-01-23 14:23:23.587 [http-nio-8080-exec-1] ERROR com.filestorage.service.FileStorageService - File not found on disk: uploads\1\6dfcac7e-976e-4b7d-9a62-574bbe36c930_PXL_20250525_155859501.jpg
2026-01-23 14:23:23.587 [http-nio-8080-exec-1] ERROR com.filestorage.controller.FileController - Failed to download file ID: 6. Error: File not found
java.lang.RuntimeException: File not found
	at com.filestorage.service.FileStorageService.loadFileAsResource(FileStorageService.java:95) ~[classes/:?]
	at com.filestorage.controller.FileController.downloadFile(FileController.java:66) ~[classes/:?]
	at java.base/jdk.internal.reflect.DirectMethodHandleAccessor.invoke(DirectMethodHandleAccessor.java:104) ~[?:?]
	at java.base/java.lang.reflect.Method.invoke(Method.java:578) ~[?:?]
	at org.springframework.web.method.support.InvocableHandlerMethod.doInvoke(InvocableHandlerMethod.java:262) ~[spring-web-6.1.2.jar:6.1.2]
	at org.springframework.web.method.support.InvocableHandlerMethod.invokeForRequest(InvocableHandlerMethod.java:190) ~[spring-web-6.1.2.jar:6.1.2]
	at org.springframework.web.servlet.mvc.method.annotation.ServletInvocableHandlerMethod.invokeAndHandle(ServletInvocableHandlerMethod.java:118) ~[spring-webmvc-6.1.2.jar:6.1.2]
	at org.springframework.web.servlet.mvc.method.annotation.RequestMappingHandlerAdapter.invokeHandlerMethod(RequestMappingHandlerAdapter.java:917) ~[spring-webmvc-6.1.2.jar:6.1.2]
	at org.springframework.web.servlet.mvc.method.annotation.RequestMappingHandlerAdapter.handleInternal(RequestMappingHandlerAdapter.java:829) ~[spring-webmvc-6.1.2.jar:6.1.2]
	at org.springframework.web.servlet.mvc.method.AbstractHandlerMethodAdapter.handle(AbstractHandlerMethodAdapter.java:87) ~[spring-webmvc-6.1.2.jar:6.1.2]
	at org.springframework.web.servlet.DispatcherServlet.doDispatch(DispatcherServlet.java:1089) ~[spring-webmvc-6.1.2.jar:6.1.2]
	at org.springframework.web.servlet.DispatcherServlet.doService(DispatcherServlet.java:979) ~[spring-webmvc-6.1.2.jar:6.1.2]
	at org.springframework.web.servlet.FrameworkServlet.processRequest(FrameworkServlet.java:1014) ~[spring-webmvc-6.1.2.jar:6.1.2]
	at org.springframework.web.servlet.FrameworkServlet.doGet(FrameworkServlet.java:903) ~[spring-webmvc-6.1.2.jar:6.1.2]
	at jakarta.servlet.http.HttpServlet.service(HttpServlet.java:564) ~[tomcat-embed-core-10.1.17.jar:6.0]
	at org.springframework.web.servlet.FrameworkServlet.service(FrameworkServlet.java:885) ~[spring-webmvc-6.1.2.jar:6.1.2]
	at jakarta.servlet.http.HttpServlet.service(HttpServlet.java:658) ~[tomcat-embed-core-10.1.17.jar:6.0]
	at org.apache.catalina.core.ApplicationFilterChain.internalDoFilter(ApplicationFilterChain.java:205) ~[tomcat-embed-core-10.1.17.jar:10.1.17]
	at org.apache.catalina.core.ApplicationFilterChain.doFilter(ApplicationFilterChain.java:149) ~[tomcat-embed-core-10.1.17.jar:10.1.17]
	at org.apache.tomcat.websocket.server.WsFilter.doFilter(WsFilter.java:51) ~[tomcat-embed-websocket-10.1.17.jar:10.1.17]
	at org.apache.catalina.core.ApplicationFilterChain.internalDoFilter(ApplicationFilterChain.java:174) ~[tomcat-embed-core-10.1.17.jar:10.1.17]
	at org.apache.catalina.core.ApplicationFilterChain.doFilter(ApplicationFilterChain.java:149) ~[tomcat-embed-core-10.1.17.jar:10.1.17]
	at org.springframework.web.filter.OncePerRequestFilter.doFilter(OncePerRequestFilter.java:110) ~[spring-web-6.1.2.jar:6.1.2]
	at org.apache.catalina.core.ApplicationFilterChain.internalDoFilter(ApplicationFilterChain.java:174) ~[tomcat-embed-core-10.1.17.jar:10.1.17]
	at org.apache.catalina.core.ApplicationFilterChain.doFilter(ApplicationFilterChain.java:149) ~[tomcat-embed-core-10.1.17.jar:10.1.17]
	at org.springframework.web.filter.CompositeFilter$VirtualFilterChain.doFilter(CompositeFilter.java:108) ~[spring-web-6.1.2.jar:6.1.2]
	at org.springframework.security.web.FilterChainProxy.lambda$doFilterInternal$3(FilterChainProxy.java:231) ~[spring-security-web-6.2.1.jar:6.2.1]
	at org.springframework.security.web.FilterChainProxy$VirtualFilterChain.doFilter(FilterChainProxy.java:365) ~[spring-security-web-6.2.1.jar:6.2.1]
	at org.springframework.security.web.access.intercept.AuthorizationFilter.doFilter(AuthorizationFilter.java:100) ~[spring-security-web-6.2.1.jar:6.2.1]
	at org.springframework.security.web.FilterChainProxy$VirtualFilterChain.doFilter(FilterChainProxy.java:374) ~[spring-security-web-6.2.1.jar:6.2.1]
	at org.springframework.security.web.access.ExceptionTranslationFilter.doFilter(ExceptionTranslationFilter.java:126) ~[spring-security-web-6.2.1.jar:6.2.1]
	at org.springframework.security.web.access.ExceptionTranslationFilter.doFilter(ExceptionTranslationFilter.java:120) ~[spring-security-web-6.2.1.jar:6.2.1]
	at org.springframework.security.web.FilterChainProxy$VirtualFilterChain.doFilter(FilterChainProxy.java:374) ~[spring-security-web-6.2.1.jar:6.2.1]
	at org.springframework.security.web.session.SessionManagementFilter.doFilter(SessionManagementFilter.java:131) ~[spring-security-web-6.2.1.jar:6.2.1]
	at org.springframework.security.web.session.SessionManagementFilter.doFilter(SessionManagementFilter.java:85) ~[spring-security-web-6.2.1.jar:6.2.1]
	at org.springframework.security.web.FilterChainProxy$VirtualFilterChain.doFilter(FilterChainProxy.java:374) ~[spring-security-web-6.2.1.jar:6.2.1]
	at org.springframework.security.web.authentication.AnonymousAuthenticationFilter.doFilter(AnonymousAuthenticationFilter.java:100) ~[spring-security-web-6.2.1.jar:6.2.1]
	at org.springframework.security.web.FilterChainProxy$VirtualFilterChain.doFilter(FilterChainProxy.java:374) ~[spring-security-web-6.2.1.jar:6.2.1]
	at org.springframework.security.web.servletapi.SecurityContextHolderAwareRequestFilter.doFilter(SecurityContextHolderAwareRequestFilter.java:179) ~[spring-security-web-6.2.1.jar:6.2.1]
	at org.springframework.security.web.FilterChainProxy$VirtualFilterChain.doFilter(FilterChainProxy.java:374) ~[spring-security-web-6.2.1.jar:6.2.1]
	at org.springframework.security.web.savedrequest.RequestCacheAwareFilter.doFilter(RequestCacheAwareFilter.java:63) ~[spring-security-web-6.2.1.jar:6.2.1]
	at org.springframework.security.web.FilterChainProxy$VirtualFilterChain.doFilter(FilterChainProxy.java:374) ~[spring-security-web-6.2.1.jar:6.2.1]
	at com.filestorage.security.JwtAuthenticationFilter.doFilterInternal(JwtAuthenticationFilter.java:54) ~[classes/:?]
	at org.springframework.web.filter.OncePerRequestFilter.doFilter(OncePerRequestFilter.java:116) ~[spring-web-6.1.2.jar:6.1.2]
	at org.springframework.security.web.FilterChainProxy$VirtualFilterChain.doFilter(FilterChainProxy.java:374) ~[spring-security-web-6.2.1.jar:6.2.1]
	at org.springframework.security.web.authentication.logout.LogoutFilter.doFilter(LogoutFilter.java:107) ~[spring-security-web-6.2.1.jar:6.2.1]
	at org.springframework.security.web.authentication.logout.LogoutFilter.doFilter(LogoutFilter.java:93) ~[spring-security-web-6.2.1.jar:6.2.1]
	at org.springframework.security.web.FilterChainProxy$VirtualFilterChain.doFilter(FilterChainProxy.java:374) ~[spring-security-web-6.2.1.jar:6.2.1]
	at org.springframework.web.filter.CorsFilter.doFilterInternal(CorsFilter.java:91) ~[spring-web-6.1.2.jar:6.1.2]
	at org.springframework.web.filter.OncePerRequestFilter.doFilter(OncePerRequestFilter.java:116) ~[spring-web-6.1.2.jar:6.1.2]
	at org.springframework.security.web.FilterChainProxy$VirtualFilterChain.doFilter(FilterChainProxy.java:374) ~[spring-security-web-6.2.1.jar:6.2.1]
	at org.springframework.security.web.header.HeaderWriterFilter.doHeadersAfter(HeaderWriterFilter.java:90) ~[spring-security-web-6.2.1.jar:6.2.1]
	at org.springframework.security.web.header.HeaderWriterFilter.doFilterInternal(HeaderWriterFilter.java:75) ~[spring-security-web-6.2.1.jar:6.2.1]
	at org.springframework.web.filter.OncePerRequestFilter.doFilter(OncePerRequestFilter.java:116) ~[spring-web-6.1.2.jar:6.1.2]
	at org.springframework.security.web.FilterChainProxy$VirtualFilterChain.doFilter(FilterChainProxy.java:374) ~[spring-security-web-6.2.1.jar:6.2.1]
	at org.springframework.security.web.context.SecurityContextHolderFilter.doFilter(SecurityContextHolderFilter.java:82) ~[spring-security-web-6.2.1.jar:6.2.1]
	at org.springframework.security.web.context.SecurityContextHolderFilter.doFilter(SecurityContextHolderFilter.java:69) ~[spring-security-web-6.2.1.jar:6.2.1]
	at org.springframework.security.web.FilterChainProxy$VirtualFilterChain.doFilter(FilterChainProxy.java:374) ~[spring-security-web-6.2.1.jar:6.2.1]
	at org.springframework.security.web.context.request.async.WebAsyncManagerIntegrationFilter.doFilterInternal(WebAsyncManagerIntegrationFilter.java:62) ~[spring-security-web-6.2.1.jar:6.2.1]
	at org.springframework.web.filter.OncePerRequestFilter.doFilter(OncePerRequestFilter.java:116) ~[spring-web-6.1.2.jar:6.1.2]
	at org.springframework.security.web.FilterChainProxy$VirtualFilterChain.doFilter(FilterChainProxy.java:374) ~[spring-security-web-6.2.1.jar:6.2.1]
	at org.springframework.security.web.session.DisableEncodeUrlFilter.doFilterInternal(DisableEncodeUrlFilter.java:42) ~[spring-security-web-6.2.1.jar:6.2.1]
	at org.springframework.web.filter.OncePerRequestFilter.doFilter(OncePerRequestFilter.java:116) ~[spring-web-6.1.2.jar:6.1.2]
	at org.springframework.security.web.FilterChainProxy$VirtualFilterChain.doFilter(FilterChainProxy.java:374) ~[spring-security-web-6.2.1.jar:6.2.1]
	at org.springframework.security.web.FilterChainProxy.doFilterInternal(FilterChainProxy.java:233) ~[spring-security-web-6.2.1.jar:6.2.1]
	at org.springframework.security.web.FilterChainProxy.doFilter(FilterChainProxy.java:191) ~[spring-security-web-6.2.1.jar:6.2.1]
	at org.springframework.web.filter.CompositeFilter$VirtualFilterChain.doFilter(CompositeFilter.java:113) ~[spring-web-6.1.2.jar:6.1.2]
	at org.springframework.web.servlet.handler.HandlerMappingIntrospector.lambda$createCacheFilter$3(HandlerMappingIntrospector.java:195) ~[spring-webmvc-6.1.2.jar:6.1.2]
	at org.springframework.web.filter.CompositeFilter$VirtualFilterChain.doFilter(CompositeFilter.java:113) [spring-web-6.1.2.jar:6.1.2]
	at org.springframework.web.filter.CompositeFilter.doFilter(CompositeFilter.java:74) [spring-web-6.1.2.jar:6.1.2]
	at org.springframework.security.config.annotation.web.configuration.WebMvcSecurityConfiguration$CompositeFilterChainProxy.doFilter(WebMvcSecurityConfiguration.java:225) [spring-security-config-6.2.1.jar:6.2.1]
	at org.springframework.web.filter.DelegatingFilterProxy.invokeDelegate(DelegatingFilterProxy.java:352) [spring-web-6.1.2.jar:6.1.2]
	at org.springframework.web.filter.DelegatingFilterProxy.doFilter(DelegatingFilterProxy.java:268) [spring-web-6.1.2.jar:6.1.2]
	at org.apache.catalina.core.ApplicationFilterChain.internalDoFilter(ApplicationFilterChain.java:174) [tomcat-embed-core-10.1.17.jar:10.1.17]
	at org.apache.catalina.core.ApplicationFilterChain.doFilter(ApplicationFilterChain.java:149) [tomcat-embed-core-10.1.17.jar:10.1.17]
	at org.springframework.web.filter.RequestContextFilter.doFilterInternal(RequestContextFilter.java:100) [spring-web-6.1.2.jar:6.1.2]
	at org.springframework.web.filter.OncePerRequestFilter.doFilter(OncePerRequestFilter.java:116) [spring-web-6.1.2.jar:6.1.2]
	at org.apache.catalina.core.ApplicationFilterChain.internalDoFilter(ApplicationFilterChain.java:174) [tomcat-embed-core-10.1.17.jar:10.1.17]
	at org.apache.catalina.core.ApplicationFilterChain.doFilter(ApplicationFilterChain.java:149) [tomcat-embed-core-10.1.17.jar:10.1.17]
	at org.springframework.web.filter.FormContentFilter.doFilterInternal(FormContentFilter.java:93) [spring-web-6.1.2.jar:6.1.2]
	at org.springframework.web.filter.OncePerRequestFilter.doFilter(OncePerRequestFilter.java:116) [spring-web-6.1.2.jar:6.1.2]
	at org.apache.catalina.core.ApplicationFilterChain.internalDoFilter(ApplicationFilterChain.java:174) [tomcat-embed-core-10.1.17.jar:10.1.17]
	at org.apache.catalina.core.ApplicationFilterChain.doFilter(ApplicationFilterChain.java:149) [tomcat-embed-core-10.1.17.jar:10.1.17]
	at org.springframework.web.filter.CharacterEncodingFilter.doFilterInternal(CharacterEncodingFilter.java:201) [spring-web-6.1.2.jar:6.1.2]
	at org.springframework.web.filter.OncePerRequestFilter.doFilter(OncePerRequestFilter.java:116) [spring-web-6.1.2.jar:6.1.2]
	at org.apache.catalina.core.ApplicationFilterChain.internalDoFilter(ApplicationFilterChain.java:174) [tomcat-embed-core-10.1.17.jar:10.1.17]
	at org.apache.catalina.core.ApplicationFilterChain.doFilter(ApplicationFilterChain.java:149) [tomcat-embed-core-10.1.17.jar:10.1.17]
	at org.apache.catalina.core.StandardWrapperValve.invoke(StandardWrapperValve.java:167) [tomcat-embed-core-10.1.17.jar:10.1.17]
	at org.apache.catalina.core.StandardContextValve.invoke(StandardContextValve.java:90) [tomcat-embed-core-10.1.17.jar:10.1.17]
	at org.apache.catalina.authenticator.AuthenticatorBase.invoke(AuthenticatorBase.java:482) [tomcat-embed-core-10.1.17.jar:10.1.17]
	at org.apache.catalina.core.StandardHostValve.invoke(StandardHostValve.java:115) [tomcat-embed-core-10.1.17.jar:10.1.17]
	at org.apache.catalina.valves.ErrorReportValve.invoke(ErrorReportValve.java:93) [tomcat-embed-core-10.1.17.jar:10.1.17]
	at org.apache.catalina.core.StandardEngineValve.invoke(StandardEngineValve.java:74) [tomcat-embed-core-10.1.17.jar:10.1.17]
	at org.apache.catalina.connector.CoyoteAdapter.service(CoyoteAdapter.java:340) [tomcat-embed-core-10.1.17.jar:10.1.17]
	at org.apache.coyote.http11.Http11Processor.service(Http11Processor.java:391) [tomcat-embed-core-10.1.17.jar:10.1.17]
	at org.apache.coyote.AbstractProcessorLight.process(AbstractProcessorLight.java:63) [tomcat-embed-core-10.1.17.jar:10.1.17]
	at org.apache.coyote.AbstractProtocol$ConnectionHandler.process(AbstractProtocol.java:896) [tomcat-embed-core-10.1.17.jar:10.1.17]
	at org.apache.tomcat.util.net.NioEndpoint$SocketProcessor.doRun(NioEndpoint.java:1744) [tomcat-embed-core-10.1.17.jar:10.1.17]
	at org.apache.tomcat.util.net.SocketProcessorBase.run(SocketProcessorBase.java:52) [tomcat-embed-core-10.1.17.jar:10.1.17]
	at org.apache.tomcat.util.threads.ThreadPoolExecutor.runWorker(ThreadPoolExecutor.java:1191) [tomcat-embed-core-10.1.17.jar:10.1.17]
	at org.apache.tomcat.util.threads.ThreadPoolExecutor$Worker.run(ThreadPoolExecutor.java:659) [tomcat-embed-core-10.1.17.jar:10.1.17]
	at org.apache.tomcat.util.threads.TaskThread$WrappingRunnable.run(TaskThread.java:61) [tomcat-embed-core-10.1.17.jar:10.1.17]
	at java.base/java.lang.Thread.run(Thread.java:1589) [?:?]
2026-01-23 14:25:47.990 [http-nio-8080-exec-1] DEBUG com.filestorage.security.JwtTokenProvider - JWT token validated successfully
2026-01-23 14:25:47.990 [http-nio-8080-exec-2] DEBUG com.filestorage.security.JwtTokenProvider - JWT token validated successfully
2026-01-23 14:25:47.992 [http-nio-8080-exec-1] DEBUG com.filestorage.security.JwtAuthenticationFilter - JWT token validated for user: userid1
2026-01-23 14:25:47.992 [http-nio-8080-exec-1] DEBUG com.filestorage.service.UserDetailsServiceImpl - Loading user details for username: userid1
2026-01-23 14:25:47.992 [http-nio-8080-exec-2] DEBUG com.filestorage.security.JwtAuthenticationFilter - JWT token validated for user: userid1
2026-01-23 14:25:47.993 [http-nio-8080-exec-2] DEBUG com.filestorage.service.UserDetailsServiceImpl - Loading user details for username: userid1
2026-01-23 14:25:47.995 [http-nio-8080-exec-1] DEBUG com.filestorage.service.UserDetailsServiceImpl - User details loaded successfully for: userid1
2026-01-23 14:25:47.995 [http-nio-8080-exec-2] DEBUG com.filestorage.service.UserDetailsServiceImpl - User details loaded successfully for: userid1
2026-01-23 14:25:47.995 [http-nio-8080-exec-1] DEBUG com.filestorage.security.JwtAuthenticationFilter - User userid1 authenticated successfully via JWT
2026-01-23 14:25:47.995 [http-nio-8080-exec-2] DEBUG com.filestorage.security.JwtAuthenticationFilter - User userid1 authenticated successfully via JWT
2026-01-23 14:25:47.996 [http-nio-8080-exec-1] DEBUG com.filestorage.controller.FileController - Fetching files for user: userid1 in folder: null
2026-01-23 14:25:47.996 [http-nio-8080-exec-2] DEBUG com.filestorage.controller.FolderController - Fetching folders for user: userid1 in parent folder: null
2026-01-23 14:25:48.000 [http-nio-8080-exec-2] DEBUG com.filestorage.service.FolderService - Fetching folders for user ID: 1 with parent folder ID: null
2026-01-23 14:25:48.000 [http-nio-8080-exec-1] DEBUG com.filestorage.service.FileStorageService - Fetching files for user ID: 1 in folder ID: null
2026-01-23 14:25:48.002 [http-nio-8080-exec-1] DEBUG com.filestorage.service.FileStorageService - Found 0 files for user ID: 1
2026-01-23 14:25:48.002 [http-nio-8080-exec-1] DEBUG com.filestorage.controller.FileController - Retrieved 0 files for user: userid1
2026-01-23 14:25:48.003 [http-nio-8080-exec-2] DEBUG com.filestorage.service.FolderService - Found 1 folders for user ID: 1
2026-01-23 14:25:48.003 [http-nio-8080-exec-2] DEBUG com.filestorage.controller.FolderController - Retrieved 1 folders for user: userid1
2026-01-23 14:25:49.036 [http-nio-8080-exec-3] DEBUG com.filestorage.security.JwtTokenProvider - JWT token validated successfully
2026-01-23 14:25:49.036 [http-nio-8080-exec-5] DEBUG com.filestorage.security.JwtTokenProvider - JWT token validated successfully
2026-01-23 14:25:49.039 [http-nio-8080-exec-3] DEBUG com.filestorage.security.JwtAuthenticationFilter - JWT token validated for user: userid1
2026-01-23 14:25:49.039 [http-nio-8080-exec-3] DEBUG com.filestorage.service.UserDetailsServiceImpl - Loading user details for username: userid1
2026-01-23 14:25:49.039 [http-nio-8080-exec-5] DEBUG com.filestorage.security.JwtAuthenticationFilter - JWT token validated for user: userid1
2026-01-23 14:25:49.039 [http-nio-8080-exec-5] DEBUG com.filestorage.service.UserDetailsServiceImpl - Loading user details for username: userid1
2026-01-23 14:25:49.042 [http-nio-8080-exec-5] DEBUG com.filestorage.service.UserDetailsServiceImpl - User details loaded successfully for: userid1
2026-01-23 14:25:49.042 [http-nio-8080-exec-3] DEBUG com.filestorage.service.UserDetailsServiceImpl - User details loaded successfully for: userid1
2026-01-23 14:25:49.042 [http-nio-8080-exec-5] DEBUG com.filestorage.security.JwtAuthenticationFilter - User userid1 authenticated successfully via JWT
2026-01-23 14:25:49.042 [http-nio-8080-exec-3] DEBUG com.filestorage.security.JwtAuthenticationFilter - User userid1 authenticated successfully via JWT
2026-01-23 14:25:49.043 [http-nio-8080-exec-3] DEBUG com.filestorage.controller.FileController - Fetching files for user: userid1 in folder: 1
2026-01-23 14:25:49.043 [http-nio-8080-exec-5] DEBUG com.filestorage.controller.FolderController - Fetching folders for user: userid1 in parent folder: 1
2026-01-23 14:25:49.046 [http-nio-8080-exec-5] DEBUG com.filestorage.service.FolderService - Fetching folders for user ID: 1 with parent folder ID: 1
2026-01-23 14:25:49.046 [http-nio-8080-exec-3] DEBUG com.filestorage.service.FileStorageService - Fetching files for user ID: 1 in folder ID: 1
2026-01-23 14:25:49.048 [http-nio-8080-exec-3] DEBUG com.filestorage.service.FileStorageService - Found 0 files for user ID: 1
2026-01-23 14:25:49.048 [http-nio-8080-exec-5] DEBUG com.filestorage.service.FolderService - Found 0 folders for user ID: 1
2026-01-23 14:25:49.049 [http-nio-8080-exec-3] DEBUG com.filestorage.controller.FileController - Retrieved 0 files for user: userid1
2026-01-23 14:25:49.049 [http-nio-8080-exec-5] DEBUG com.filestorage.controller.FolderController - Retrieved 0 folders for user: userid1
2026-01-23 14:26:10.951 [http-nio-8080-exec-6] DEBUG com.filestorage.security.JwtTokenProvider - JWT token validated successfully
2026-01-23 14:26:10.954 [http-nio-8080-exec-6] DEBUG com.filestorage.security.JwtAuthenticationFilter - JWT token validated for user: userid1
2026-01-23 14:26:10.954 [http-nio-8080-exec-6] DEBUG com.filestorage.service.UserDetailsServiceImpl - Loading user details for username: userid1
2026-01-23 14:26:10.958 [http-nio-8080-exec-6] DEBUG com.filestorage.service.UserDetailsServiceImpl - User details loaded successfully for: userid1
2026-01-23 14:26:10.958 [http-nio-8080-exec-6] DEBUG com.filestorage.security.JwtAuthenticationFilter - User userid1 authenticated successfully via JWT
2026-01-23 14:26:11.081 [http-nio-8080-exec-6] INFO  com.filestorage.controller.FileController - File upload requested: PXL_20250525_155859501.jpg (size: 3293751 bytes) by user: userid1
2026-01-23 14:26:11.084 [http-nio-8080-exec-6] DEBUG com.filestorage.service.FileStorageService - Storing file: PXL_20250525_155859501.jpg for user ID: 1 in folder ID: 1
2026-01-23 14:26:11.103 [http-nio-8080-exec-6] DEBUG com.filestorage.service.FileStorageService - User storage path created/verified: .\uploads\1
2026-01-23 14:26:11.117 [http-nio-8080-exec-6] DEBUG com.filestorage.service.FileStorageService - File copied to: .\uploads\1\258946ff-2f07-488b-84b4-73fda9c576ea_PXL_20250525_155859501.jpg
2026-01-23 14:26:11.188 [http-nio-8080-exec-6] INFO  com.filestorage.service.FileStorageService - File stored successfully: PXL_20250525_155859501.jpg with metadata ID: 7
2026-01-23 14:26:11.188 [http-nio-8080-exec-6] INFO  com.filestorage.controller.FileController - File uploaded successfully: PXL_20250525_155859501.jpg with ID: 7
2026-01-23 14:26:11.202 [http-nio-8080-exec-4] DEBUG com.filestorage.security.JwtTokenProvider - JWT token validated successfully
2026-01-23 14:26:11.203 [http-nio-8080-exec-1] DEBUG com.filestorage.security.JwtTokenProvider - JWT token validated successfully
2026-01-23 14:26:11.203 [http-nio-8080-exec-4] DEBUG com.filestorage.security.JwtAuthenticationFilter - JWT token validated for user: userid1
2026-01-23 14:26:11.203 [http-nio-8080-exec-4] DEBUG com.filestorage.service.UserDetailsServiceImpl - Loading user details for username: userid1
2026-01-23 14:26:11.204 [http-nio-8080-exec-1] DEBUG com.filestorage.security.JwtAuthenticationFilter - JWT token validated for user: userid1
2026-01-23 14:26:11.204 [http-nio-8080-exec-1] DEBUG com.filestorage.service.UserDetailsServiceImpl - Loading user details for username: userid1
2026-01-23 14:26:11.206 [http-nio-8080-exec-4] DEBUG com.filestorage.service.UserDetailsServiceImpl - User details loaded successfully for: userid1
2026-01-23 14:26:11.206 [http-nio-8080-exec-1] DEBUG com.filestorage.service.UserDetailsServiceImpl - User details loaded successfully for: userid1
2026-01-23 14:26:11.206 [http-nio-8080-exec-4] DEBUG com.filestorage.security.JwtAuthenticationFilter - User userid1 authenticated successfully via JWT
2026-01-23 14:26:11.206 [http-nio-8080-exec-1] DEBUG com.filestorage.security.JwtAuthenticationFilter - User userid1 authenticated successfully via JWT
2026-01-23 14:26:11.206 [http-nio-8080-exec-4] DEBUG com.filestorage.controller.FolderController - Fetching folders for user: userid1 in parent folder: 1
2026-01-23 14:26:11.206 [http-nio-8080-exec-1] DEBUG com.filestorage.controller.FileController - Fetching files for user: userid1 in folder: 1
2026-01-23 14:26:11.209 [http-nio-8080-exec-1] DEBUG com.filestorage.service.FileStorageService - Fetching files for user ID: 1 in folder ID: 1
2026-01-23 14:26:11.209 [http-nio-8080-exec-4] DEBUG com.filestorage.service.FolderService - Fetching folders for user ID: 1 with parent folder ID: 1
2026-01-23 14:26:11.213 [http-nio-8080-exec-1] DEBUG com.filestorage.service.FileStorageService - Found 1 files for user ID: 1
2026-01-23 14:26:11.213 [http-nio-8080-exec-1] DEBUG com.filestorage.controller.FileController - Retrieved 1 files for user: userid1
2026-01-23 14:26:11.215 [http-nio-8080-exec-4] DEBUG com.filestorage.service.FolderService - Found 0 folders for user ID: 1
2026-01-23 14:26:11.215 [http-nio-8080-exec-4] DEBUG com.filestorage.controller.FolderController - Retrieved 0 folders for user: userid1
2026-01-23 14:26:16.132 [http-nio-8080-exec-3] DEBUG com.filestorage.security.JwtTokenProvider - JWT token validated successfully
2026-01-23 14:26:16.134 [http-nio-8080-exec-3] DEBUG com.filestorage.security.JwtAuthenticationFilter - JWT token validated for user: userid1
2026-01-23 14:26:16.134 [http-nio-8080-exec-3] DEBUG com.filestorage.service.UserDetailsServiceImpl - Loading user details for username: userid1
2026-01-23 14:26:16.139 [http-nio-8080-exec-3] DEBUG com.filestorage.service.UserDetailsServiceImpl - User details loaded successfully for: userid1
2026-01-23 14:26:16.140 [http-nio-8080-exec-3] DEBUG com.filestorage.security.JwtAuthenticationFilter - User userid1 authenticated successfully via JWT
2026-01-23 14:26:16.184 [http-nio-8080-exec-3] INFO  com.filestorage.controller.FileController - File upload requested: lab report.jpg (size: 1840766 bytes) by user: userid1
2026-01-23 14:26:16.186 [http-nio-8080-exec-3] DEBUG com.filestorage.service.FileStorageService - Storing file: lab report.jpg for user ID: 1 in folder ID: 1
2026-01-23 14:26:16.187 [http-nio-8080-exec-3] DEBUG com.filestorage.service.FileStorageService - User storage path created/verified: .\uploads\1
2026-01-23 14:26:16.195 [http-nio-8080-exec-3] DEBUG com.filestorage.service.FileStorageService - File copied to: .\uploads\1\8343037c-a6df-440c-b8e5-985243a8abf2_lab report.jpg
2026-01-23 14:26:16.200 [http-nio-8080-exec-3] INFO  com.filestorage.service.FileStorageService - File stored successfully: lab report.jpg with metadata ID: 8
2026-01-23 14:26:16.200 [http-nio-8080-exec-3] INFO  com.filestorage.controller.FileController - File uploaded successfully: lab report.jpg with ID: 8
2026-01-23 14:26:16.209 [http-nio-8080-exec-6] DEBUG com.filestorage.security.JwtTokenProvider - JWT token validated successfully
2026-01-23 14:26:16.210 [http-nio-8080-exec-7] DEBUG com.filestorage.security.JwtTokenProvider - JWT token validated successfully
2026-01-23 14:26:16.211 [http-nio-8080-exec-6] DEBUG com.filestorage.security.JwtAuthenticationFilter - JWT token validated for user: userid1
2026-01-23 14:26:16.211 [http-nio-8080-exec-6] DEBUG com.filestorage.service.UserDetailsServiceImpl - Loading user details for username: userid1
2026-01-23 14:26:16.212 [http-nio-8080-exec-7] DEBUG com.filestorage.security.JwtAuthenticationFilter - JWT token validated for user: userid1
2026-01-23 14:26:16.212 [http-nio-8080-exec-7] DEBUG com.filestorage.service.UserDetailsServiceImpl - Loading user details for username: userid1
2026-01-23 14:26:16.213 [http-nio-8080-exec-6] DEBUG com.filestorage.service.UserDetailsServiceImpl - User details loaded successfully for: userid1
2026-01-23 14:26:16.213 [http-nio-8080-exec-6] DEBUG com.filestorage.security.JwtAuthenticationFilter - User userid1 authenticated successfully via JWT
2026-01-23 14:26:16.213 [http-nio-8080-exec-7] DEBUG com.filestorage.service.UserDetailsServiceImpl - User details loaded successfully for: userid1
2026-01-23 14:26:16.213 [http-nio-8080-exec-7] DEBUG com.filestorage.security.JwtAuthenticationFilter - User userid1 authenticated successfully via JWT
2026-01-23 14:26:16.214 [http-nio-8080-exec-6] DEBUG com.filestorage.controller.FolderController - Fetching folders for user: userid1 in parent folder: 1
2026-01-23 14:26:16.214 [http-nio-8080-exec-7] DEBUG com.filestorage.controller.FileController - Fetching files for user: userid1 in folder: 1
2026-01-23 14:26:16.215 [http-nio-8080-exec-6] DEBUG com.filestorage.service.FolderService - Fetching folders for user ID: 1 with parent folder ID: 1
2026-01-23 14:26:16.215 [http-nio-8080-exec-7] DEBUG com.filestorage.service.FileStorageService - Fetching files for user ID: 1 in folder ID: 1
2026-01-23 14:26:16.218 [http-nio-8080-exec-6] DEBUG com.filestorage.service.FolderService - Found 0 folders for user ID: 1
2026-01-23 14:26:16.218 [http-nio-8080-exec-6] DEBUG com.filestorage.controller.FolderController - Retrieved 0 folders for user: userid1
2026-01-23 14:26:16.219 [http-nio-8080-exec-7] DEBUG com.filestorage.service.FileStorageService - Found 2 files for user ID: 1
2026-01-23 14:26:16.219 [http-nio-8080-exec-7] DEBUG com.filestorage.controller.FileController - Retrieved 2 files for user: userid1
2026-01-23 14:26:19.619 [http-nio-8080-exec-4] DEBUG com.filestorage.security.JwtTokenProvider - JWT token validated successfully
2026-01-23 14:26:19.621 [http-nio-8080-exec-4] DEBUG com.filestorage.security.JwtAuthenticationFilter - JWT token validated for user: userid1
2026-01-23 14:26:19.621 [http-nio-8080-exec-4] DEBUG com.filestorage.service.UserDetailsServiceImpl - Loading user details for username: userid1
2026-01-23 14:26:19.622 [http-nio-8080-exec-4] DEBUG com.filestorage.service.UserDetailsServiceImpl - User details loaded successfully for: userid1
2026-01-23 14:26:19.623 [http-nio-8080-exec-4] DEBUG com.filestorage.security.JwtAuthenticationFilter - User userid1 authenticated successfully via JWT
2026-01-23 14:26:19.627 [http-nio-8080-exec-4] INFO  com.filestorage.controller.FolderController - Creating folder 'dfgsd' for user: userid1 in parent folder: 1
2026-01-23 14:26:19.627 [http-nio-8080-exec-4] INFO  com.filestorage.service.FolderService - Creating folder 'dfgsd' for user ID: 1 with parent folder ID: 1
2026-01-23 14:26:19.638 [http-nio-8080-exec-4] INFO  com.filestorage.service.FolderService - Folder created successfully with ID: 5
2026-01-23 14:26:19.638 [http-nio-8080-exec-4] INFO  com.filestorage.controller.FolderController - Folder created successfully with ID: 5
2026-01-23 14:26:19.652 [http-nio-8080-exec-2] DEBUG com.filestorage.security.JwtTokenProvider - JWT token validated successfully
2026-01-23 14:26:19.652 [http-nio-8080-exec-8] DEBUG com.filestorage.security.JwtTokenProvider - JWT token validated successfully
2026-01-23 14:26:19.654 [http-nio-8080-exec-2] DEBUG com.filestorage.security.JwtAuthenticationFilter - JWT token validated for user: userid1
2026-01-23 14:26:19.654 [http-nio-8080-exec-8] DEBUG com.filestorage.security.JwtAuthenticationFilter - JWT token validated for user: userid1
2026-01-23 14:26:19.654 [http-nio-8080-exec-8] DEBUG com.filestorage.service.UserDetailsServiceImpl - Loading user details for username: userid1
2026-01-23 14:26:19.654 [http-nio-8080-exec-2] DEBUG com.filestorage.service.UserDetailsServiceImpl - Loading user details for username: userid1
2026-01-23 14:26:19.657 [http-nio-8080-exec-8] DEBUG com.filestorage.service.UserDetailsServiceImpl - User details loaded successfully for: userid1
2026-01-23 14:26:19.657 [http-nio-8080-exec-2] DEBUG com.filestorage.service.UserDetailsServiceImpl - User details loaded successfully for: userid1
2026-01-23 14:26:19.657 [http-nio-8080-exec-8] DEBUG com.filestorage.security.JwtAuthenticationFilter - User userid1 authenticated successfully via JWT
2026-01-23 14:26:19.657 [http-nio-8080-exec-2] DEBUG com.filestorage.security.JwtAuthenticationFilter - User userid1 authenticated successfully via JWT
2026-01-23 14:26:19.657 [http-nio-8080-exec-8] DEBUG com.filestorage.controller.FileController - Fetching files for user: userid1 in folder: 1
2026-01-23 14:26:19.657 [http-nio-8080-exec-2] DEBUG com.filestorage.controller.FolderController - Fetching folders for user: userid1 in parent folder: 1
2026-01-23 14:26:19.659 [http-nio-8080-exec-8] DEBUG com.filestorage.service.FileStorageService - Fetching files for user ID: 1 in folder ID: 1
2026-01-23 14:26:19.659 [http-nio-8080-exec-2] DEBUG com.filestorage.service.FolderService - Fetching folders for user ID: 1 with parent folder ID: 1
2026-01-23 14:26:19.662 [http-nio-8080-exec-8] DEBUG com.filestorage.service.FileStorageService - Found 2 files for user ID: 1
2026-01-23 14:26:19.662 [http-nio-8080-exec-8] DEBUG com.filestorage.controller.FileController - Retrieved 2 files for user: userid1
2026-01-23 14:26:19.662 [http-nio-8080-exec-2] DEBUG com.filestorage.service.FolderService - Found 1 folders for user ID: 1
2026-01-23 14:26:19.663 [http-nio-8080-exec-2] DEBUG com.filestorage.controller.FolderController - Retrieved 1 folders for user: userid1
2026-01-23 14:26:20.633 [http-nio-8080-exec-10] DEBUG com.filestorage.security.JwtTokenProvider - JWT token validated successfully
2026-01-23 14:26:20.633 [http-nio-8080-exec-5] DEBUG com.filestorage.security.JwtTokenProvider - JWT token validated successfully
2026-01-23 14:26:20.635 [http-nio-8080-exec-10] DEBUG com.filestorage.security.JwtAuthenticationFilter - JWT token validated for user: userid1
2026-01-23 14:26:20.635 [http-nio-8080-exec-5] DEBUG com.filestorage.security.JwtAuthenticationFilter - JWT token validated for user: userid1
2026-01-23 14:26:20.635 [http-nio-8080-exec-10] DEBUG com.filestorage.service.UserDetailsServiceImpl - Loading user details for username: userid1
2026-01-23 14:26:20.635 [http-nio-8080-exec-5] DEBUG com.filestorage.service.UserDetailsServiceImpl - Loading user details for username: userid1
2026-01-23 14:26:20.638 [http-nio-8080-exec-10] DEBUG com.filestorage.service.UserDetailsServiceImpl - User details loaded successfully for: userid1
2026-01-23 14:26:20.638 [http-nio-8080-exec-5] DEBUG com.filestorage.service.UserDetailsServiceImpl - User details loaded successfully for: userid1
2026-01-23 14:26:20.638 [http-nio-8080-exec-10] DEBUG com.filestorage.security.JwtAuthenticationFilter - User userid1 authenticated successfully via JWT
2026-01-23 14:26:20.638 [http-nio-8080-exec-5] DEBUG com.filestorage.security.JwtAuthenticationFilter - User userid1 authenticated successfully via JWT
2026-01-23 14:26:20.639 [http-nio-8080-exec-5] DEBUG com.filestorage.controller.FileController - Fetching files for user: userid1 in folder: 5
2026-01-23 14:26:20.639 [http-nio-8080-exec-10] DEBUG com.filestorage.controller.FolderController - Fetching folders for user: userid1 in parent folder: 5
2026-01-23 14:26:20.641 [http-nio-8080-exec-10] DEBUG com.filestorage.service.FolderService - Fetching folders for user ID: 1 with parent folder ID: 5
2026-01-23 14:26:20.641 [http-nio-8080-exec-5] DEBUG com.filestorage.service.FileStorageService - Fetching files for user ID: 1 in folder ID: 5
2026-01-23 14:26:20.644 [http-nio-8080-exec-10] DEBUG com.filestorage.service.FolderService - Found 0 folders for user ID: 1
2026-01-23 14:26:20.644 [http-nio-8080-exec-5] DEBUG com.filestorage.service.FileStorageService - Found 0 files for user ID: 1
2026-01-23 14:26:20.645 [http-nio-8080-exec-10] DEBUG com.filestorage.controller.FolderController - Retrieved 0 folders for user: userid1
2026-01-23 14:26:20.645 [http-nio-8080-exec-5] DEBUG com.filestorage.controller.FileController - Retrieved 0 files for user: userid1
2026-01-23 14:26:25.607 [http-nio-8080-exec-4] DEBUG com.filestorage.security.JwtTokenProvider - JWT token validated successfully
2026-01-23 14:26:25.609 [http-nio-8080-exec-4] DEBUG com.filestorage.security.JwtAuthenticationFilter - JWT token validated for user: userid1
2026-01-23 14:26:25.609 [http-nio-8080-exec-4] DEBUG com.filestorage.service.UserDetailsServiceImpl - Loading user details for username: userid1
2026-01-23 14:26:25.612 [http-nio-8080-exec-4] DEBUG com.filestorage.service.UserDetailsServiceImpl - User details loaded successfully for: userid1
2026-01-23 14:26:25.613 [http-nio-8080-exec-4] DEBUG com.filestorage.security.JwtAuthenticationFilter - User userid1 authenticated successfully via JWT
2026-01-23 14:26:25.755 [http-nio-8080-exec-4] INFO  com.filestorage.controller.FileController - File upload requested: PXL_20250525_155859501.jpg (size: 3293751 bytes) by user: userid1
2026-01-23 14:26:25.758 [http-nio-8080-exec-4] DEBUG com.filestorage.service.FileStorageService - Storing file: PXL_20250525_155859501.jpg for user ID: 1 in folder ID: 5
2026-01-23 14:26:25.761 [http-nio-8080-exec-4] DEBUG com.filestorage.service.FileStorageService - User storage path created/verified: .\uploads\1
2026-01-23 14:26:25.784 [http-nio-8080-exec-4] DEBUG com.filestorage.service.FileStorageService - File copied to: .\uploads\1\18144382-ad25-4328-918b-1d8e1e7c1964_PXL_20250525_155859501.jpg
2026-01-23 14:26:25.794 [http-nio-8080-exec-4] INFO  com.filestorage.service.FileStorageService - File stored successfully: PXL_20250525_155859501.jpg with metadata ID: 9
2026-01-23 14:26:25.794 [http-nio-8080-exec-4] INFO  com.filestorage.controller.FileController - File uploaded successfully: PXL_20250525_155859501.jpg with ID: 9
2026-01-23 14:26:25.807 [http-nio-8080-exec-9] DEBUG com.filestorage.security.JwtTokenProvider - JWT token validated successfully
2026-01-23 14:26:25.807 [http-nio-8080-exec-3] DEBUG com.filestorage.security.JwtTokenProvider - JWT token validated successfully
2026-01-23 14:26:25.809 [http-nio-8080-exec-9] DEBUG com.filestorage.security.JwtAuthenticationFilter - JWT token validated for user: userid1
2026-01-23 14:26:25.810 [http-nio-8080-exec-3] DEBUG com.filestorage.security.JwtAuthenticationFilter - JWT token validated for user: userid1
2026-01-23 14:26:25.810 [http-nio-8080-exec-9] DEBUG com.filestorage.service.UserDetailsServiceImpl - Loading user details for username: userid1
2026-01-23 14:26:25.810 [http-nio-8080-exec-3] DEBUG com.filestorage.service.UserDetailsServiceImpl - Loading user details for username: userid1
2026-01-23 14:26:25.812 [http-nio-8080-exec-9] DEBUG com.filestorage.service.UserDetailsServiceImpl - User details loaded successfully for: userid1
2026-01-23 14:26:25.812 [http-nio-8080-exec-3] DEBUG com.filestorage.service.UserDetailsServiceImpl - User details loaded successfully for: userid1
2026-01-23 14:26:25.812 [http-nio-8080-exec-9] DEBUG com.filestorage.security.JwtAuthenticationFilter - User userid1 authenticated successfully via JWT
2026-01-23 14:26:25.812 [http-nio-8080-exec-3] DEBUG com.filestorage.security.JwtAuthenticationFilter - User userid1 authenticated successfully via JWT
2026-01-23 14:26:25.813 [http-nio-8080-exec-9] DEBUG com.filestorage.controller.FolderController - Fetching folders for user: userid1 in parent folder: 5
2026-01-23 14:26:25.813 [http-nio-8080-exec-3] DEBUG com.filestorage.controller.FileController - Fetching files for user: userid1 in folder: 5
2026-01-23 14:26:25.818 [http-nio-8080-exec-9] DEBUG com.filestorage.service.FolderService - Fetching folders for user ID: 1 with parent folder ID: 5
2026-01-23 14:26:25.818 [http-nio-8080-exec-3] DEBUG com.filestorage.service.FileStorageService - Fetching files for user ID: 1 in folder ID: 5
2026-01-23 14:26:25.823 [http-nio-8080-exec-9] DEBUG com.filestorage.service.FolderService - Found 0 folders for user ID: 1
2026-01-23 14:26:25.824 [http-nio-8080-exec-9] DEBUG com.filestorage.controller.FolderController - Retrieved 0 folders for user: userid1
2026-01-23 14:26:25.824 [http-nio-8080-exec-3] DEBUG com.filestorage.service.FileStorageService - Found 1 files for user ID: 1
2026-01-23 14:26:25.824 [http-nio-8080-exec-3] DEBUG com.filestorage.controller.FileController - Retrieved 1 files for user: userid1
2026-01-23 14:26:32.932 [http-nio-8080-exec-10] DEBUG com.filestorage.security.JwtTokenProvider - JWT token validated successfully
2026-01-23 14:26:32.935 [http-nio-8080-exec-10] DEBUG com.filestorage.security.JwtAuthenticationFilter - JWT token validated for user: userid1
2026-01-23 14:26:32.935 [http-nio-8080-exec-10] DEBUG com.filestorage.service.UserDetailsServiceImpl - Loading user details for username: userid1
2026-01-23 14:26:32.937 [http-nio-8080-exec-10] DEBUG com.filestorage.service.UserDetailsServiceImpl - User details loaded successfully for: userid1
2026-01-23 14:26:32.938 [http-nio-8080-exec-10] DEBUG com.filestorage.security.JwtAuthenticationFilter - User userid1 authenticated successfully via JWT
2026-01-23 14:26:32.969 [http-nio-8080-exec-10] INFO  com.filestorage.controller.FileController - File upload requested: lab report.jpg (size: 1840766 bytes) by user: userid1
2026-01-23 14:26:32.971 [http-nio-8080-exec-10] DEBUG com.filestorage.service.FileStorageService - Storing file: lab report.jpg for user ID: 1 in folder ID: 5
2026-01-23 14:26:32.971 [http-nio-8080-exec-10] DEBUG com.filestorage.service.FileStorageService - User storage path created/verified: .\uploads\1
2026-01-23 14:26:32.978 [http-nio-8080-exec-10] DEBUG com.filestorage.service.FileStorageService - File copied to: .\uploads\1\55f2c194-9b07-47c3-9c31-a2afbb89af24_lab report.jpg
2026-01-23 14:26:32.984 [http-nio-8080-exec-10] INFO  com.filestorage.service.FileStorageService - File stored successfully: lab report.jpg with metadata ID: 10
2026-01-23 14:26:32.984 [http-nio-8080-exec-10] INFO  com.filestorage.controller.FileController - File uploaded successfully: lab report.jpg with ID: 10
2026-01-23 14:26:32.996 [http-nio-8080-exec-4] DEBUG com.filestorage.security.JwtTokenProvider - JWT token validated successfully
2026-01-23 14:26:32.996 [http-nio-8080-exec-1] DEBUG com.filestorage.security.JwtTokenProvider - JWT token validated successfully
2026-01-23 14:26:32.998 [http-nio-8080-exec-1] DEBUG com.filestorage.security.JwtAuthenticationFilter - JWT token validated for user: userid1
2026-01-23 14:26:32.998 [http-nio-8080-exec-4] DEBUG com.filestorage.security.JwtAuthenticationFilter - JWT token validated for user: userid1
2026-01-23 14:26:32.998 [http-nio-8080-exec-1] DEBUG com.filestorage.service.UserDetailsServiceImpl - Loading user details for username: userid1
2026-01-23 14:26:32.998 [http-nio-8080-exec-4] DEBUG com.filestorage.service.UserDetailsServiceImpl - Loading user details for username: userid1
2026-01-23 14:26:33.000 [http-nio-8080-exec-1] DEBUG com.filestorage.service.UserDetailsServiceImpl - User details loaded successfully for: userid1
2026-01-23 14:26:33.000 [http-nio-8080-exec-4] DEBUG com.filestorage.service.UserDetailsServiceImpl - User details loaded successfully for: userid1
2026-01-23 14:26:33.000 [http-nio-8080-exec-1] DEBUG com.filestorage.security.JwtAuthenticationFilter - User userid1 authenticated successfully via JWT
2026-01-23 14:26:33.000 [http-nio-8080-exec-4] DEBUG com.filestorage.security.JwtAuthenticationFilter - User userid1 authenticated successfully via JWT
2026-01-23 14:26:33.001 [http-nio-8080-exec-1] DEBUG com.filestorage.controller.FolderController - Fetching folders for user: userid1 in parent folder: 5
2026-01-23 14:26:33.001 [http-nio-8080-exec-4] DEBUG com.filestorage.controller.FileController - Fetching files for user: userid1 in folder: 5
2026-01-23 14:26:33.003 [http-nio-8080-exec-4] DEBUG com.filestorage.service.FileStorageService - Fetching files for user ID: 1 in folder ID: 5
2026-01-23 14:26:33.003 [http-nio-8080-exec-1] DEBUG com.filestorage.service.FolderService - Fetching folders for user ID: 1 with parent folder ID: 5
2026-01-23 14:26:33.005 [http-nio-8080-exec-1] DEBUG com.filestorage.service.FolderService - Found 0 folders for user ID: 1
2026-01-23 14:26:33.005 [http-nio-8080-exec-1] DEBUG com.filestorage.controller.FolderController - Retrieved 0 folders for user: userid1
2026-01-23 14:26:33.005 [http-nio-8080-exec-4] DEBUG com.filestorage.service.FileStorageService - Found 2 files for user ID: 1
2026-01-23 14:26:33.005 [http-nio-8080-exec-4] DEBUG com.filestorage.controller.FileController - Retrieved 2 files for user: userid1
2026-01-23 14:26:39.119 [http-nio-8080-exec-3] DEBUG com.filestorage.security.JwtTokenProvider - JWT token validated successfully
2026-01-23 14:26:39.121 [http-nio-8080-exec-3] DEBUG com.filestorage.security.JwtAuthenticationFilter - JWT token validated for user: userid1
2026-01-23 14:26:39.121 [http-nio-8080-exec-3] DEBUG com.filestorage.service.UserDetailsServiceImpl - Loading user details for username: userid1
2026-01-23 14:26:39.123 [http-nio-8080-exec-3] DEBUG com.filestorage.service.UserDetailsServiceImpl - User details loaded successfully for: userid1
2026-01-23 14:26:39.123 [http-nio-8080-exec-3] DEBUG com.filestorage.security.JwtAuthenticationFilter - User userid1 authenticated successfully via JWT
2026-01-23 14:26:39.124 [http-nio-8080-exec-3] INFO  com.filestorage.controller.FileController - File deletion requested: ID 10 by user: userid1
2026-01-23 14:26:39.127 [http-nio-8080-exec-3] INFO  com.filestorage.service.FileStorageService - Deleting file: ID 10 for user ID: 1
2026-01-23 14:26:39.130 [http-nio-8080-exec-3] DEBUG com.filestorage.service.FileStorageService - Physical file deleted: .\uploads\1\55f2c194-9b07-47c3-9c31-a2afbb89af24_lab report.jpg
2026-01-23 14:26:39.150 [http-nio-8080-exec-3] INFO  com.filestorage.service.FileStorageService - File metadata deleted successfully: ID 10
2026-01-23 14:26:39.150 [http-nio-8080-exec-3] INFO  com.filestorage.controller.FileController - File deleted successfully: ID 10
2026-01-23 14:26:41.338 [http-nio-8080-exec-10] DEBUG com.filestorage.security.JwtTokenProvider - JWT token validated successfully
2026-01-23 14:26:41.338 [http-nio-8080-exec-6] DEBUG com.filestorage.security.JwtTokenProvider - JWT token validated successfully
2026-01-23 14:26:41.340 [http-nio-8080-exec-10] DEBUG com.filestorage.security.JwtAuthenticationFilter - JWT token validated for user: userid1
2026-01-23 14:26:41.340 [http-nio-8080-exec-10] DEBUG com.filestorage.service.UserDetailsServiceImpl - Loading user details for username: userid1
2026-01-23 14:26:41.340 [http-nio-8080-exec-6] DEBUG com.filestorage.security.JwtAuthenticationFilter - JWT token validated for user: userid1
2026-01-23 14:26:41.340 [http-nio-8080-exec-6] DEBUG com.filestorage.service.UserDetailsServiceImpl - Loading user details for username: userid1
2026-01-23 14:26:41.341 [http-nio-8080-exec-10] DEBUG com.filestorage.service.UserDetailsServiceImpl - User details loaded successfully for: userid1
2026-01-23 14:26:41.341 [http-nio-8080-exec-6] DEBUG com.filestorage.service.UserDetailsServiceImpl - User details loaded successfully for: userid1
2026-01-23 14:26:41.342 [http-nio-8080-exec-10] DEBUG com.filestorage.security.JwtAuthenticationFilter - User userid1 authenticated successfully via JWT
2026-01-23 14:26:41.342 [http-nio-8080-exec-6] DEBUG com.filestorage.security.JwtAuthenticationFilter - User userid1 authenticated successfully via JWT
2026-01-23 14:26:41.342 [http-nio-8080-exec-10] DEBUG com.filestorage.controller.FolderController - Fetching folders for user: userid1 in parent folder: 1
2026-01-23 14:26:41.342 [http-nio-8080-exec-6] DEBUG com.filestorage.controller.FileController - Fetching files for user: userid1 in folder: 1
2026-01-23 14:26:41.343 [http-nio-8080-exec-10] DEBUG com.filestorage.service.FolderService - Fetching folders for user ID: 1 with parent folder ID: 1
2026-01-23 14:26:41.343 [http-nio-8080-exec-6] DEBUG com.filestorage.service.FileStorageService - Fetching files for user ID: 1 in folder ID: 1
2026-01-23 14:26:41.344 [http-nio-8080-exec-10] DEBUG com.filestorage.service.FolderService - Found 1 folders for user ID: 1
2026-01-23 14:26:41.344 [http-nio-8080-exec-10] DEBUG com.filestorage.controller.FolderController - Retrieved 1 folders for user: userid1
2026-01-23 14:26:41.346 [http-nio-8080-exec-6] DEBUG com.filestorage.service.FileStorageService - Found 2 files for user ID: 1
2026-01-23 14:26:41.346 [http-nio-8080-exec-6] DEBUG com.filestorage.controller.FileController - Retrieved 2 files for user: userid1
2026-01-23 14:26:42.088 [http-nio-8080-exec-2] DEBUG com.filestorage.security.JwtTokenProvider - JWT token validated successfully
2026-01-23 14:26:42.088 [http-nio-8080-exec-8] DEBUG com.filestorage.security.JwtTokenProvider - JWT token validated successfully
2026-01-23 14:26:42.090 [http-nio-8080-exec-2] DEBUG com.filestorage.security.JwtAuthenticationFilter - JWT token validated for user: userid1
2026-01-23 14:26:42.090 [http-nio-8080-exec-2] DEBUG com.filestorage.service.UserDetailsServiceImpl - Loading user details for username: userid1
2026-01-23 14:26:42.090 [http-nio-8080-exec-8] DEBUG com.filestorage.security.JwtAuthenticationFilter - JWT token validated for user: userid1
2026-01-23 14:26:42.090 [http-nio-8080-exec-8] DEBUG com.filestorage.service.UserDetailsServiceImpl - Loading user details for username: userid1
2026-01-23 14:26:42.092 [http-nio-8080-exec-8] DEBUG com.filestorage.service.UserDetailsServiceImpl - User details loaded successfully for: userid1
2026-01-23 14:26:42.092 [http-nio-8080-exec-2] DEBUG com.filestorage.service.UserDetailsServiceImpl - User details loaded successfully for: userid1
2026-01-23 14:26:42.092 [http-nio-8080-exec-8] DEBUG com.filestorage.security.JwtAuthenticationFilter - User userid1 authenticated successfully via JWT
2026-01-23 14:26:42.092 [http-nio-8080-exec-2] DEBUG com.filestorage.security.JwtAuthenticationFilter - User userid1 authenticated successfully via JWT
2026-01-23 14:26:42.093 [http-nio-8080-exec-8] DEBUG com.filestorage.controller.FolderController - Fetching folders for user: userid1 in parent folder: 5
2026-01-23 14:26:42.093 [http-nio-8080-exec-2] DEBUG com.filestorage.controller.FileController - Fetching files for user: userid1 in folder: 5
2026-01-23 14:26:42.094 [http-nio-8080-exec-8] DEBUG com.filestorage.service.FolderService - Fetching folders for user ID: 1 with parent folder ID: 5
2026-01-23 14:26:42.094 [http-nio-8080-exec-2] DEBUG com.filestorage.service.FileStorageService - Fetching files for user ID: 1 in folder ID: 5
2026-01-23 14:26:42.096 [http-nio-8080-exec-8] DEBUG com.filestorage.service.FolderService - Found 0 folders for user ID: 1
2026-01-23 14:26:42.097 [http-nio-8080-exec-8] DEBUG com.filestorage.controller.FolderController - Retrieved 0 folders for user: userid1
2026-01-23 14:26:42.097 [http-nio-8080-exec-2] DEBUG com.filestorage.service.FileStorageService - Found 1 files for user ID: 1
2026-01-23 14:26:42.097 [http-nio-8080-exec-2] DEBUG com.filestorage.controller.FileController - Retrieved 1 files for user: userid1
2026-01-23 14:30:29.526 [SpringApplicationShutdownHook] INFO  org.springframework.orm.jpa.LocalContainerEntityManagerFactoryBean - Closing JPA EntityManagerFactory for persistence unit 'default'
2026-01-23 14:30:29.530 [SpringApplicationShutdownHook] INFO  com.zaxxer.hikari.HikariDataSource - HikariPool-1 - Shutdown initiated...
2026-01-23 14:30:29.533 [SpringApplicationShutdownHook] INFO  com.zaxxer.hikari.HikariDataSource - HikariPool-1 - Shutdown completed.
2026-01-23 17:05:58.870 [background-preinit] INFO  org.hibernate.validator.internal.util.Version - HV000001: Hibernate Validator 8.0.1.Final
2026-01-23 17:05:58.952 [restartedMain] INFO  com.filestorage.FileStorageApplication - Starting FileStorageApplication using Java 19.0.2 with PID 15384 (C:\Projects\theUploader\file-storage-backend\target\classes started by e5717722 in C:\Projects\theUploader\file-storage-backend)
2026-01-23 17:05:58.956 [restartedMain] DEBUG com.filestorage.FileStorageApplication - Running with Spring Boot v3.2.1, Spring v6.1.2
2026-01-23 17:05:58.958 [restartedMain] INFO  com.filestorage.FileStorageApplication - No active profile set, falling back to 1 default profile: "default"
2026-01-23 17:05:59.042 [restartedMain] INFO  org.springframework.boot.devtools.env.DevToolsPropertyDefaultsPostProcessor - Devtools property defaults active! Set 'spring.devtools.add-properties' to 'false' to disable
2026-01-23 17:05:59.043 [restartedMain] INFO  org.springframework.boot.devtools.env.DevToolsPropertyDefaultsPostProcessor - For additional web related logging consider setting the 'logging.level.web' property to 'DEBUG'
2026-01-23 17:06:00.678 [restartedMain] INFO  org.springframework.data.repository.config.RepositoryConfigurationDelegate - Bootstrapping Spring Data JPA repositories in DEFAULT mode.
2026-01-23 17:06:00.798 [restartedMain] INFO  org.springframework.data.repository.config.RepositoryConfigurationDelegate - Finished Spring Data repository scanning in 106 ms. Found 3 JPA repository interfaces.
2026-01-23 17:06:02.367 [restartedMain] INFO  org.springframework.boot.web.embedded.tomcat.TomcatWebServer - Tomcat initialized with port 8080 (http)
2026-01-23 17:06:02.393 [restartedMain] INFO  org.apache.coyote.http11.Http11NioProtocol - Initializing ProtocolHandler ["http-nio-8080"]
2026-01-23 17:06:02.396 [restartedMain] INFO  org.apache.catalina.core.StandardService - Starting service [Tomcat]
2026-01-23 17:06:02.398 [restartedMain] INFO  org.apache.catalina.core.StandardEngine - Starting Servlet engine: [Apache Tomcat/10.1.17]
2026-01-23 17:06:02.568 [restartedMain] INFO  org.apache.catalina.core.ContainerBase.[Tomcat].[localhost].[/] - Initializing Spring embedded WebApplicationContext
2026-01-23 17:06:02.571 [restartedMain] INFO  org.springframework.boot.web.servlet.context.ServletWebServerApplicationContext - Root WebApplicationContext: initialization completed in 3524 ms
2026-01-23 17:06:02.689 [restartedMain] INFO  com.zaxxer.hikari.HikariDataSource - HikariPool-1 - Starting...
2026-01-23 17:06:03.190 [restartedMain] INFO  com.zaxxer.hikari.pool.HikariPool - HikariPool-1 - Added connection conn0: url=jdbc:h2:file:./data/filestorage user=ADMIN
2026-01-23 17:06:03.193 [restartedMain] INFO  com.zaxxer.hikari.HikariDataSource - HikariPool-1 - Start completed.
2026-01-23 17:06:03.209 [restartedMain] INFO  org.springframework.boot.autoconfigure.h2.H2ConsoleAutoConfiguration - H2 console available at '/h2-console'. Database available at 'jdbc:h2:file:./data/filestorage'
2026-01-23 17:06:03.512 [restartedMain] INFO  org.hibernate.jpa.internal.util.LogHelper - HHH000204: Processing PersistenceUnitInfo [name: default]
2026-01-23 17:06:03.652 [restartedMain] INFO  org.hibernate.Version - HHH000412: Hibernate ORM core version 6.4.1.Final
2026-01-23 17:06:03.736 [restartedMain] INFO  org.hibernate.cache.internal.RegionFactoryInitiator - HHH000026: Second-level cache disabled
2026-01-23 17:06:04.215 [restartedMain] INFO  org.springframework.orm.jpa.persistenceunit.SpringPersistenceUnitInfo - No LoadTimeWeaver setup: ignoring JPA class transformer
2026-01-23 17:06:04.324 [restartedMain] WARN  org.hibernate.orm.deprecation - HHH90000025: H2Dialect does not need to be specified explicitly using 'hibernate.dialect' (remove the property setting and it will be selected by default)
2026-01-23 17:06:05.842 [restartedMain] INFO  org.hibernate.engine.transaction.jta.platform.internal.JtaPlatformInitiator - HHH000489: No JTA platform available (set 'hibernate.transaction.jta.platform' to enable JTA platform integration)
2026-01-23 17:06:05.932 [restartedMain] INFO  org.springframework.orm.jpa.LocalContainerEntityManagerFactoryBean - Initialized JPA EntityManagerFactory for persistence unit 'default'
2026-01-23 17:06:06.529 [restartedMain] DEBUG com.filestorage.security.JwtAuthenticationFilter - Filter 'jwtAuthenticationFilter' configured for use
2026-01-23 17:06:06.851 [restartedMain] WARN  org.springframework.boot.autoconfigure.orm.jpa.JpaBaseConfiguration$JpaWebConfiguration - spring.jpa.open-in-view is enabled by default. Therefore, database queries may be performed during view rendering. Explicitly configure spring.jpa.open-in-view to disable this warning
2026-01-23 17:06:07.396 [restartedMain] INFO  org.springframework.security.web.DefaultSecurityFilterChain - Will secure any request with [org.springframework.security.web.session.DisableEncodeUrlFilter@3b9a57fd, org.springframework.security.web.context.request.async.WebAsyncManagerIntegrationFilter@50284dc4, org.springframework.security.web.context.SecurityContextHolderFilter@ed5d15a, org.springframework.security.web.header.HeaderWriterFilter@50e1d643, org.springframework.web.filter.CorsFilter@9bd84bb, org.springframework.security.web.authentication.logout.LogoutFilter@32c822e3, com.filestorage.security.JwtAuthenticationFilter@536803a6, org.springframework.security.web.savedrequest.RequestCacheAwareFilter@6748b4c0, org.springframework.security.web.servletapi.SecurityContextHolderAwareRequestFilter@f1eac85, org.springframework.security.web.authentication.AnonymousAuthenticationFilter@5032ea62, org.springframework.security.web.session.SessionManagementFilter@4cc2f360, org.springframework.security.web.access.ExceptionTranslationFilter@2fb60a25, org.springframework.security.web.access.intercept.AuthorizationFilter@2679a41e]
2026-01-23 17:06:07.796 [restartedMain] INFO  org.springframework.boot.devtools.autoconfigure.OptionalLiveReloadServer - LiveReload server is running on port 35729
2026-01-23 17:06:07.814 [restartedMain] INFO  org.apache.coyote.http11.Http11NioProtocol - Starting ProtocolHandler ["http-nio-8080"]
2026-01-23 17:06:07.864 [restartedMain] INFO  org.springframework.boot.web.embedded.tomcat.TomcatWebServer - Tomcat started on port 8080 (http) with context path ''
2026-01-23 17:06:07.879 [restartedMain] INFO  com.filestorage.FileStorageApplication - Started FileStorageApplication in 9.477 seconds (process running for 12.495)
2026-01-23 17:06:54.375 [http-nio-8080-exec-1] INFO  org.apache.catalina.core.ContainerBase.[Tomcat].[localhost].[/] - Initializing Spring DispatcherServlet 'dispatcherServlet'
2026-01-23 17:06:54.375 [http-nio-8080-exec-1] INFO  org.springframework.web.servlet.DispatcherServlet - Initializing Servlet 'dispatcherServlet'
2026-01-23 17:06:54.377 [http-nio-8080-exec-1] INFO  org.springframework.web.servlet.DispatcherServlet - Completed initialization in 1 ms
2026-01-23 17:06:54.511 [http-nio-8080-exec-2] DEBUG com.filestorage.security.JwtTokenProvider - JWT token validated successfully
2026-01-23 17:06:54.513 [http-nio-8080-exec-2] DEBUG com.filestorage.security.JwtAuthenticationFilter - JWT token validated for user: userid1
2026-01-23 17:06:54.514 [http-nio-8080-exec-2] DEBUG com.filestorage.service.UserDetailsServiceImpl - Loading user details for username: userid1
2026-01-23 17:06:54.734 [http-nio-8080-exec-2] DEBUG com.filestorage.service.UserDetailsServiceImpl - User details loaded successfully for: userid1
2026-01-23 17:06:54.736 [http-nio-8080-exec-2] DEBUG com.filestorage.security.JwtAuthenticationFilter - User userid1 authenticated successfully via JWT
2026-01-23 17:06:54.859 [http-nio-8080-exec-2] INFO  com.filestorage.controller.AuthController - Login attempt for user: userid1
2026-01-23 17:06:54.977 [http-nio-8080-exec-2] DEBUG com.filestorage.service.UserDetailsServiceImpl - Loading user details for username: userid1
2026-01-23 17:06:54.980 [http-nio-8080-exec-2] DEBUG com.filestorage.service.UserDetailsServiceImpl - User details loaded successfully for: userid1
2026-01-23 17:06:55.084 [http-nio-8080-exec-2] DEBUG com.filestorage.security.JwtTokenProvider - Generating JWT token for user: userid1
2026-01-23 17:06:55.111 [http-nio-8080-exec-2] DEBUG com.filestorage.security.JwtTokenProvider - JWT token generated successfully for user: userid1
2026-01-23 17:06:55.114 [http-nio-8080-exec-2] INFO  com.filestorage.controller.AuthController - User userid1 logged in successfully
2026-01-23 17:06:55.160 [http-nio-8080-exec-6] DEBUG com.filestorage.security.JwtTokenProvider - JWT token validated successfully
2026-01-23 17:06:55.160 [http-nio-8080-exec-5] DEBUG com.filestorage.security.JwtTokenProvider - JWT token validated successfully
2026-01-23 17:06:55.173 [http-nio-8080-exec-5] DEBUG com.filestorage.security.JwtAuthenticationFilter - JWT token validated for user: userid1
2026-01-23 17:06:55.174 [http-nio-8080-exec-5] DEBUG com.filestorage.service.UserDetailsServiceImpl - Loading user details for username: userid1
2026-01-23 17:06:55.174 [http-nio-8080-exec-6] DEBUG com.filestorage.security.JwtAuthenticationFilter - JWT token validated for user: userid1
2026-01-23 17:06:55.175 [http-nio-8080-exec-6] DEBUG com.filestorage.service.UserDetailsServiceImpl - Loading user details for username: userid1
2026-01-23 17:06:55.177 [http-nio-8080-exec-5] DEBUG com.filestorage.service.UserDetailsServiceImpl - User details loaded successfully for: userid1
2026-01-23 17:06:55.178 [http-nio-8080-exec-5] DEBUG com.filestorage.security.JwtAuthenticationFilter - User userid1 authenticated successfully via JWT
2026-01-23 17:06:55.179 [http-nio-8080-exec-6] DEBUG com.filestorage.service.UserDetailsServiceImpl - User details loaded successfully for: userid1
2026-01-23 17:06:55.180 [http-nio-8080-exec-6] DEBUG com.filestorage.security.JwtAuthenticationFilter - User userid1 authenticated successfully via JWT
2026-01-23 17:06:55.184 [http-nio-8080-exec-6] DEBUG com.filestorage.controller.FileController - Fetching files for user: userid1 in folder: null
2026-01-23 17:06:55.184 [http-nio-8080-exec-5] DEBUG com.filestorage.controller.FolderController - Fetching folders for user: userid1 in parent folder: null
2026-01-23 17:06:55.188 [http-nio-8080-exec-5] DEBUG com.filestorage.service.FolderService - Fetching folders for user ID: 1 with parent folder ID: null
2026-01-23 17:06:55.188 [http-nio-8080-exec-6] DEBUG com.filestorage.service.FileStorageService - Fetching files for user ID: 1 in folder ID: null
2026-01-23 17:06:55.202 [http-nio-8080-exec-6] DEBUG com.filestorage.service.FileStorageService - Found 0 files for user ID: 1
2026-01-23 17:06:55.203 [http-nio-8080-exec-6] DEBUG com.filestorage.controller.FileController - Retrieved 0 files for user: userid1
2026-01-23 17:06:55.204 [http-nio-8080-exec-5] DEBUG com.filestorage.service.FolderService - Found 1 folders for user ID: 1
2026-01-23 17:06:55.205 [http-nio-8080-exec-5] DEBUG com.filestorage.controller.FolderController - Retrieved 1 folders for user: userid1
2026-01-23 17:06:58.595 [http-nio-8080-exec-10] DEBUG com.filestorage.security.JwtTokenProvider - JWT token validated successfully
2026-01-23 17:06:58.595 [http-nio-8080-exec-9] DEBUG com.filestorage.security.JwtTokenProvider - JWT token validated successfully
2026-01-23 17:06:58.597 [http-nio-8080-exec-10] DEBUG com.filestorage.security.JwtAuthenticationFilter - JWT token validated for user: userid1
2026-01-23 17:06:58.597 [http-nio-8080-exec-9] DEBUG com.filestorage.security.JwtAuthenticationFilter - JWT token validated for user: userid1
2026-01-23 17:06:58.597 [http-nio-8080-exec-10] DEBUG com.filestorage.service.UserDetailsServiceImpl - Loading user details for username: userid1
2026-01-23 17:06:58.597 [http-nio-8080-exec-9] DEBUG com.filestorage.service.UserDetailsServiceImpl - Loading user details for username: userid1
2026-01-23 17:06:58.599 [http-nio-8080-exec-10] DEBUG com.filestorage.service.UserDetailsServiceImpl - User details loaded successfully for: userid1
2026-01-23 17:06:58.599 [http-nio-8080-exec-9] DEBUG com.filestorage.service.UserDetailsServiceImpl - User details loaded successfully for: userid1
2026-01-23 17:06:58.599 [http-nio-8080-exec-10] DEBUG com.filestorage.security.JwtAuthenticationFilter - User userid1 authenticated successfully via JWT
2026-01-23 17:06:58.599 [http-nio-8080-exec-9] DEBUG com.filestorage.security.JwtAuthenticationFilter - User userid1 authenticated successfully via JWT
2026-01-23 17:06:58.601 [http-nio-8080-exec-9] DEBUG com.filestorage.controller.FolderController - Fetching folders for user: userid1 in parent folder: 1
2026-01-23 17:06:58.601 [http-nio-8080-exec-10] DEBUG com.filestorage.controller.FileController - Fetching files for user: userid1 in folder: 1
2026-01-23 17:06:58.604 [http-nio-8080-exec-9] DEBUG com.filestorage.service.FolderService - Fetching folders for user ID: 1 with parent folder ID: 1
2026-01-23 17:06:58.604 [http-nio-8080-exec-10] DEBUG com.filestorage.service.FileStorageService - Fetching files for user ID: 1 in folder ID: 1
2026-01-23 17:06:58.609 [http-nio-8080-exec-9] DEBUG com.filestorage.service.FolderService - Found 1 folders for user ID: 1
2026-01-23 17:06:58.609 [http-nio-8080-exec-9] DEBUG com.filestorage.controller.FolderController - Retrieved 1 folders for user: userid1
2026-01-23 17:06:58.611 [http-nio-8080-exec-10] DEBUG com.filestorage.service.FileStorageService - Found 2 files for user ID: 1
2026-01-23 17:06:58.611 [http-nio-8080-exec-10] DEBUG com.filestorage.controller.FileController - Retrieved 2 files for user: userid1
2026-01-23 17:08:55.279 [http-nio-8080-exec-6] DEBUG com.filestorage.security.JwtTokenProvider - JWT token validated successfully
2026-01-23 17:08:55.283 [http-nio-8080-exec-6] DEBUG com.filestorage.security.JwtAuthenticationFilter - JWT token validated for user: userid1
2026-01-23 17:08:55.283 [http-nio-8080-exec-6] DEBUG com.filestorage.service.UserDetailsServiceImpl - Loading user details for username: userid1
2026-01-23 17:08:55.288 [http-nio-8080-exec-6] DEBUG com.filestorage.service.UserDetailsServiceImpl - User details loaded successfully for: userid1
2026-01-23 17:08:55.289 [http-nio-8080-exec-6] DEBUG com.filestorage.security.JwtAuthenticationFilter - User userid1 authenticated successfully via JWT
2026-01-23 17:08:55.292 [http-nio-8080-exec-6] DEBUG com.filestorage.controller.FolderController - Fetching folders for user: userid1 in parent folder: null
2026-01-23 17:08:55.293 [http-nio-8080-exec-5] DEBUG com.filestorage.security.JwtTokenProvider - JWT token validated successfully
2026-01-23 17:08:55.296 [http-nio-8080-exec-6] DEBUG com.filestorage.service.FolderService - Fetching folders for user ID: 1 with parent folder ID: null
2026-01-23 17:08:55.296 [http-nio-8080-exec-5] DEBUG com.filestorage.security.JwtAuthenticationFilter - JWT token validated for user: userid1
2026-01-23 17:08:55.297 [http-nio-8080-exec-5] DEBUG com.filestorage.service.UserDetailsServiceImpl - Loading user details for username: userid1
2026-01-23 17:08:55.300 [http-nio-8080-exec-6] DEBUG com.filestorage.service.FolderService - Found 1 folders for user ID: 1
2026-01-23 17:08:55.300 [http-nio-8080-exec-6] DEBUG com.filestorage.controller.FolderController - Retrieved 1 folders for user: userid1
2026-01-23 17:08:55.300 [http-nio-8080-exec-5] DEBUG com.filestorage.service.UserDetailsServiceImpl - User details loaded successfully for: userid1
2026-01-23 17:08:55.301 [http-nio-8080-exec-5] DEBUG com.filestorage.security.JwtAuthenticationFilter - User userid1 authenticated successfully via JWT
2026-01-23 17:08:55.302 [http-nio-8080-exec-5] DEBUG com.filestorage.controller.FileController - Fetching files for user: userid1 in folder: null
2026-01-23 17:08:55.307 [http-nio-8080-exec-5] DEBUG com.filestorage.service.FileStorageService - Fetching files for user ID: 1 in folder ID: null
2026-01-23 17:08:55.312 [http-nio-8080-exec-5] DEBUG com.filestorage.service.FileStorageService - Found 0 files for user ID: 1
2026-01-23 17:08:55.312 [http-nio-8080-exec-5] DEBUG com.filestorage.controller.FileController - Retrieved 0 files for user: userid1
2026-01-23 17:14:02.990 [http-nio-8080-exec-10] DEBUG com.filestorage.security.JwtTokenProvider - JWT token validated successfully
2026-01-23 17:14:02.990 [http-nio-8080-exec-2] DEBUG com.filestorage.security.JwtTokenProvider - JWT token validated successfully
2026-01-23 17:14:02.992 [http-nio-8080-exec-2] DEBUG com.filestorage.security.JwtAuthenticationFilter - JWT token validated for user: userid1
2026-01-23 17:14:02.992 [http-nio-8080-exec-10] DEBUG com.filestorage.security.JwtAuthenticationFilter - JWT token validated for user: userid1
2026-01-23 17:14:02.992 [http-nio-8080-exec-2] DEBUG com.filestorage.service.UserDetailsServiceImpl - Loading user details for username: userid1
2026-01-23 17:14:02.992 [http-nio-8080-exec-10] DEBUG com.filestorage.service.UserDetailsServiceImpl - Loading user details for username: userid1
2026-01-23 17:14:02.996 [http-nio-8080-exec-2] DEBUG com.filestorage.service.UserDetailsServiceImpl - User details loaded successfully for: userid1
2026-01-23 17:14:02.996 [http-nio-8080-exec-10] DEBUG com.filestorage.service.UserDetailsServiceImpl - User details loaded successfully for: userid1
2026-01-23 17:14:02.996 [http-nio-8080-exec-2] DEBUG com.filestorage.security.JwtAuthenticationFilter - User userid1 authenticated successfully via JWT
2026-01-23 17:14:02.996 [http-nio-8080-exec-10] DEBUG com.filestorage.security.JwtAuthenticationFilter - User userid1 authenticated successfully via JWT
2026-01-23 17:14:02.997 [http-nio-8080-exec-2] DEBUG com.filestorage.controller.FileController - Fetching files for user: userid1 in folder: null
2026-01-23 17:14:02.997 [http-nio-8080-exec-10] DEBUG com.filestorage.controller.FolderController - Fetching folders for user: userid1 in parent folder: null
2026-01-23 17:14:03.000 [http-nio-8080-exec-2] DEBUG com.filestorage.service.FileStorageService - Fetching files for user ID: 1 in folder ID: null
2026-01-23 17:14:03.000 [http-nio-8080-exec-10] DEBUG com.filestorage.service.FolderService - Fetching folders for user ID: 1 with parent folder ID: null
2026-01-23 17:14:03.002 [http-nio-8080-exec-2] DEBUG com.filestorage.service.FileStorageService - Found 0 files for user ID: 1
2026-01-23 17:14:03.003 [http-nio-8080-exec-2] DEBUG com.filestorage.controller.FileController - Retrieved 0 files for user: userid1
2026-01-23 17:14:03.003 [http-nio-8080-exec-10] DEBUG com.filestorage.service.FolderService - Found 1 folders for user ID: 1
2026-01-23 17:14:03.003 [http-nio-8080-exec-10] DEBUG com.filestorage.controller.FolderController - Retrieved 1 folders for user: userid1
2026-01-23 17:17:34.867 [http-nio-8080-exec-5] DEBUG com.filestorage.security.JwtTokenProvider - JWT token validated successfully
2026-01-23 17:17:34.867 [http-nio-8080-exec-7] DEBUG com.filestorage.security.JwtTokenProvider - JWT token validated successfully
2026-01-23 17:17:34.870 [http-nio-8080-exec-5] DEBUG com.filestorage.security.JwtAuthenticationFilter - JWT token validated for user: userid1
2026-01-23 17:17:34.870 [http-nio-8080-exec-5] DEBUG com.filestorage.service.UserDetailsServiceImpl - Loading user details for username: userid1
2026-01-23 17:17:34.870 [http-nio-8080-exec-7] DEBUG com.filestorage.security.JwtAuthenticationFilter - JWT token validated for user: userid1
2026-01-23 17:17:34.870 [http-nio-8080-exec-7] DEBUG com.filestorage.service.UserDetailsServiceImpl - Loading user details for username: userid1
2026-01-23 17:17:34.874 [http-nio-8080-exec-5] DEBUG com.filestorage.service.UserDetailsServiceImpl - User details loaded successfully for: userid1
2026-01-23 17:17:34.874 [http-nio-8080-exec-5] DEBUG com.filestorage.security.JwtAuthenticationFilter - User userid1 authenticated successfully via JWT
2026-01-23 17:17:34.874 [http-nio-8080-exec-7] DEBUG com.filestorage.service.UserDetailsServiceImpl - User details loaded successfully for: userid1
2026-01-23 17:17:34.875 [http-nio-8080-exec-7] DEBUG com.filestorage.security.JwtAuthenticationFilter - User userid1 authenticated successfully via JWT
2026-01-23 17:17:34.876 [http-nio-8080-exec-7] DEBUG com.filestorage.controller.FileController - Fetching files for user: userid1 in folder: null
2026-01-23 17:17:34.876 [http-nio-8080-exec-5] DEBUG com.filestorage.controller.FolderController - Fetching folders for user: userid1 in parent folder: null
2026-01-23 17:17:34.879 [http-nio-8080-exec-7] DEBUG com.filestorage.service.FileStorageService - Fetching files for user ID: 1 in folder ID: null
2026-01-23 17:17:34.879 [http-nio-8080-exec-5] DEBUG com.filestorage.service.FolderService - Fetching folders for user ID: 1 with parent folder ID: null
2026-01-23 17:17:34.880 [http-nio-8080-exec-7] DEBUG com.filestorage.service.FileStorageService - Found 0 files for user ID: 1
2026-01-23 17:17:34.882 [http-nio-8080-exec-7] DEBUG com.filestorage.controller.FileController - Retrieved 0 files for user: userid1
2026-01-23 17:17:34.882 [http-nio-8080-exec-5] DEBUG com.filestorage.service.FolderService - Found 1 folders for user ID: 1
2026-01-23 17:17:34.882 [http-nio-8080-exec-5] DEBUG com.filestorage.controller.FolderController - Retrieved 1 folders for user: userid1
2026-01-23 17:19:03.848 [http-nio-8080-exec-1] DEBUG com.filestorage.security.JwtTokenProvider - JWT token validated successfully
2026-01-23 17:19:03.848 [http-nio-8080-exec-4] DEBUG com.filestorage.security.JwtTokenProvider - JWT token validated successfully
2026-01-23 17:19:03.850 [http-nio-8080-exec-4] DEBUG com.filestorage.security.JwtAuthenticationFilter - JWT token validated for user: userid1
2026-01-23 17:19:03.850 [http-nio-8080-exec-1] DEBUG com.filestorage.security.JwtAuthenticationFilter - JWT token validated for user: userid1
2026-01-23 17:19:03.851 [http-nio-8080-exec-4] DEBUG com.filestorage.service.UserDetailsServiceImpl - Loading user details for username: userid1
2026-01-23 17:19:03.851 [http-nio-8080-exec-1] DEBUG com.filestorage.service.UserDetailsServiceImpl - Loading user details for username: userid1
2026-01-23 17:19:03.853 [http-nio-8080-exec-4] DEBUG com.filestorage.service.UserDetailsServiceImpl - User details loaded successfully for: userid1
2026-01-23 17:19:03.853 [http-nio-8080-exec-1] DEBUG com.filestorage.service.UserDetailsServiceImpl - User details loaded successfully for: userid1
2026-01-23 17:19:03.853 [http-nio-8080-exec-1] DEBUG com.filestorage.security.JwtAuthenticationFilter - User userid1 authenticated successfully via JWT
2026-01-23 17:19:03.853 [http-nio-8080-exec-4] DEBUG com.filestorage.security.JwtAuthenticationFilter - User userid1 authenticated successfully via JWT
2026-01-23 17:19:03.854 [http-nio-8080-exec-1] DEBUG com.filestorage.controller.FileController - Fetching files for user: userid1 in folder: null
2026-01-23 17:19:03.854 [http-nio-8080-exec-4] DEBUG com.filestorage.controller.FolderController - Fetching folders for user: userid1 in parent folder: null
2026-01-23 17:19:03.855 [http-nio-8080-exec-1] DEBUG com.filestorage.service.FileStorageService - Fetching files for user ID: 1 in folder ID: null
2026-01-23 17:19:03.855 [http-nio-8080-exec-4] DEBUG com.filestorage.service.FolderService - Fetching folders for user ID: 1 with parent folder ID: null
2026-01-23 17:19:03.857 [http-nio-8080-exec-1] DEBUG com.filestorage.service.FileStorageService - Found 0 files for user ID: 1
2026-01-23 17:19:03.857 [http-nio-8080-exec-1] DEBUG com.filestorage.controller.FileController - Retrieved 0 files for user: userid1
2026-01-23 17:19:03.857 [http-nio-8080-exec-4] DEBUG com.filestorage.service.FolderService - Found 1 folders for user ID: 1
2026-01-23 17:19:03.857 [http-nio-8080-exec-4] DEBUG com.filestorage.controller.FolderController - Retrieved 1 folders for user: userid1
2026-01-23 17:21:23.414 [http-nio-8080-exec-9] DEBUG com.filestorage.security.JwtTokenProvider - JWT token validated successfully
2026-01-23 17:21:23.414 [http-nio-8080-exec-8] DEBUG com.filestorage.security.JwtTokenProvider - JWT token validated successfully
2026-01-23 17:21:23.416 [http-nio-8080-exec-9] DEBUG com.filestorage.security.JwtAuthenticationFilter - JWT token validated for user: userid1
2026-01-23 17:21:23.416 [http-nio-8080-exec-9] DEBUG com.filestorage.service.UserDetailsServiceImpl - Loading user details for username: userid1
2026-01-23 17:21:23.416 [http-nio-8080-exec-8] DEBUG com.filestorage.security.JwtAuthenticationFilter - JWT token validated for user: userid1
2026-01-23 17:21:23.416 [http-nio-8080-exec-8] DEBUG com.filestorage.service.UserDetailsServiceImpl - Loading user details for username: userid1
2026-01-23 17:21:23.417 [http-nio-8080-exec-8] DEBUG com.filestorage.service.UserDetailsServiceImpl - User details loaded successfully for: userid1
2026-01-23 17:21:23.417 [http-nio-8080-exec-9] DEBUG com.filestorage.service.UserDetailsServiceImpl - User details loaded successfully for: userid1
2026-01-23 17:21:23.417 [http-nio-8080-exec-8] DEBUG com.filestorage.security.JwtAuthenticationFilter - User userid1 authenticated successfully via JWT
2026-01-23 17:21:23.418 [http-nio-8080-exec-9] DEBUG com.filestorage.security.JwtAuthenticationFilter - User userid1 authenticated successfully via JWT
2026-01-23 17:21:23.418 [http-nio-8080-exec-8] DEBUG com.filestorage.controller.FolderController - Fetching folders for user: userid1 in parent folder: 1
2026-01-23 17:21:23.418 [http-nio-8080-exec-9] DEBUG com.filestorage.controller.FileController - Fetching files for user: userid1 in folder: 1
2026-01-23 17:21:23.420 [http-nio-8080-exec-9] DEBUG com.filestorage.service.FileStorageService - Fetching files for user ID: 1 in folder ID: 1
2026-01-23 17:21:23.420 [http-nio-8080-exec-8] DEBUG com.filestorage.service.FolderService - Fetching folders for user ID: 1 with parent folder ID: 1
2026-01-23 17:21:23.423 [http-nio-8080-exec-8] DEBUG com.filestorage.service.FolderService - Found 1 folders for user ID: 1
2026-01-23 17:21:23.423 [http-nio-8080-exec-9] DEBUG com.filestorage.service.FileStorageService - Found 2 files for user ID: 1
2026-01-23 17:21:23.423 [http-nio-8080-exec-8] DEBUG com.filestorage.controller.FolderController - Retrieved 1 folders for user: userid1
2026-01-23 17:21:23.423 [http-nio-8080-exec-9] DEBUG com.filestorage.controller.FileController - Retrieved 2 files for user: userid1
2026-01-23 17:21:26.800 [http-nio-8080-exec-4] DEBUG com.filestorage.security.JwtTokenProvider - JWT token validated successfully
2026-01-23 17:21:26.800 [http-nio-8080-exec-1] DEBUG com.filestorage.security.JwtTokenProvider - JWT token validated successfully
2026-01-23 17:21:26.801 [http-nio-8080-exec-4] DEBUG com.filestorage.security.JwtAuthenticationFilter - JWT token validated for user: userid1
2026-01-23 17:21:26.802 [http-nio-8080-exec-4] DEBUG com.filestorage.service.UserDetailsServiceImpl - Loading user details for username: userid1
2026-01-23 17:21:26.802 [http-nio-8080-exec-1] DEBUG com.filestorage.security.JwtAuthenticationFilter - JWT token validated for user: userid1
2026-01-23 17:21:26.802 [http-nio-8080-exec-1] DEBUG com.filestorage.service.UserDetailsServiceImpl - Loading user details for username: userid1
2026-01-23 17:21:26.804 [http-nio-8080-exec-1] DEBUG com.filestorage.service.UserDetailsServiceImpl - User details loaded successfully for: userid1
2026-01-23 17:21:26.804 [http-nio-8080-exec-4] DEBUG com.filestorage.service.UserDetailsServiceImpl - User details loaded successfully for: userid1
2026-01-23 17:21:26.804 [http-nio-8080-exec-1] DEBUG com.filestorage.security.JwtAuthenticationFilter - User userid1 authenticated successfully via JWT
2026-01-23 17:21:26.804 [http-nio-8080-exec-4] DEBUG com.filestorage.security.JwtAuthenticationFilter - User userid1 authenticated successfully via JWT
2026-01-23 17:21:26.805 [http-nio-8080-exec-1] DEBUG com.filestorage.controller.FileController - Fetching files for user: userid1 in folder: null
2026-01-23 17:21:26.805 [http-nio-8080-exec-4] DEBUG com.filestorage.controller.FolderController - Fetching folders for user: userid1 in parent folder: null
2026-01-23 17:21:26.806 [http-nio-8080-exec-4] DEBUG com.filestorage.service.FolderService - Fetching folders for user ID: 1 with parent folder ID: null
2026-01-23 17:21:26.806 [http-nio-8080-exec-1] DEBUG com.filestorage.service.FileStorageService - Fetching files for user ID: 1 in folder ID: null
2026-01-23 17:21:26.808 [http-nio-8080-exec-1] DEBUG com.filestorage.service.FileStorageService - Found 0 files for user ID: 1
2026-01-23 17:21:26.808 [http-nio-8080-exec-4] DEBUG com.filestorage.service.FolderService - Found 1 folders for user ID: 1
2026-01-23 17:21:26.808 [http-nio-8080-exec-1] DEBUG com.filestorage.controller.FileController - Retrieved 0 files for user: userid1
2026-01-23 17:21:26.808 [http-nio-8080-exec-4] DEBUG com.filestorage.controller.FolderController - Retrieved 1 folders for user: userid1
2026-01-23 17:21:33.304 [http-nio-8080-exec-5] DEBUG com.filestorage.security.JwtTokenProvider - JWT token validated successfully
2026-01-23 17:21:33.305 [http-nio-8080-exec-7] DEBUG com.filestorage.security.JwtTokenProvider - JWT token validated successfully
2026-01-23 17:21:33.306 [http-nio-8080-exec-5] DEBUG com.filestorage.security.JwtAuthenticationFilter - JWT token validated for user: userid1
2026-01-23 17:21:33.306 [http-nio-8080-exec-5] DEBUG com.filestorage.service.UserDetailsServiceImpl - Loading user details for username: userid1
2026-01-23 17:21:33.307 [http-nio-8080-exec-7] DEBUG com.filestorage.security.JwtAuthenticationFilter - JWT token validated for user: userid1
2026-01-23 17:21:33.307 [http-nio-8080-exec-7] DEBUG com.filestorage.service.UserDetailsServiceImpl - Loading user details for username: userid1
2026-01-23 17:21:33.309 [http-nio-8080-exec-5] DEBUG com.filestorage.service.UserDetailsServiceImpl - User details loaded successfully for: userid1
2026-01-23 17:21:33.309 [http-nio-8080-exec-7] DEBUG com.filestorage.service.UserDetailsServiceImpl - User details loaded successfully for: userid1
2026-01-23 17:21:33.309 [http-nio-8080-exec-5] DEBUG com.filestorage.security.JwtAuthenticationFilter - User userid1 authenticated successfully via JWT
2026-01-23 17:21:33.309 [http-nio-8080-exec-7] DEBUG com.filestorage.security.JwtAuthenticationFilter - User userid1 authenticated successfully via JWT
2026-01-23 17:21:33.310 [http-nio-8080-exec-5] DEBUG com.filestorage.controller.FolderController - Fetching folders for user: userid1 in parent folder: null
2026-01-23 17:21:33.310 [http-nio-8080-exec-7] DEBUG com.filestorage.controller.FileController - Fetching files for user: userid1 in folder: null
2026-01-23 17:21:33.312 [http-nio-8080-exec-7] DEBUG com.filestorage.service.FileStorageService - Fetching files for user ID: 1 in folder ID: null
2026-01-23 17:21:33.312 [http-nio-8080-exec-5] DEBUG com.filestorage.service.FolderService - Fetching folders for user ID: 1 with parent folder ID: null
2026-01-23 17:21:33.313 [http-nio-8080-exec-7] DEBUG com.filestorage.service.FileStorageService - Found 0 files for user ID: 1
2026-01-23 17:21:33.314 [http-nio-8080-exec-7] DEBUG com.filestorage.controller.FileController - Retrieved 0 files for user: userid1
2026-01-23 17:21:33.314 [http-nio-8080-exec-5] DEBUG com.filestorage.service.FolderService - Found 1 folders for user ID: 1
2026-01-23 17:21:33.314 [http-nio-8080-exec-5] DEBUG com.filestorage.controller.FolderController - Retrieved 1 folders for user: userid1
2026-01-23 17:22:47.600 [http-nio-8080-exec-4] DEBUG com.filestorage.security.JwtTokenProvider - JWT token validated successfully
2026-01-23 17:22:47.600 [http-nio-8080-exec-1] DEBUG com.filestorage.security.JwtTokenProvider - JWT token validated successfully
2026-01-23 17:22:47.602 [http-nio-8080-exec-1] DEBUG com.filestorage.security.JwtAuthenticationFilter - JWT token validated for user: userid1
2026-01-23 17:22:47.602 [http-nio-8080-exec-4] DEBUG com.filestorage.security.JwtAuthenticationFilter - JWT token validated for user: userid1
2026-01-23 17:22:47.602 [http-nio-8080-exec-1] DEBUG com.filestorage.service.UserDetailsServiceImpl - Loading user details for username: userid1
2026-01-23 17:22:47.602 [http-nio-8080-exec-4] DEBUG com.filestorage.service.UserDetailsServiceImpl - Loading user details for username: userid1
2026-01-23 17:22:47.604 [http-nio-8080-exec-1] DEBUG com.filestorage.service.UserDetailsServiceImpl - User details loaded successfully for: userid1
2026-01-23 17:22:47.606 [http-nio-8080-exec-1] DEBUG com.filestorage.security.JwtAuthenticationFilter - User userid1 authenticated successfully via JWT
2026-01-23 17:22:47.604 [http-nio-8080-exec-4] DEBUG com.filestorage.service.UserDetailsServiceImpl - User details loaded successfully for: userid1
2026-01-23 17:22:47.606 [http-nio-8080-exec-4] DEBUG com.filestorage.security.JwtAuthenticationFilter - User userid1 authenticated successfully via JWT
2026-01-23 17:22:47.606 [http-nio-8080-exec-1] DEBUG com.filestorage.controller.FileController - Fetching files for user: userid1 in folder: null
2026-01-23 17:22:47.606 [http-nio-8080-exec-4] DEBUG com.filestorage.controller.FolderController - Fetching folders for user: userid1 in parent folder: null
2026-01-23 17:22:47.606 [http-nio-8080-exec-1] DEBUG com.filestorage.service.FileStorageService - Fetching files for user ID: 1 in folder ID: null
2026-01-23 17:22:47.606 [http-nio-8080-exec-4] DEBUG com.filestorage.service.FolderService - Fetching folders for user ID: 1 with parent folder ID: null
2026-01-23 17:22:47.606 [http-nio-8080-exec-1] DEBUG com.filestorage.service.FileStorageService - Found 0 files for user ID: 1
2026-01-23 17:22:47.606 [http-nio-8080-exec-1] DEBUG com.filestorage.controller.FileController - Retrieved 0 files for user: userid1
2026-01-23 17:22:47.612 [http-nio-8080-exec-4] DEBUG com.filestorage.service.FolderService - Found 1 folders for user ID: 1
2026-01-23 17:22:47.612 [http-nio-8080-exec-4] DEBUG com.filestorage.controller.FolderController - Retrieved 1 folders for user: userid1
2026-01-23 17:24:38.430 [http-nio-8080-exec-9] DEBUG com.filestorage.security.JwtTokenProvider - JWT token validated successfully
2026-01-23 17:24:38.430 [http-nio-8080-exec-8] DEBUG com.filestorage.security.JwtTokenProvider - JWT token validated successfully
2026-01-23 17:24:38.433 [http-nio-8080-exec-9] DEBUG com.filestorage.security.JwtAuthenticationFilter - JWT token validated for user: userid1
2026-01-23 17:24:38.433 [http-nio-8080-exec-8] DEBUG com.filestorage.security.JwtAuthenticationFilter - JWT token validated for user: userid1
2026-01-23 17:24:38.433 [http-nio-8080-exec-9] DEBUG com.filestorage.service.UserDetailsServiceImpl - Loading user details for username: userid1
2026-01-23 17:24:38.433 [http-nio-8080-exec-8] DEBUG com.filestorage.service.UserDetailsServiceImpl - Loading user details for username: userid1
2026-01-23 17:24:38.437 [http-nio-8080-exec-8] DEBUG com.filestorage.service.UserDetailsServiceImpl - User details loaded successfully for: userid1
2026-01-23 17:24:38.437 [http-nio-8080-exec-9] DEBUG com.filestorage.service.UserDetailsServiceImpl - User details loaded successfully for: userid1
2026-01-23 17:24:38.438 [http-nio-8080-exec-8] DEBUG com.filestorage.security.JwtAuthenticationFilter - User userid1 authenticated successfully via JWT
2026-01-23 17:24:38.438 [http-nio-8080-exec-9] DEBUG com.filestorage.security.JwtAuthenticationFilter - User userid1 authenticated successfully via JWT
2026-01-23 17:24:38.440 [http-nio-8080-exec-8] DEBUG com.filestorage.controller.FolderController - Fetching folders for user: userid1 in parent folder: null
2026-01-23 17:24:38.440 [http-nio-8080-exec-9] DEBUG com.filestorage.controller.FileController - Fetching files for user: userid1 in folder: null
2026-01-23 17:24:38.442 [http-nio-8080-exec-9] DEBUG com.filestorage.service.FileStorageService - Fetching files for user ID: 1 in folder ID: null
2026-01-23 17:24:38.443 [http-nio-8080-exec-8] DEBUG com.filestorage.service.FolderService - Fetching folders for user ID: 1 with parent folder ID: null
2026-01-23 17:24:38.445 [http-nio-8080-exec-9] DEBUG com.filestorage.service.FileStorageService - Found 0 files for user ID: 1
2026-01-23 17:24:38.445 [http-nio-8080-exec-9] DEBUG com.filestorage.controller.FileController - Retrieved 0 files for user: userid1
2026-01-23 17:24:38.445 [http-nio-8080-exec-8] DEBUG com.filestorage.service.FolderService - Found 1 folders for user ID: 1
2026-01-23 17:24:38.446 [http-nio-8080-exec-8] DEBUG com.filestorage.controller.FolderController - Retrieved 1 folders for user: userid1
2026-01-23 17:25:05.950 [http-nio-8080-exec-4] DEBUG com.filestorage.security.JwtTokenProvider - JWT token validated successfully
2026-01-23 17:25:05.951 [http-nio-8080-exec-1] DEBUG com.filestorage.security.JwtTokenProvider - JWT token validated successfully
2026-01-23 17:25:05.952 [http-nio-8080-exec-4] DEBUG com.filestorage.security.JwtAuthenticationFilter - JWT token validated for user: userid1
2026-01-23 17:25:05.952 [http-nio-8080-exec-1] DEBUG com.filestorage.security.JwtAuthenticationFilter - JWT token validated for user: userid1
2026-01-23 17:25:05.952 [http-nio-8080-exec-4] DEBUG com.filestorage.service.UserDetailsServiceImpl - Loading user details for username: userid1
2026-01-23 17:25:05.952 [http-nio-8080-exec-1] DEBUG com.filestorage.service.UserDetailsServiceImpl - Loading user details for username: userid1
2026-01-23 17:25:05.954 [http-nio-8080-exec-1] DEBUG com.filestorage.service.UserDetailsServiceImpl - User details loaded successfully for: userid1
2026-01-23 17:25:05.954 [http-nio-8080-exec-4] DEBUG com.filestorage.service.UserDetailsServiceImpl - User details loaded successfully for: userid1
2026-01-23 17:25:05.954 [http-nio-8080-exec-1] DEBUG com.filestorage.security.JwtAuthenticationFilter - User userid1 authenticated successfully via JWT
2026-01-23 17:25:05.954 [http-nio-8080-exec-4] DEBUG com.filestorage.security.JwtAuthenticationFilter - User userid1 authenticated successfully via JWT
2026-01-23 17:25:05.955 [http-nio-8080-exec-1] DEBUG com.filestorage.controller.FileController - Fetching files for user: userid1 in folder: 1
2026-01-23 17:25:05.955 [http-nio-8080-exec-4] DEBUG com.filestorage.controller.FolderController - Fetching folders for user: userid1 in parent folder: 1
2026-01-23 17:25:05.957 [http-nio-8080-exec-4] DEBUG com.filestorage.service.FolderService - Fetching folders for user ID: 1 with parent folder ID: 1
2026-01-23 17:25:05.957 [http-nio-8080-exec-1] DEBUG com.filestorage.service.FileStorageService - Fetching files for user ID: 1 in folder ID: 1
2026-01-23 17:25:05.960 [http-nio-8080-exec-4] DEBUG com.filestorage.service.FolderService - Found 1 folders for user ID: 1
2026-01-23 17:25:05.960 [http-nio-8080-exec-1] DEBUG com.filestorage.service.FileStorageService - Found 2 files for user ID: 1
2026-01-23 17:25:05.961 [http-nio-8080-exec-4] DEBUG com.filestorage.controller.FolderController - Retrieved 1 folders for user: userid1
2026-01-23 17:25:05.961 [http-nio-8080-exec-1] DEBUG com.filestorage.controller.FileController - Retrieved 2 files for user: userid1
2026-01-23 17:25:08.483 [http-nio-8080-exec-5] DEBUG com.filestorage.security.JwtTokenProvider - JWT token validated successfully
2026-01-23 17:25:08.483 [http-nio-8080-exec-7] DEBUG com.filestorage.security.JwtTokenProvider - JWT token validated successfully
2026-01-23 17:25:08.484 [http-nio-8080-exec-7] DEBUG com.filestorage.security.JwtAuthenticationFilter - JWT token validated for user: userid1
2026-01-23 17:25:08.484 [http-nio-8080-exec-5] DEBUG com.filestorage.security.JwtAuthenticationFilter - JWT token validated for user: userid1
2026-01-23 17:25:08.485 [http-nio-8080-exec-7] DEBUG com.filestorage.service.UserDetailsServiceImpl - Loading user details for username: userid1
2026-01-23 17:25:08.485 [http-nio-8080-exec-5] DEBUG com.filestorage.service.UserDetailsServiceImpl - Loading user details for username: userid1
2026-01-23 17:25:08.487 [http-nio-8080-exec-7] DEBUG com.filestorage.service.UserDetailsServiceImpl - User details loaded successfully for: userid1
2026-01-23 17:25:08.487 [http-nio-8080-exec-5] DEBUG com.filestorage.service.UserDetailsServiceImpl - User details loaded successfully for: userid1
2026-01-23 17:25:08.487 [http-nio-8080-exec-7] DEBUG com.filestorage.security.JwtAuthenticationFilter - User userid1 authenticated successfully via JWT
2026-01-23 17:25:08.487 [http-nio-8080-exec-5] DEBUG com.filestorage.security.JwtAuthenticationFilter - User userid1 authenticated successfully via JWT
2026-01-23 17:25:08.487 [http-nio-8080-exec-7] DEBUG com.filestorage.controller.FileController - Fetching files for user: userid1 in folder: null
2026-01-23 17:25:08.487 [http-nio-8080-exec-5] DEBUG com.filestorage.controller.FolderController - Fetching folders for user: userid1 in parent folder: null
2026-01-23 17:25:08.489 [http-nio-8080-exec-5] DEBUG com.filestorage.service.FolderService - Fetching folders for user ID: 1 with parent folder ID: null
2026-01-23 17:25:08.489 [http-nio-8080-exec-7] DEBUG com.filestorage.service.FileStorageService - Fetching files for user ID: 1 in folder ID: null
2026-01-23 17:25:08.491 [http-nio-8080-exec-7] DEBUG com.filestorage.service.FileStorageService - Found 0 files for user ID: 1
2026-01-23 17:25:08.491 [http-nio-8080-exec-5] DEBUG com.filestorage.service.FolderService - Found 1 folders for user ID: 1
2026-01-23 17:25:08.491 [http-nio-8080-exec-7] DEBUG com.filestorage.controller.FileController - Retrieved 0 files for user: userid1
2026-01-23 17:25:08.491 [http-nio-8080-exec-5] DEBUG com.filestorage.controller.FolderController - Retrieved 1 folders for user: userid1
2026-01-23 17:25:09.662 [http-nio-8080-exec-9] DEBUG com.filestorage.security.JwtTokenProvider - JWT token validated successfully
2026-01-23 17:25:09.662 [http-nio-8080-exec-8] DEBUG com.filestorage.security.JwtTokenProvider - JWT token validated successfully
2026-01-23 17:25:09.664 [http-nio-8080-exec-9] DEBUG com.filestorage.security.JwtAuthenticationFilter - JWT token validated for user: userid1
2026-01-23 17:25:09.664 [http-nio-8080-exec-9] DEBUG com.filestorage.service.UserDetailsServiceImpl - Loading user details for username: userid1
2026-01-23 17:25:09.664 [http-nio-8080-exec-8] DEBUG com.filestorage.security.JwtAuthenticationFilter - JWT token validated for user: userid1
2026-01-23 17:25:09.664 [http-nio-8080-exec-8] DEBUG com.filestorage.service.UserDetailsServiceImpl - Loading user details for username: userid1
2026-01-23 17:25:09.665 [http-nio-8080-exec-9] DEBUG com.filestorage.service.UserDetailsServiceImpl - User details loaded successfully for: userid1
2026-01-23 17:25:09.665 [http-nio-8080-exec-8] DEBUG com.filestorage.service.UserDetailsServiceImpl - User details loaded successfully for: userid1
2026-01-23 17:25:09.665 [http-nio-8080-exec-9] DEBUG com.filestorage.security.JwtAuthenticationFilter - User userid1 authenticated successfully via JWT
2026-01-23 17:25:09.665 [http-nio-8080-exec-8] DEBUG com.filestorage.security.JwtAuthenticationFilter - User userid1 authenticated successfully via JWT
2026-01-23 17:25:09.667 [http-nio-8080-exec-8] DEBUG com.filestorage.controller.FileController - Fetching files for user: userid1 in folder: 1
2026-01-23 17:25:09.667 [http-nio-8080-exec-9] DEBUG com.filestorage.controller.FolderController - Fetching folders for user: userid1 in parent folder: 1
2026-01-23 17:25:09.668 [http-nio-8080-exec-8] DEBUG com.filestorage.service.FileStorageService - Fetching files for user ID: 1 in folder ID: 1
2026-01-23 17:25:09.668 [http-nio-8080-exec-9] DEBUG com.filestorage.service.FolderService - Fetching folders for user ID: 1 with parent folder ID: 1
2026-01-23 17:25:09.671 [http-nio-8080-exec-8] DEBUG com.filestorage.service.FileStorageService - Found 2 files for user ID: 1
2026-01-23 17:25:09.671 [http-nio-8080-exec-9] DEBUG com.filestorage.service.FolderService - Found 1 folders for user ID: 1
2026-01-23 17:25:09.671 [http-nio-8080-exec-9] DEBUG com.filestorage.controller.FolderController - Retrieved 1 folders for user: userid1
2026-01-23 17:25:09.671 [http-nio-8080-exec-8] DEBUG com.filestorage.controller.FileController - Retrieved 2 files for user: userid1
2026-01-23 17:25:12.711 [http-nio-8080-exec-10] DEBUG com.filestorage.security.JwtTokenProvider - JWT token validated successfully
2026-01-23 17:25:12.711 [http-nio-8080-exec-2] DEBUG com.filestorage.security.JwtTokenProvider - JWT token validated successfully
2026-01-23 17:25:12.712 [http-nio-8080-exec-10] DEBUG com.filestorage.security.JwtAuthenticationFilter - JWT token validated for user: userid1
2026-01-23 17:25:12.712 [http-nio-8080-exec-10] DEBUG com.filestorage.service.UserDetailsServiceImpl - Loading user details for username: userid1
2026-01-23 17:25:12.713 [http-nio-8080-exec-2] DEBUG com.filestorage.security.JwtAuthenticationFilter - JWT token validated for user: userid1
2026-01-23 17:25:12.713 [http-nio-8080-exec-2] DEBUG com.filestorage.service.UserDetailsServiceImpl - Loading user details for username: userid1
2026-01-23 17:25:12.714 [http-nio-8080-exec-2] DEBUG com.filestorage.service.UserDetailsServiceImpl - User details loaded successfully for: userid1
2026-01-23 17:25:12.714 [http-nio-8080-exec-10] DEBUG com.filestorage.service.UserDetailsServiceImpl - User details loaded successfully for: userid1
2026-01-23 17:25:12.715 [http-nio-8080-exec-10] DEBUG com.filestorage.security.JwtAuthenticationFilter - User userid1 authenticated successfully via JWT
2026-01-23 17:25:12.715 [http-nio-8080-exec-2] DEBUG com.filestorage.security.JwtAuthenticationFilter - User userid1 authenticated successfully via JWT
2026-01-23 17:25:12.716 [http-nio-8080-exec-10] DEBUG com.filestorage.controller.FolderController - Fetching folders for user: userid1 in parent folder: null
2026-01-23 17:25:12.716 [http-nio-8080-exec-2] DEBUG com.filestorage.controller.FileController - Fetching files for user: userid1 in folder: null
2026-01-23 17:25:12.717 [http-nio-8080-exec-10] DEBUG com.filestorage.service.FolderService - Fetching folders for user ID: 1 with parent folder ID: null
2026-01-23 17:25:12.717 [http-nio-8080-exec-2] DEBUG com.filestorage.service.FileStorageService - Fetching files for user ID: 1 in folder ID: null
2026-01-23 17:25:12.719 [http-nio-8080-exec-10] DEBUG com.filestorage.service.FolderService - Found 1 folders for user ID: 1
2026-01-23 17:25:12.719 [http-nio-8080-exec-2] DEBUG com.filestorage.service.FileStorageService - Found 0 files for user ID: 1
2026-01-23 17:25:12.719 [http-nio-8080-exec-10] DEBUG com.filestorage.controller.FolderController - Retrieved 1 folders for user: userid1
2026-01-23 17:25:12.719 [http-nio-8080-exec-2] DEBUG com.filestorage.controller.FileController - Retrieved 0 files for user: userid1
2026-01-23 17:25:17.066 [http-nio-8080-exec-3] DEBUG com.filestorage.security.JwtTokenProvider - JWT token validated successfully
2026-01-23 17:25:17.067 [http-nio-8080-exec-6] DEBUG com.filestorage.security.JwtTokenProvider - JWT token validated successfully
2026-01-23 17:25:17.067 [http-nio-8080-exec-3] DEBUG com.filestorage.security.JwtAuthenticationFilter - JWT token validated for user: userid1
2026-01-23 17:25:17.068 [http-nio-8080-exec-3] DEBUG com.filestorage.service.UserDetailsServiceImpl - Loading user details for username: userid1
2026-01-23 17:25:17.068 [http-nio-8080-exec-6] DEBUG com.filestorage.security.JwtAuthenticationFilter - JWT token validated for user: userid1
2026-01-23 17:25:17.068 [http-nio-8080-exec-6] DEBUG com.filestorage.service.UserDetailsServiceImpl - Loading user details for username: userid1
2026-01-23 17:25:17.070 [http-nio-8080-exec-3] DEBUG com.filestorage.service.UserDetailsServiceImpl - User details loaded successfully for: userid1
2026-01-23 17:25:17.070 [http-nio-8080-exec-6] DEBUG com.filestorage.service.UserDetailsServiceImpl - User details loaded successfully for: userid1
2026-01-23 17:25:17.070 [http-nio-8080-exec-3] DEBUG com.filestorage.security.JwtAuthenticationFilter - User userid1 authenticated successfully via JWT
2026-01-23 17:25:17.070 [http-nio-8080-exec-6] DEBUG com.filestorage.security.JwtAuthenticationFilter - User userid1 authenticated successfully via JWT
2026-01-23 17:25:17.071 [http-nio-8080-exec-6] DEBUG com.filestorage.controller.FileController - Fetching files for user: userid1 in folder: 1
2026-01-23 17:25:17.071 [http-nio-8080-exec-3] DEBUG com.filestorage.controller.FolderController - Fetching folders for user: userid1 in parent folder: 1
2026-01-23 17:25:17.073 [http-nio-8080-exec-6] DEBUG com.filestorage.service.FileStorageService - Fetching files for user ID: 1 in folder ID: 1
2026-01-23 17:25:17.073 [http-nio-8080-exec-3] DEBUG com.filestorage.service.FolderService - Fetching folders for user ID: 1 with parent folder ID: 1
2026-01-23 17:25:17.077 [http-nio-8080-exec-3] DEBUG com.filestorage.service.FolderService - Found 1 folders for user ID: 1
2026-01-23 17:25:17.077 [http-nio-8080-exec-6] DEBUG com.filestorage.service.FileStorageService - Found 2 files for user ID: 1
2026-01-23 17:25:17.077 [http-nio-8080-exec-3] DEBUG com.filestorage.controller.FolderController - Retrieved 1 folders for user: userid1
2026-01-23 17:25:17.078 [http-nio-8080-exec-6] DEBUG com.filestorage.controller.FileController - Retrieved 2 files for user: userid1
2026-01-23 17:25:22.591 [http-nio-8080-exec-9] DEBUG com.filestorage.security.JwtTokenProvider - JWT token validated successfully
2026-01-23 17:25:22.591 [http-nio-8080-exec-8] DEBUG com.filestorage.security.JwtTokenProvider - JWT token validated successfully
2026-01-23 17:25:22.591 [http-nio-8080-exec-9] DEBUG com.filestorage.security.JwtAuthenticationFilter - JWT token validated for user: userid1
2026-01-23 17:25:22.591 [http-nio-8080-exec-9] DEBUG com.filestorage.service.UserDetailsServiceImpl - Loading user details for username: userid1
2026-01-23 17:25:22.591 [http-nio-8080-exec-8] DEBUG com.filestorage.security.JwtAuthenticationFilter - JWT token validated for user: userid1
2026-01-23 17:25:22.591 [http-nio-8080-exec-8] DEBUG com.filestorage.service.UserDetailsServiceImpl - Loading user details for username: userid1
2026-01-23 17:25:22.591 [http-nio-8080-exec-9] DEBUG com.filestorage.service.UserDetailsServiceImpl - User details loaded successfully for: userid1
2026-01-23 17:25:22.591 [http-nio-8080-exec-8] DEBUG com.filestorage.service.UserDetailsServiceImpl - User details loaded successfully for: userid1
2026-01-23 17:25:22.591 [http-nio-8080-exec-9] DEBUG com.filestorage.security.JwtAuthenticationFilter - User userid1 authenticated successfully via JWT
2026-01-23 17:25:22.591 [http-nio-8080-exec-8] DEBUG com.filestorage.security.JwtAuthenticationFilter - User userid1 authenticated successfully via JWT
2026-01-23 17:25:22.591 [http-nio-8080-exec-8] DEBUG com.filestorage.controller.FileController - Fetching files for user: userid1 in folder: null
2026-01-23 17:25:22.591 [http-nio-8080-exec-9] DEBUG com.filestorage.controller.FolderController - Fetching folders for user: userid1 in parent folder: null
2026-01-23 17:25:22.591 [http-nio-8080-exec-9] DEBUG com.filestorage.service.FolderService - Fetching folders for user ID: 1 with parent folder ID: null
2026-01-23 17:25:22.591 [http-nio-8080-exec-8] DEBUG com.filestorage.service.FileStorageService - Fetching files for user ID: 1 in folder ID: null
2026-01-23 17:25:22.591 [http-nio-8080-exec-8] DEBUG com.filestorage.service.FileStorageService - Found 0 files for user ID: 1
2026-01-23 17:25:22.591 [http-nio-8080-exec-8] DEBUG com.filestorage.controller.FileController - Retrieved 0 files for user: userid1
2026-01-23 17:25:22.591 [http-nio-8080-exec-9] DEBUG com.filestorage.service.FolderService - Found 1 folders for user ID: 1
2026-01-23 17:25:22.591 [http-nio-8080-exec-9] DEBUG com.filestorage.controller.FolderController - Retrieved 1 folders for user: userid1
2026-01-23 17:29:44.682 [http-nio-8080-exec-3] DEBUG com.filestorage.security.JwtTokenProvider - JWT token validated successfully
2026-01-23 17:29:44.682 [http-nio-8080-exec-6] DEBUG com.filestorage.security.JwtTokenProvider - JWT token validated successfully
2026-01-23 17:29:44.684 [http-nio-8080-exec-3] DEBUG com.filestorage.security.JwtAuthenticationFilter - JWT token validated for user: userid1
2026-01-23 17:29:44.684 [http-nio-8080-exec-6] DEBUG com.filestorage.security.JwtAuthenticationFilter - JWT token validated for user: userid1
2026-01-23 17:29:44.684 [http-nio-8080-exec-6] DEBUG com.filestorage.service.UserDetailsServiceImpl - Loading user details for username: userid1
2026-01-23 17:29:44.684 [http-nio-8080-exec-3] DEBUG com.filestorage.service.UserDetailsServiceImpl - Loading user details for username: userid1
2026-01-23 17:29:44.687 [http-nio-8080-exec-6] DEBUG com.filestorage.service.UserDetailsServiceImpl - User details loaded successfully for: userid1
2026-01-23 17:29:44.687 [http-nio-8080-exec-3] DEBUG com.filestorage.service.UserDetailsServiceImpl - User details loaded successfully for: userid1
2026-01-23 17:29:44.688 [http-nio-8080-exec-6] DEBUG com.filestorage.security.JwtAuthenticationFilter - User userid1 authenticated successfully via JWT
2026-01-23 17:29:44.688 [http-nio-8080-exec-3] DEBUG com.filestorage.security.JwtAuthenticationFilter - User userid1 authenticated successfully via JWT
2026-01-23 17:29:44.689 [http-nio-8080-exec-6] DEBUG com.filestorage.controller.FolderController - Fetching folders for user: userid1 in parent folder: null
2026-01-23 17:29:44.689 [http-nio-8080-exec-3] DEBUG com.filestorage.controller.FileController - Fetching files for user: userid1 in folder: null
2026-01-23 17:29:44.692 [http-nio-8080-exec-3] DEBUG com.filestorage.service.FileStorageService - Fetching files for user ID: 1 in folder ID: null
2026-01-23 17:29:44.695 [http-nio-8080-exec-3] DEBUG com.filestorage.service.FileStorageService - Found 0 files for user ID: 1
2026-01-23 17:29:44.695 [http-nio-8080-exec-3] DEBUG com.filestorage.controller.FileController - Retrieved 0 files for user: userid1
2026-01-23 17:29:44.695 [http-nio-8080-exec-6] DEBUG com.filestorage.service.FolderService - Fetching folders for user ID: 1 with parent folder ID: null
2026-01-23 17:29:44.698 [http-nio-8080-exec-6] DEBUG com.filestorage.service.FolderService - Found 1 folders for user ID: 1
2026-01-23 17:29:44.698 [http-nio-8080-exec-6] DEBUG com.filestorage.controller.FolderController - Retrieved 1 folders for user: userid1
2026-01-23 17:30:06.683 [http-nio-8080-exec-10] DEBUG com.filestorage.security.JwtTokenProvider - JWT token validated successfully
2026-01-23 17:30:06.684 [http-nio-8080-exec-2] DEBUG com.filestorage.security.JwtTokenProvider - JWT token validated successfully
2026-01-23 17:30:06.686 [http-nio-8080-exec-10] DEBUG com.filestorage.security.JwtAuthenticationFilter - JWT token validated for user: userid1
2026-01-23 17:30:06.686 [http-nio-8080-exec-10] DEBUG com.filestorage.service.UserDetailsServiceImpl - Loading user details for username: userid1
2026-01-23 17:30:06.687 [http-nio-8080-exec-2] DEBUG com.filestorage.security.JwtAuthenticationFilter - JWT token validated for user: userid1
2026-01-23 17:30:06.687 [http-nio-8080-exec-2] DEBUG com.filestorage.service.UserDetailsServiceImpl - Loading user details for username: userid1
2026-01-23 17:30:06.689 [http-nio-8080-exec-10] DEBUG com.filestorage.service.UserDetailsServiceImpl - User details loaded successfully for: userid1
2026-01-23 17:30:06.690 [http-nio-8080-exec-10] DEBUG com.filestorage.security.JwtAuthenticationFilter - User userid1 authenticated successfully via JWT
2026-01-23 17:30:06.690 [http-nio-8080-exec-2] DEBUG com.filestorage.service.UserDetailsServiceImpl - User details loaded successfully for: userid1
2026-01-23 17:30:06.690 [http-nio-8080-exec-2] DEBUG com.filestorage.security.JwtAuthenticationFilter - User userid1 authenticated successfully via JWT
2026-01-23 17:30:06.691 [http-nio-8080-exec-10] DEBUG com.filestorage.controller.FolderController - Fetching folders for user: userid1 in parent folder: null
2026-01-23 17:30:06.691 [http-nio-8080-exec-2] DEBUG com.filestorage.controller.FileController - Fetching files for user: userid1 in folder: null
2026-01-23 17:30:06.693 [http-nio-8080-exec-10] DEBUG com.filestorage.service.FolderService - Fetching folders for user ID: 1 with parent folder ID: null
2026-01-23 17:30:06.693 [http-nio-8080-exec-2] DEBUG com.filestorage.service.FileStorageService - Fetching files for user ID: 1 in folder ID: null
2026-01-23 17:30:06.695 [http-nio-8080-exec-2] DEBUG com.filestorage.service.FileStorageService - Found 0 files for user ID: 1
2026-01-23 17:30:06.695 [http-nio-8080-exec-2] DEBUG com.filestorage.controller.FileController - Retrieved 0 files for user: userid1
2026-01-23 17:30:06.695 [http-nio-8080-exec-10] DEBUG com.filestorage.service.FolderService - Found 1 folders for user ID: 1
2026-01-23 17:30:06.696 [http-nio-8080-exec-10] DEBUG com.filestorage.controller.FolderController - Retrieved 1 folders for user: userid1
2026-01-23 17:30:25.503 [File Watcher] INFO  org.springframework.boot.devtools.autoconfigure.LocalDevToolsAutoConfiguration$RestartingClassPathChangeChangedEventListener - Restarting due to 1 class path change (0 additions, 0 deletions, 1 modification)
2026-01-23 17:30:25.510 [Thread-6] INFO  org.apache.coyote.http11.Http11NioProtocol - Stopping ProtocolHandler ["http-nio-8080"]
2026-01-23 17:30:25.544 [Thread-6] INFO  org.springframework.orm.jpa.LocalContainerEntityManagerFactoryBean - Closing JPA EntityManagerFactory for persistence unit 'default'
2026-01-23 17:30:25.550 [Thread-6] INFO  com.zaxxer.hikari.HikariDataSource - HikariPool-1 - Shutdown initiated...
2026-01-23 17:30:25.775 [Thread-6] INFO  com.zaxxer.hikari.HikariDataSource - HikariPool-1 - Shutdown completed.
2026-01-23 17:30:25.930 [restartedMain] INFO  com.filestorage.FileStorageApplication - Starting FileStorageApplication using Java 19.0.2 with PID 15384 (C:\Projects\theUploader\file-storage-backend\target\classes started by e5717722 in C:\Projects\theUploader\file-storage-backend)
2026-01-23 17:30:25.930 [restartedMain] DEBUG com.filestorage.FileStorageApplication - Running with Spring Boot v3.2.1, Spring v6.1.2
2026-01-23 17:30:25.931 [restartedMain] INFO  com.filestorage.FileStorageApplication - No active profile set, falling back to 1 default profile: "default"
2026-01-23 17:30:26.283 [restartedMain] INFO  org.springframework.data.repository.config.RepositoryConfigurationDelegate - Bootstrapping Spring Data JPA repositories in DEFAULT mode.
2026-01-23 17:30:26.322 [restartedMain] INFO  org.springframework.data.repository.config.RepositoryConfigurationDelegate - Finished Spring Data repository scanning in 37 ms. Found 3 JPA repository interfaces.
2026-01-23 17:30:26.551 [restartedMain] INFO  org.springframework.boot.web.embedded.tomcat.TomcatWebServer - Tomcat initialized with port 8080 (http)
2026-01-23 17:30:26.553 [restartedMain] INFO  org.apache.coyote.http11.Http11NioProtocol - Initializing ProtocolHandler ["http-nio-8080"]
2026-01-23 17:30:26.553 [restartedMain] INFO  org.apache.catalina.core.StandardService - Starting service [Tomcat]
2026-01-23 17:30:26.553 [restartedMain] INFO  org.apache.catalina.core.StandardEngine - Starting Servlet engine: [Apache Tomcat/10.1.17]
2026-01-23 17:30:26.632 [restartedMain] INFO  org.apache.catalina.core.ContainerBase.[Tomcat].[localhost].[/] - Initializing Spring embedded WebApplicationContext
2026-01-23 17:30:26.632 [restartedMain] INFO  org.springframework.boot.web.servlet.context.ServletWebServerApplicationContext - Root WebApplicationContext: initialization completed in 698 ms
2026-01-23 17:30:26.667 [restartedMain] INFO  com.zaxxer.hikari.HikariDataSource - HikariPool-2 - Starting...
2026-01-23 17:30:26.775 [restartedMain] INFO  com.zaxxer.hikari.pool.HikariPool - HikariPool-2 - Added connection conn10: url=jdbc:h2:file:./data/filestorage user=ADMIN
2026-01-23 17:30:26.776 [restartedMain] INFO  com.zaxxer.hikari.HikariDataSource - HikariPool-2 - Start completed.
2026-01-23 17:30:26.777 [restartedMain] INFO  org.springframework.boot.autoconfigure.h2.H2ConsoleAutoConfiguration - H2 console available at '/h2-console'. Database available at 'jdbc:h2:file:./data/filestorage'
2026-01-23 17:30:26.842 [restartedMain] INFO  org.hibernate.jpa.internal.util.LogHelper - HHH000204: Processing PersistenceUnitInfo [name: default]
2026-01-23 17:30:26.847 [restartedMain] INFO  org.hibernate.cache.internal.RegionFactoryInitiator - HHH000026: Second-level cache disabled
2026-01-23 17:30:26.854 [restartedMain] INFO  org.springframework.orm.jpa.persistenceunit.SpringPersistenceUnitInfo - No LoadTimeWeaver setup: ignoring JPA class transformer
2026-01-23 17:30:26.858 [restartedMain] WARN  org.hibernate.orm.deprecation - HHH90000025: H2Dialect does not need to be specified explicitly using 'hibernate.dialect' (remove the property setting and it will be selected by default)
2026-01-23 17:30:27.056 [restartedMain] INFO  org.hibernate.engine.transaction.jta.platform.internal.JtaPlatformInitiator - HHH000489: No JTA platform available (set 'hibernate.transaction.jta.platform' to enable JTA platform integration)
2026-01-23 17:30:27.063 [restartedMain] INFO  org.springframework.orm.jpa.LocalContainerEntityManagerFactoryBean - Initialized JPA EntityManagerFactory for persistence unit 'default'
2026-01-23 17:30:27.196 [restartedMain] DEBUG com.filestorage.security.JwtAuthenticationFilter - Filter 'jwtAuthenticationFilter' configured for use
2026-01-23 17:30:27.332 [restartedMain] WARN  org.springframework.boot.autoconfigure.orm.jpa.JpaBaseConfiguration$JpaWebConfiguration - spring.jpa.open-in-view is enabled by default. Therefore, database queries may be performed during view rendering. Explicitly configure spring.jpa.open-in-view to disable this warning
2026-01-23 17:30:27.493 [restartedMain] INFO  org.springframework.security.web.DefaultSecurityFilterChain - Will secure any request with [org.springframework.security.web.session.DisableEncodeUrlFilter@12b12b6d, org.springframework.security.web.context.request.async.WebAsyncManagerIntegrationFilter@2fbc79d9, org.springframework.security.web.context.SecurityContextHolderFilter@36e68ed2, org.springframework.security.web.header.HeaderWriterFilter@7ada369a, org.springframework.web.filter.CorsFilter@5897d77d, org.springframework.security.web.authentication.logout.LogoutFilter@3eb06012, com.filestorage.security.JwtAuthenticationFilter@42ff6347, org.springframework.security.web.savedrequest.RequestCacheAwareFilter@43a096c6, org.springframework.security.web.servletapi.SecurityContextHolderAwareRequestFilter@686516ce, org.springframework.security.web.authentication.AnonymousAuthenticationFilter@7226aab2, org.springframework.security.web.session.SessionManagementFilter@355c39e9, org.springframework.security.web.access.ExceptionTranslationFilter@151c05e5, org.springframework.security.web.access.intercept.AuthorizationFilter@39f26d30]
2026-01-23 17:30:27.605 [restartedMain] INFO  org.springframework.boot.devtools.autoconfigure.OptionalLiveReloadServer - LiveReload server is running on port 35729
2026-01-23 17:30:27.605 [restartedMain] INFO  org.apache.coyote.http11.Http11NioProtocol - Starting ProtocolHandler ["http-nio-8080"]
2026-01-23 17:30:27.636 [restartedMain] INFO  org.springframework.boot.web.embedded.tomcat.TomcatWebServer - Tomcat started on port 8080 (http) with context path ''
2026-01-23 17:30:27.642 [restartedMain] INFO  com.filestorage.FileStorageApplication - Started FileStorageApplication in 1.798 seconds (process running for 1472.286)
2026-01-23 17:30:27.644 [restartedMain] INFO  org.springframework.boot.devtools.autoconfigure.ConditionEvaluationDeltaLoggingListener - Condition evaluation unchanged
2026-01-23 17:31:06.774 [File Watcher] INFO  org.springframework.boot.devtools.autoconfigure.LocalDevToolsAutoConfiguration$RestartingClassPathChangeChangedEventListener - Restarting due to 1 class path change (0 additions, 0 deletions, 1 modification)
2026-01-23 17:31:06.784 [Thread-8] INFO  org.apache.coyote.http11.Http11NioProtocol - Stopping ProtocolHandler ["http-nio-8080"]
2026-01-23 17:31:06.871 [Thread-8] INFO  org.springframework.orm.jpa.LocalContainerEntityManagerFactoryBean - Closing JPA EntityManagerFactory for persistence unit 'default'
2026-01-23 17:31:06.872 [Thread-8] INFO  com.zaxxer.hikari.HikariDataSource - HikariPool-2 - Shutdown initiated...
2026-01-23 17:31:07.111 [Thread-8] INFO  com.zaxxer.hikari.HikariDataSource - HikariPool-2 - Shutdown completed.
2026-01-23 17:31:07.317 [restartedMain] INFO  com.filestorage.FileStorageApplication - Starting FileStorageApplication using Java 19.0.2 with PID 15384 (C:\Projects\theUploader\file-storage-backend\target\classes started by e5717722 in C:\Projects\theUploader\file-storage-backend)
2026-01-23 17:31:07.318 [restartedMain] DEBUG com.filestorage.FileStorageApplication - Running with Spring Boot v3.2.1, Spring v6.1.2
2026-01-23 17:31:07.318 [restartedMain] INFO  com.filestorage.FileStorageApplication - No active profile set, falling back to 1 default profile: "default"
2026-01-23 17:31:07.801 [restartedMain] INFO  org.springframework.data.repository.config.RepositoryConfigurationDelegate - Bootstrapping Spring Data JPA repositories in DEFAULT mode.
2026-01-23 17:31:07.884 [restartedMain] INFO  org.springframework.data.repository.config.RepositoryConfigurationDelegate - Finished Spring Data repository scanning in 82 ms. Found 3 JPA repository interfaces.
2026-01-23 17:31:08.276 [restartedMain] INFO  org.springframework.boot.web.embedded.tomcat.TomcatWebServer - Tomcat initialized with port 8080 (http)
2026-01-23 17:31:08.278 [restartedMain] INFO  org.apache.coyote.http11.Http11NioProtocol - Initializing ProtocolHandler ["http-nio-8080"]
2026-01-23 17:31:08.279 [restartedMain] INFO  org.apache.catalina.core.StandardService - Starting service [Tomcat]
2026-01-23 17:31:08.279 [restartedMain] INFO  org.apache.catalina.core.StandardEngine - Starting Servlet engine: [Apache Tomcat/10.1.17]
2026-01-23 17:31:08.374 [restartedMain] INFO  org.apache.catalina.core.ContainerBase.[Tomcat].[localhost].[/] - Initializing Spring embedded WebApplicationContext
2026-01-23 17:31:08.375 [restartedMain] INFO  org.springframework.boot.web.servlet.context.ServletWebServerApplicationContext - Root WebApplicationContext: initialization completed in 1054 ms
2026-01-23 17:31:08.394 [restartedMain] INFO  com.zaxxer.hikari.HikariDataSource - HikariPool-3 - Starting...
2026-01-23 17:31:08.468 [restartedMain] INFO  com.zaxxer.hikari.pool.HikariPool - HikariPool-3 - Added connection conn20: url=jdbc:h2:file:./data/filestorage user=ADMIN
2026-01-23 17:31:08.469 [restartedMain] INFO  com.zaxxer.hikari.HikariDataSource - HikariPool-3 - Start completed.
2026-01-23 17:31:08.470 [restartedMain] INFO  org.springframework.boot.autoconfigure.h2.H2ConsoleAutoConfiguration - H2 console available at '/h2-console'. Database available at 'jdbc:h2:file:./data/filestorage'
2026-01-23 17:31:08.559 [restartedMain] INFO  org.hibernate.jpa.internal.util.LogHelper - HHH000204: Processing PersistenceUnitInfo [name: default]
2026-01-23 17:31:08.563 [restartedMain] INFO  org.hibernate.cache.internal.RegionFactoryInitiator - HHH000026: Second-level cache disabled
2026-01-23 17:31:08.570 [restartedMain] INFO  org.springframework.orm.jpa.persistenceunit.SpringPersistenceUnitInfo - No LoadTimeWeaver setup: ignoring JPA class transformer
2026-01-23 17:31:08.572 [restartedMain] WARN  org.hibernate.orm.deprecation - HHH90000025: H2Dialect does not need to be specified explicitly using 'hibernate.dialect' (remove the property setting and it will be selected by default)
2026-01-23 17:31:08.788 [restartedMain] INFO  org.hibernate.engine.transaction.jta.platform.internal.JtaPlatformInitiator - HHH000489: No JTA platform available (set 'hibernate.transaction.jta.platform' to enable JTA platform integration)
2026-01-23 17:31:08.800 [restartedMain] INFO  org.springframework.orm.jpa.LocalContainerEntityManagerFactoryBean - Initialized JPA EntityManagerFactory for persistence unit 'default'
2026-01-23 17:31:09.021 [restartedMain] DEBUG com.filestorage.security.JwtAuthenticationFilter - Filter 'jwtAuthenticationFilter' configured for use
2026-01-23 17:31:09.198 [restartedMain] WARN  org.springframework.boot.autoconfigure.orm.jpa.JpaBaseConfiguration$JpaWebConfiguration - spring.jpa.open-in-view is enabled by default. Therefore, database queries may be performed during view rendering. Explicitly configure spring.jpa.open-in-view to disable this warning
2026-01-23 17:31:09.329 [restartedMain] INFO  org.springframework.security.web.DefaultSecurityFilterChain - Will secure any request with [org.springframework.security.web.session.DisableEncodeUrlFilter@443ff399, org.springframework.security.web.context.request.async.WebAsyncManagerIntegrationFilter@f38b818, org.springframework.security.web.context.SecurityContextHolderFilter@2fdfbcae, org.springframework.security.web.header.HeaderWriterFilter@259c4fa6, org.springframework.web.filter.CorsFilter@3aaecc61, org.springframework.security.web.authentication.logout.LogoutFilter@69744709, com.filestorage.security.JwtAuthenticationFilter@61547886, org.springframework.security.web.savedrequest.RequestCacheAwareFilter@1a794996, org.springframework.security.web.servletapi.SecurityContextHolderAwareRequestFilter@5ddfc400, org.springframework.security.web.authentication.AnonymousAuthenticationFilter@4d411950, org.springframework.security.web.session.SessionManagementFilter@5306b46f, org.springframework.security.web.access.ExceptionTranslationFilter@620ae320, org.springframework.security.web.access.intercept.AuthorizationFilter@1acdbaae]
2026-01-23 17:31:09.428 [restartedMain] INFO  org.springframework.boot.devtools.autoconfigure.OptionalLiveReloadServer - LiveReload server is running on port 35729
2026-01-23 17:31:09.428 [restartedMain] INFO  org.apache.coyote.http11.Http11NioProtocol - Starting ProtocolHandler ["http-nio-8080"]
2026-01-23 17:31:09.445 [restartedMain] INFO  org.springframework.boot.web.embedded.tomcat.TomcatWebServer - Tomcat started on port 8080 (http) with context path ''
2026-01-23 17:31:09.445 [restartedMain] INFO  com.filestorage.FileStorageApplication - Started FileStorageApplication in 2.241 seconds (process running for 1514.102)
2026-01-23 17:31:09.445 [restartedMain] INFO  org.springframework.boot.devtools.autoconfigure.ConditionEvaluationDeltaLoggingListener - Condition evaluation unchanged
2026-01-23 17:31:09.462 [http-nio-8080-exec-1] INFO  org.apache.catalina.core.ContainerBase.[Tomcat].[localhost].[/] - Initializing Spring DispatcherServlet 'dispatcherServlet'
2026-01-23 17:31:09.463 [http-nio-8080-exec-1] INFO  org.springframework.web.servlet.DispatcherServlet - Initializing Servlet 'dispatcherServlet'
2026-01-23 17:31:09.464 [http-nio-8080-exec-1] INFO  org.springframework.web.servlet.DispatcherServlet - Completed initialization in 1 ms
2026-01-23 17:31:09.464 [http-nio-8080-exec-4] DEBUG com.filestorage.security.JwtTokenProvider - JWT token validated successfully
2026-01-23 17:31:09.464 [http-nio-8080-exec-3] DEBUG com.filestorage.security.JwtTokenProvider - JWT token validated successfully
2026-01-23 17:31:09.477 [http-nio-8080-exec-4] DEBUG com.filestorage.security.JwtAuthenticationFilter - JWT token validated for user: userid1
2026-01-23 17:31:09.477 [http-nio-8080-exec-4] DEBUG com.filestorage.service.UserDetailsServiceImpl - Loading user details for username: userid1
2026-01-23 17:31:09.477 [http-nio-8080-exec-3] DEBUG com.filestorage.security.JwtAuthenticationFilter - JWT token validated for user: userid1
2026-01-23 17:31:09.477 [http-nio-8080-exec-3] DEBUG com.filestorage.service.UserDetailsServiceImpl - Loading user details for username: userid1
2026-01-23 17:31:09.513 [http-nio-8080-exec-4] DEBUG com.filestorage.service.UserDetailsServiceImpl - User details loaded successfully for: userid1
2026-01-23 17:31:09.513 [http-nio-8080-exec-3] DEBUG com.filestorage.service.UserDetailsServiceImpl - User details loaded successfully for: userid1
2026-01-23 17:31:09.513 [http-nio-8080-exec-4] DEBUG com.filestorage.security.JwtAuthenticationFilter - User userid1 authenticated successfully via JWT
2026-01-23 17:31:09.513 [http-nio-8080-exec-3] DEBUG com.filestorage.security.JwtAuthenticationFilter - User userid1 authenticated successfully via JWT
2026-01-23 17:31:09.513 [http-nio-8080-exec-4] DEBUG com.filestorage.controller.FolderController - Fetching folders for user: userid1 in parent folder: null
2026-01-23 17:31:09.513 [http-nio-8080-exec-3] DEBUG com.filestorage.controller.FileController - Fetching files for user: userid1 in folder: null
2026-01-23 17:31:09.523 [http-nio-8080-exec-3] DEBUG com.filestorage.service.FileStorageService - Fetching files for user ID: 1 in folder ID: null
2026-01-23 17:31:09.523 [http-nio-8080-exec-4] DEBUG com.filestorage.service.FolderService - Fetching folders for user ID: 1 with parent folder ID: null
2026-01-23 17:31:09.523 [http-nio-8080-exec-3] DEBUG com.filestorage.service.FileStorageService - Found 0 files for user ID: 1
2026-01-23 17:31:09.523 [http-nio-8080-exec-4] DEBUG com.filestorage.service.FolderService - Found 1 folders for user ID: 1
2026-01-23 17:31:09.523 [http-nio-8080-exec-3] DEBUG com.filestorage.controller.FileController - Retrieved 0 files for user: userid1
2026-01-23 17:31:09.523 [http-nio-8080-exec-4] DEBUG com.filestorage.controller.FolderController - Retrieved 1 folders for user: userid1
2026-01-23 17:31:10.265 [http-nio-8080-exec-6] DEBUG com.filestorage.security.JwtTokenProvider - JWT token validated successfully
2026-01-23 17:31:10.265 [http-nio-8080-exec-5] DEBUG com.filestorage.security.JwtTokenProvider - JWT token validated successfully
2026-01-23 17:31:10.265 [http-nio-8080-exec-6] DEBUG com.filestorage.security.JwtAuthenticationFilter - JWT token validated for user: userid1
2026-01-23 17:31:10.265 [http-nio-8080-exec-6] DEBUG com.filestorage.service.UserDetailsServiceImpl - Loading user details for username: userid1
2026-01-23 17:31:10.265 [http-nio-8080-exec-5] DEBUG com.filestorage.security.JwtAuthenticationFilter - JWT token validated for user: userid1
2026-01-23 17:31:10.265 [http-nio-8080-exec-5] DEBUG com.filestorage.service.UserDetailsServiceImpl - Loading user details for username: userid1
2026-01-23 17:31:10.265 [http-nio-8080-exec-6] DEBUG com.filestorage.service.UserDetailsServiceImpl - User details loaded successfully for: userid1
2026-01-23 17:31:10.265 [http-nio-8080-exec-6] DEBUG com.filestorage.security.JwtAuthenticationFilter - User userid1 authenticated successfully via JWT
2026-01-23 17:31:10.265 [http-nio-8080-exec-6] DEBUG com.filestorage.controller.FileController - Fetching files for user: userid1 in folder: null
2026-01-23 17:31:10.265 [http-nio-8080-exec-5] DEBUG com.filestorage.service.UserDetailsServiceImpl - User details loaded successfully for: userid1
2026-01-23 17:31:10.265 [http-nio-8080-exec-5] DEBUG com.filestorage.security.JwtAuthenticationFilter - User userid1 authenticated successfully via JWT
2026-01-23 17:31:10.265 [http-nio-8080-exec-5] DEBUG com.filestorage.controller.FolderController - Fetching folders for user: userid1 in parent folder: null
2026-01-23 17:31:10.265 [http-nio-8080-exec-6] DEBUG com.filestorage.service.FileStorageService - Fetching files for user ID: 1 in folder ID: null
2026-01-23 17:31:10.282 [http-nio-8080-exec-6] DEBUG com.filestorage.service.FileStorageService - Found 0 files for user ID: 1
2026-01-23 17:31:10.282 [http-nio-8080-exec-5] DEBUG com.filestorage.service.FolderService - Fetching folders for user ID: 1 with parent folder ID: null
2026-01-23 17:31:10.282 [http-nio-8080-exec-6] DEBUG com.filestorage.controller.FileController - Retrieved 0 files for user: userid1
2026-01-23 17:31:10.285 [http-nio-8080-exec-5] DEBUG com.filestorage.service.FolderService - Found 1 folders for user ID: 1
2026-01-23 17:31:10.285 [http-nio-8080-exec-5] DEBUG com.filestorage.controller.FolderController - Retrieved 1 folders for user: userid1
2026-01-23 17:34:23.868 [http-nio-8080-exec-2] DEBUG com.filestorage.security.JwtTokenProvider - JWT token validated successfully
2026-01-23 17:34:23.869 [http-nio-8080-exec-3] DEBUG com.filestorage.security.JwtTokenProvider - JWT token validated successfully
2026-01-23 17:34:23.871 [http-nio-8080-exec-2] DEBUG com.filestorage.security.JwtAuthenticationFilter - JWT token validated for user: userid1
2026-01-23 17:34:23.871 [http-nio-8080-exec-3] DEBUG com.filestorage.security.JwtAuthenticationFilter - JWT token validated for user: userid1
2026-01-23 17:34:23.871 [http-nio-8080-exec-3] DEBUG com.filestorage.service.UserDetailsServiceImpl - Loading user details for username: userid1
2026-01-23 17:34:23.871 [http-nio-8080-exec-2] DEBUG com.filestorage.service.UserDetailsServiceImpl - Loading user details for username: userid1
2026-01-23 17:34:23.874 [http-nio-8080-exec-3] DEBUG com.filestorage.service.UserDetailsServiceImpl - User details loaded successfully for: userid1
2026-01-23 17:34:23.874 [http-nio-8080-exec-2] DEBUG com.filestorage.service.UserDetailsServiceImpl - User details loaded successfully for: userid1
2026-01-23 17:34:23.874 [http-nio-8080-exec-3] DEBUG com.filestorage.security.JwtAuthenticationFilter - User userid1 authenticated successfully via JWT
2026-01-23 17:34:23.874 [http-nio-8080-exec-2] DEBUG com.filestorage.security.JwtAuthenticationFilter - User userid1 authenticated successfully via JWT
2026-01-23 17:34:23.875 [http-nio-8080-exec-3] DEBUG com.filestorage.controller.FileController - Fetching files for user: userid1 in folder: null
2026-01-23 17:34:23.875 [http-nio-8080-exec-2] DEBUG com.filestorage.controller.FolderController - Fetching folders for user: userid1 in parent folder: null
2026-01-23 17:34:23.877 [http-nio-8080-exec-3] DEBUG com.filestorage.service.FileStorageService - Fetching files for user ID: 1 in folder ID: null
2026-01-23 17:34:23.877 [http-nio-8080-exec-2] DEBUG com.filestorage.service.FolderService - Fetching folders for user ID: 1 with parent folder ID: null
2026-01-23 17:34:23.878 [http-nio-8080-exec-3] DEBUG com.filestorage.service.FileStorageService - Found 0 files for user ID: 1
2026-01-23 17:34:23.878 [http-nio-8080-exec-3] DEBUG com.filestorage.controller.FileController - Retrieved 0 files for user: userid1
2026-01-23 17:34:23.878 [http-nio-8080-exec-2] DEBUG com.filestorage.service.FolderService - Found 1 folders for user ID: 1
2026-01-23 17:34:23.880 [http-nio-8080-exec-2] DEBUG com.filestorage.controller.FolderController - Retrieved 1 folders for user: userid1
2026-01-23 17:37:11.701 [http-nio-8080-exec-7] DEBUG com.filestorage.security.JwtTokenProvider - JWT token validated successfully
2026-01-23 17:37:11.701 [http-nio-8080-exec-9] DEBUG com.filestorage.security.JwtTokenProvider - JWT token validated successfully
2026-01-23 17:37:11.703 [http-nio-8080-exec-7] DEBUG com.filestorage.security.JwtAuthenticationFilter - JWT token validated for user: userid1
2026-01-23 17:37:11.703 [http-nio-8080-exec-7] DEBUG com.filestorage.service.UserDetailsServiceImpl - Loading user details for username: userid1
2026-01-23 17:37:11.703 [http-nio-8080-exec-9] DEBUG com.filestorage.security.JwtAuthenticationFilter - JWT token validated for user: userid1
2026-01-23 17:37:11.703 [http-nio-8080-exec-9] DEBUG com.filestorage.service.UserDetailsServiceImpl - Loading user details for username: userid1
2026-01-23 17:37:11.707 [http-nio-8080-exec-7] DEBUG com.filestorage.service.UserDetailsServiceImpl - User details loaded successfully for: userid1
2026-01-23 17:37:11.707 [http-nio-8080-exec-9] DEBUG com.filestorage.service.UserDetailsServiceImpl - User details loaded successfully for: userid1
2026-01-23 17:37:11.707 [http-nio-8080-exec-7] DEBUG com.filestorage.security.JwtAuthenticationFilter - User userid1 authenticated successfully via JWT
2026-01-23 17:37:11.707 [http-nio-8080-exec-9] DEBUG com.filestorage.security.JwtAuthenticationFilter - User userid1 authenticated successfully via JWT
2026-01-23 17:37:11.708 [http-nio-8080-exec-7] DEBUG com.filestorage.controller.FileController - Fetching files for user: userid1 in folder: null
2026-01-23 17:37:11.708 [http-nio-8080-exec-9] DEBUG com.filestorage.controller.FolderController - Fetching folders for user: userid1 in parent folder: null
2026-01-23 17:37:11.711 [http-nio-8080-exec-7] DEBUG com.filestorage.service.FileStorageService - Fetching files for user ID: 1 in folder ID: null
2026-01-23 17:37:11.711 [http-nio-8080-exec-9] DEBUG com.filestorage.service.FolderService - Fetching folders for user ID: 1 with parent folder ID: null
2026-01-23 17:37:11.714 [http-nio-8080-exec-7] DEBUG com.filestorage.service.FileStorageService - Found 0 files for user ID: 1
2026-01-23 17:37:11.714 [http-nio-8080-exec-7] DEBUG com.filestorage.controller.FileController - Retrieved 0 files for user: userid1
2026-01-23 17:37:11.714 [http-nio-8080-exec-9] DEBUG com.filestorage.service.FolderService - Found 1 folders for user ID: 1
2026-01-23 17:37:11.714 [http-nio-8080-exec-9] DEBUG com.filestorage.controller.FolderController - Retrieved 1 folders for user: userid1
2026-01-23 17:38:23.749 [http-nio-8080-exec-6] DEBUG com.filestorage.security.JwtTokenProvider - JWT token validated successfully
2026-01-23 17:38:23.749 [http-nio-8080-exec-4] DEBUG com.filestorage.security.JwtTokenProvider - JWT token validated successfully
2026-01-23 17:38:23.749 [http-nio-8080-exec-6] DEBUG com.filestorage.security.JwtAuthenticationFilter - JWT token validated for user: userid1
2026-01-23 17:38:23.752 [http-nio-8080-exec-6] DEBUG com.filestorage.service.UserDetailsServiceImpl - Loading user details for username: userid1
2026-01-23 17:38:23.756 [http-nio-8080-exec-6] DEBUG com.filestorage.service.UserDetailsServiceImpl - User details loaded successfully for: userid1
2026-01-23 17:38:23.756 [http-nio-8080-exec-6] DEBUG com.filestorage.security.JwtAuthenticationFilter - User userid1 authenticated successfully via JWT
2026-01-23 17:38:23.757 [http-nio-8080-exec-6] DEBUG com.filestorage.controller.FolderController - Fetching folders for user: userid1 in parent folder: null
2026-01-23 17:38:23.760 [http-nio-8080-exec-6] DEBUG com.filestorage.service.FolderService - Fetching folders for user ID: 1 with parent folder ID: null
2026-01-23 17:38:23.760 [http-nio-8080-exec-4] DEBUG com.filestorage.security.JwtAuthenticationFilter - JWT token validated for user: userid1
2026-01-23 17:38:23.760 [http-nio-8080-exec-4] DEBUG com.filestorage.service.UserDetailsServiceImpl - Loading user details for username: userid1
2026-01-23 17:38:23.762 [http-nio-8080-exec-6] DEBUG com.filestorage.service.FolderService - Found 1 folders for user ID: 1
2026-01-23 17:38:23.762 [http-nio-8080-exec-6] DEBUG com.filestorage.controller.FolderController - Retrieved 1 folders for user: userid1
2026-01-23 17:38:23.762 [http-nio-8080-exec-4] DEBUG com.filestorage.service.UserDetailsServiceImpl - User details loaded successfully for: userid1
2026-01-23 17:38:23.762 [http-nio-8080-exec-4] DEBUG com.filestorage.security.JwtAuthenticationFilter - User userid1 authenticated successfully via JWT
2026-01-23 17:38:23.762 [http-nio-8080-exec-4] DEBUG com.filestorage.controller.FileController - Fetching files for user: userid1 in folder: null
2026-01-23 17:38:23.762 [http-nio-8080-exec-4] DEBUG com.filestorage.service.FileStorageService - Fetching files for user ID: 1 in folder ID: null
2026-01-23 17:38:23.773 [http-nio-8080-exec-4] DEBUG com.filestorage.service.FileStorageService - Found 0 files for user ID: 1
2026-01-23 17:38:23.774 [http-nio-8080-exec-4] DEBUG com.filestorage.controller.FileController - Retrieved 0 files for user: userid1
2026-01-23 17:39:44.750 [http-nio-8080-exec-1] DEBUG com.filestorage.security.JwtTokenProvider - JWT token validated successfully
2026-01-23 17:39:44.751 [http-nio-8080-exec-10] DEBUG com.filestorage.security.JwtTokenProvider - JWT token validated successfully
2026-01-23 17:39:44.752 [http-nio-8080-exec-1] DEBUG com.filestorage.security.JwtAuthenticationFilter - JWT token validated for user: userid1
2026-01-23 17:39:44.752 [http-nio-8080-exec-1] DEBUG com.filestorage.service.UserDetailsServiceImpl - Loading user details for username: userid1
2026-01-23 17:39:44.752 [http-nio-8080-exec-10] DEBUG com.filestorage.security.JwtAuthenticationFilter - JWT token validated for user: userid1
2026-01-23 17:39:44.752 [http-nio-8080-exec-10] DEBUG com.filestorage.service.UserDetailsServiceImpl - Loading user details for username: userid1
2026-01-23 17:39:44.754 [http-nio-8080-exec-1] DEBUG com.filestorage.service.UserDetailsServiceImpl - User details loaded successfully for: userid1
2026-01-23 17:39:44.754 [http-nio-8080-exec-1] DEBUG com.filestorage.security.JwtAuthenticationFilter - User userid1 authenticated successfully via JWT
2026-01-23 17:39:44.754 [http-nio-8080-exec-10] DEBUG com.filestorage.service.UserDetailsServiceImpl - User details loaded successfully for: userid1
2026-01-23 17:39:44.755 [http-nio-8080-exec-10] DEBUG com.filestorage.security.JwtAuthenticationFilter - User userid1 authenticated successfully via JWT
2026-01-23 17:39:44.755 [http-nio-8080-exec-1] DEBUG com.filestorage.controller.FolderController - Fetching folders for user: userid1 in parent folder: null
2026-01-23 17:39:44.755 [http-nio-8080-exec-10] DEBUG com.filestorage.controller.FileController - Fetching files for user: userid1 in folder: null
2026-01-23 17:39:44.758 [http-nio-8080-exec-10] DEBUG com.filestorage.service.FileStorageService - Fetching files for user ID: 1 in folder ID: null
2026-01-23 17:39:44.759 [http-nio-8080-exec-1] DEBUG com.filestorage.service.FolderService - Fetching folders for user ID: 1 with parent folder ID: null
2026-01-23 17:39:44.760 [http-nio-8080-exec-10] DEBUG com.filestorage.service.FileStorageService - Found 0 files for user ID: 1
2026-01-23 17:39:44.760 [http-nio-8080-exec-10] DEBUG com.filestorage.controller.FileController - Retrieved 0 files for user: userid1
2026-01-23 17:39:44.762 [http-nio-8080-exec-1] DEBUG com.filestorage.service.FolderService - Found 1 folders for user ID: 1
2026-01-23 17:39:44.762 [http-nio-8080-exec-1] DEBUG com.filestorage.controller.FolderController - Retrieved 1 folders for user: userid1
2026-01-23 17:39:47.932 [http-nio-8080-exec-3] DEBUG com.filestorage.security.JwtTokenProvider - JWT token validated successfully
2026-01-23 17:39:47.932 [http-nio-8080-exec-2] DEBUG com.filestorage.security.JwtTokenProvider - JWT token validated successfully
2026-01-23 17:39:47.932 [http-nio-8080-exec-3] DEBUG com.filestorage.security.JwtAuthenticationFilter - JWT token validated for user: userid1
2026-01-23 17:39:47.932 [http-nio-8080-exec-3] DEBUG com.filestorage.service.UserDetailsServiceImpl - Loading user details for username: userid1
2026-01-23 17:39:47.939 [http-nio-8080-exec-2] DEBUG com.filestorage.security.JwtAuthenticationFilter - JWT token validated for user: userid1
2026-01-23 17:39:47.939 [http-nio-8080-exec-2] DEBUG com.filestorage.service.UserDetailsServiceImpl - Loading user details for username: userid1
2026-01-23 17:39:47.939 [http-nio-8080-exec-3] DEBUG com.filestorage.service.UserDetailsServiceImpl - User details loaded successfully for: userid1
2026-01-23 17:39:47.939 [http-nio-8080-exec-3] DEBUG com.filestorage.security.JwtAuthenticationFilter - User userid1 authenticated successfully via JWT
2026-01-23 17:39:47.939 [http-nio-8080-exec-2] DEBUG com.filestorage.service.UserDetailsServiceImpl - User details loaded successfully for: userid1
2026-01-23 17:39:47.939 [http-nio-8080-exec-2] DEBUG com.filestorage.security.JwtAuthenticationFilter - User userid1 authenticated successfully via JWT
2026-01-23 17:39:47.939 [http-nio-8080-exec-3] DEBUG com.filestorage.controller.FolderController - Fetching folders for user: userid1 in parent folder: null
2026-01-23 17:39:47.939 [http-nio-8080-exec-2] DEBUG com.filestorage.controller.FileController - Fetching files for user: userid1 in folder: null
2026-01-23 17:39:47.939 [http-nio-8080-exec-3] DEBUG com.filestorage.service.FolderService - Fetching folders for user ID: 1 with parent folder ID: null
2026-01-23 17:39:47.939 [http-nio-8080-exec-2] DEBUG com.filestorage.service.FileStorageService - Fetching files for user ID: 1 in folder ID: null
2026-01-23 17:39:47.939 [http-nio-8080-exec-2] DEBUG com.filestorage.service.FileStorageService - Found 0 files for user ID: 1
2026-01-23 17:39:47.939 [http-nio-8080-exec-2] DEBUG com.filestorage.controller.FileController - Retrieved 0 files for user: userid1
2026-01-23 17:39:47.939 [http-nio-8080-exec-3] DEBUG com.filestorage.service.FolderService - Found 1 folders for user ID: 1
2026-01-23 17:39:47.939 [http-nio-8080-exec-3] DEBUG com.filestorage.controller.FolderController - Retrieved 1 folders for user: userid1
2026-01-23 17:41:07.605 [http-nio-8080-exec-9] DEBUG com.filestorage.security.JwtTokenProvider - JWT token validated successfully
2026-01-23 17:41:07.605 [http-nio-8080-exec-7] DEBUG com.filestorage.security.JwtTokenProvider - JWT token validated successfully
2026-01-23 17:41:07.612 [http-nio-8080-exec-7] DEBUG com.filestorage.security.JwtAuthenticationFilter - JWT token validated for user: userid1
2026-01-23 17:41:07.612 [http-nio-8080-exec-9] DEBUG com.filestorage.security.JwtAuthenticationFilter - JWT token validated for user: userid1
2026-01-23 17:41:07.612 [http-nio-8080-exec-7] DEBUG com.filestorage.service.UserDetailsServiceImpl - Loading user details for username: userid1
2026-01-23 17:41:07.612 [http-nio-8080-exec-9] DEBUG com.filestorage.service.UserDetailsServiceImpl - Loading user details for username: userid1
2026-01-23 17:41:07.616 [http-nio-8080-exec-7] DEBUG com.filestorage.service.UserDetailsServiceImpl - User details loaded successfully for: userid1
2026-01-23 17:41:07.617 [http-nio-8080-exec-9] DEBUG com.filestorage.service.UserDetailsServiceImpl - User details loaded successfully for: userid1
2026-01-23 17:41:07.617 [http-nio-8080-exec-9] DEBUG com.filestorage.security.JwtAuthenticationFilter - User userid1 authenticated successfully via JWT
2026-01-23 17:41:07.617 [http-nio-8080-exec-7] DEBUG com.filestorage.security.JwtAuthenticationFilter - User userid1 authenticated successfully via JWT
2026-01-23 17:41:07.620 [http-nio-8080-exec-7] DEBUG com.filestorage.controller.FolderController - Fetching folders for user: userid1 in parent folder: 1
2026-01-23 17:41:07.620 [http-nio-8080-exec-9] DEBUG com.filestorage.controller.FileController - Fetching files for user: userid1 in folder: 1
2026-01-23 17:41:07.623 [http-nio-8080-exec-7] DEBUG com.filestorage.service.FolderService - Fetching folders for user ID: 1 with parent folder ID: 1
2026-01-23 17:41:07.624 [http-nio-8080-exec-9] DEBUG com.filestorage.service.FileStorageService - Fetching files for user ID: 1 in folder ID: 1
2026-01-23 17:41:07.635 [http-nio-8080-exec-7] DEBUG com.filestorage.service.FolderService - Found 1 folders for user ID: 1
2026-01-23 17:41:07.635 [http-nio-8080-exec-7] DEBUG com.filestorage.controller.FolderController - Retrieved 1 folders for user: userid1
2026-01-23 17:41:07.641 [http-nio-8080-exec-9] DEBUG com.filestorage.service.FileStorageService - Found 2 files for user ID: 1
2026-01-23 17:41:07.642 [http-nio-8080-exec-9] DEBUG com.filestorage.controller.FileController - Retrieved 2 files for user: userid1
2026-01-23 17:41:38.293 [http-nio-8080-exec-6] DEBUG com.filestorage.security.JwtTokenProvider - JWT token validated successfully
2026-01-23 17:41:38.298 [http-nio-8080-exec-6] DEBUG com.filestorage.security.JwtAuthenticationFilter - JWT token validated for user: userid1
2026-01-23 17:41:38.298 [http-nio-8080-exec-6] DEBUG com.filestorage.service.UserDetailsServiceImpl - Loading user details for username: userid1
2026-01-23 17:41:38.302 [http-nio-8080-exec-6] DEBUG com.filestorage.service.UserDetailsServiceImpl - User details loaded successfully for: userid1
2026-01-23 17:41:38.303 [http-nio-8080-exec-6] DEBUG com.filestorage.security.JwtAuthenticationFilter - User userid1 authenticated successfully via JWT
2026-01-23 17:41:38.304 [http-nio-8080-exec-6] DEBUG com.filestorage.controller.FolderController - Fetching folders for user: userid1 in parent folder: null
2026-01-23 17:41:38.306 [http-nio-8080-exec-4] DEBUG com.filestorage.security.JwtTokenProvider - JWT token validated successfully
2026-01-23 17:41:38.307 [http-nio-8080-exec-6] DEBUG com.filestorage.service.FolderService - Fetching folders for user ID: 1 with parent folder ID: null
2026-01-23 17:41:38.309 [http-nio-8080-exec-4] DEBUG com.filestorage.security.JwtAuthenticationFilter - JWT token validated for user: userid1
2026-01-23 17:41:38.309 [http-nio-8080-exec-4] DEBUG com.filestorage.service.UserDetailsServiceImpl - Loading user details for username: userid1
2026-01-23 17:41:38.310 [http-nio-8080-exec-6] DEBUG com.filestorage.service.FolderService - Found 1 folders for user ID: 1
2026-01-23 17:41:38.310 [http-nio-8080-exec-6] DEBUG com.filestorage.controller.FolderController - Retrieved 1 folders for user: userid1
2026-01-23 17:41:38.312 [http-nio-8080-exec-4] DEBUG com.filestorage.service.UserDetailsServiceImpl - User details loaded successfully for: userid1
2026-01-23 17:41:38.312 [http-nio-8080-exec-4] DEBUG com.filestorage.security.JwtAuthenticationFilter - User userid1 authenticated successfully via JWT
2026-01-23 17:41:38.313 [http-nio-8080-exec-4] DEBUG com.filestorage.controller.FileController - Fetching files for user: userid1 in folder: null
2026-01-23 17:41:38.316 [http-nio-8080-exec-4] DEBUG com.filestorage.service.FileStorageService - Fetching files for user ID: 1 in folder ID: null
2026-01-23 17:41:38.318 [http-nio-8080-exec-4] DEBUG com.filestorage.service.FileStorageService - Found 0 files for user ID: 1
2026-01-23 17:41:38.318 [http-nio-8080-exec-4] DEBUG com.filestorage.controller.FileController - Retrieved 0 files for user: userid1
2026-01-23 17:44:49.166 [http-nio-8080-exec-10] DEBUG com.filestorage.security.JwtTokenProvider - JWT token validated successfully
2026-01-23 17:44:49.166 [http-nio-8080-exec-1] DEBUG com.filestorage.security.JwtTokenProvider - JWT token validated successfully
2026-01-23 17:44:49.176 [http-nio-8080-exec-10] DEBUG com.filestorage.security.JwtAuthenticationFilter - JWT token validated for user: userid1
2026-01-23 17:44:49.176 [http-nio-8080-exec-10] DEBUG com.filestorage.service.UserDetailsServiceImpl - Loading user details for username: userid1
2026-01-23 17:44:49.178 [http-nio-8080-exec-1] DEBUG com.filestorage.security.JwtAuthenticationFilter - JWT token validated for user: userid1
2026-01-23 17:44:49.179 [http-nio-8080-exec-1] DEBUG com.filestorage.service.UserDetailsServiceImpl - Loading user details for username: userid1
2026-01-23 17:44:49.179 [http-nio-8080-exec-10] DEBUG com.filestorage.service.UserDetailsServiceImpl - User details loaded successfully for: userid1
2026-01-23 17:44:49.179 [http-nio-8080-exec-10] DEBUG com.filestorage.security.JwtAuthenticationFilter - User userid1 authenticated successfully via JWT
2026-01-23 17:44:49.179 [http-nio-8080-exec-1] DEBUG com.filestorage.service.UserDetailsServiceImpl - User details loaded successfully for: userid1
2026-01-23 17:44:49.179 [http-nio-8080-exec-10] DEBUG com.filestorage.controller.FileController - Fetching files for user: userid1 in folder: null
2026-01-23 17:44:49.179 [http-nio-8080-exec-1] DEBUG com.filestorage.security.JwtAuthenticationFilter - User userid1 authenticated successfully via JWT
2026-01-23 17:44:49.179 [http-nio-8080-exec-1] DEBUG com.filestorage.controller.FolderController - Fetching folders for user: userid1 in parent folder: null
2026-01-23 17:44:49.179 [http-nio-8080-exec-10] DEBUG com.filestorage.service.FileStorageService - Fetching files for user ID: 1 in folder ID: null
2026-01-23 17:44:49.179 [http-nio-8080-exec-1] DEBUG com.filestorage.service.FolderService - Fetching folders for user ID: 1 with parent folder ID: null
2026-01-23 17:44:49.179 [http-nio-8080-exec-10] DEBUG com.filestorage.service.FileStorageService - Found 0 files for user ID: 1
2026-01-23 17:44:49.179 [http-nio-8080-exec-10] DEBUG com.filestorage.controller.FileController - Retrieved 0 files for user: userid1
2026-01-23 17:44:49.179 [http-nio-8080-exec-1] DEBUG com.filestorage.service.FolderService - Found 1 folders for user ID: 1
2026-01-23 17:44:49.179 [http-nio-8080-exec-1] DEBUG com.filestorage.controller.FolderController - Retrieved 1 folders for user: userid1
2026-01-23 17:44:51.039 [http-nio-8080-exec-4] DEBUG com.filestorage.security.JwtTokenProvider - JWT token validated successfully
2026-01-23 17:44:51.039 [http-nio-8080-exec-6] DEBUG com.filestorage.security.JwtTokenProvider - JWT token validated successfully
2026-01-23 17:44:51.039 [http-nio-8080-exec-6] DEBUG com.filestorage.security.JwtAuthenticationFilter - JWT token validated for user: userid1
2026-01-23 17:44:51.039 [http-nio-8080-exec-6] DEBUG com.filestorage.service.UserDetailsServiceImpl - Loading user details for username: userid1
2026-01-23 17:44:51.039 [http-nio-8080-exec-4] DEBUG com.filestorage.security.JwtAuthenticationFilter - JWT token validated for user: userid1
2026-01-23 17:44:51.039 [http-nio-8080-exec-4] DEBUG com.filestorage.service.UserDetailsServiceImpl - Loading user details for username: userid1
2026-01-23 17:44:51.039 [http-nio-8080-exec-6] DEBUG com.filestorage.service.UserDetailsServiceImpl - User details loaded successfully for: userid1
2026-01-23 17:44:51.039 [http-nio-8080-exec-4] DEBUG com.filestorage.service.UserDetailsServiceImpl - User details loaded successfully for: userid1
2026-01-23 17:44:51.039 [http-nio-8080-exec-6] DEBUG com.filestorage.security.JwtAuthenticationFilter - User userid1 authenticated successfully via JWT
2026-01-23 17:44:51.039 [http-nio-8080-exec-4] DEBUG com.filestorage.security.JwtAuthenticationFilter - User userid1 authenticated successfully via JWT
2026-01-23 17:44:51.039 [http-nio-8080-exec-4] DEBUG com.filestorage.controller.FolderController - Fetching folders for user: userid1 in parent folder: 1
2026-01-23 17:44:51.039 [http-nio-8080-exec-6] DEBUG com.filestorage.controller.FileController - Fetching files for user: userid1 in folder: 1
2026-01-23 17:44:51.039 [http-nio-8080-exec-4] DEBUG com.filestorage.service.FolderService - Fetching folders for user ID: 1 with parent folder ID: 1
2026-01-23 17:44:51.039 [http-nio-8080-exec-6] DEBUG com.filestorage.service.FileStorageService - Fetching files for user ID: 1 in folder ID: 1
2026-01-23 17:44:51.052 [http-nio-8080-exec-4] DEBUG com.filestorage.service.FolderService - Found 1 folders for user ID: 1
2026-01-23 17:44:51.052 [http-nio-8080-exec-6] DEBUG com.filestorage.service.FileStorageService - Found 2 files for user ID: 1
2026-01-23 17:44:51.052 [http-nio-8080-exec-6] DEBUG com.filestorage.controller.FileController - Retrieved 2 files for user: userid1
2026-01-23 17:44:51.052 [http-nio-8080-exec-4] DEBUG com.filestorage.controller.FolderController - Retrieved 1 folders for user: userid1
2026-01-23 17:45:11.800 [http-nio-8080-exec-7] DEBUG com.filestorage.security.JwtTokenProvider - JWT token validated successfully
2026-01-23 17:45:11.800 [http-nio-8080-exec-9] DEBUG com.filestorage.security.JwtTokenProvider - JWT token validated successfully
2026-01-23 17:45:11.812 [http-nio-8080-exec-7] DEBUG com.filestorage.security.JwtAuthenticationFilter - JWT token validated for user: userid1
2026-01-23 17:45:11.812 [http-nio-8080-exec-7] DEBUG com.filestorage.service.UserDetailsServiceImpl - Loading user details for username: userid1
2026-01-23 17:45:11.812 [http-nio-8080-exec-9] DEBUG com.filestorage.security.JwtAuthenticationFilter - JWT token validated for user: userid1
2026-01-23 17:45:11.813 [http-nio-8080-exec-9] DEBUG com.filestorage.service.UserDetailsServiceImpl - Loading user details for username: userid1
2026-01-23 17:45:11.815 [http-nio-8080-exec-7] DEBUG com.filestorage.service.UserDetailsServiceImpl - User details loaded successfully for: userid1
2026-01-23 17:45:11.815 [http-nio-8080-exec-9] DEBUG com.filestorage.service.UserDetailsServiceImpl - User details loaded successfully for: userid1
2026-01-23 17:45:11.816 [http-nio-8080-exec-7] DEBUG com.filestorage.security.JwtAuthenticationFilter - User userid1 authenticated successfully via JWT
2026-01-23 17:45:11.816 [http-nio-8080-exec-9] DEBUG com.filestorage.security.JwtAuthenticationFilter - User userid1 authenticated successfully via JWT
2026-01-23 17:45:11.817 [http-nio-8080-exec-7] DEBUG com.filestorage.controller.FolderController - Fetching folders for user: userid1 in parent folder: 5
2026-01-23 17:45:11.817 [http-nio-8080-exec-9] DEBUG com.filestorage.controller.FileController - Fetching files for user: userid1 in folder: 5
2026-01-23 17:45:11.818 [http-nio-8080-exec-7] DEBUG com.filestorage.service.FolderService - Fetching folders for user ID: 1 with parent folder ID: 5
2026-01-23 17:45:11.818 [http-nio-8080-exec-9] DEBUG com.filestorage.service.FileStorageService - Fetching files for user ID: 1 in folder ID: 5
2026-01-23 17:45:11.833 [http-nio-8080-exec-7] DEBUG com.filestorage.service.FolderService - Found 0 folders for user ID: 1
2026-01-23 17:45:11.833 [http-nio-8080-exec-7] DEBUG com.filestorage.controller.FolderController - Retrieved 0 folders for user: userid1
2026-01-23 17:45:11.833 [http-nio-8080-exec-9] DEBUG com.filestorage.service.FileStorageService - Found 1 files for user ID: 1
2026-01-23 17:45:11.833 [http-nio-8080-exec-9] DEBUG com.filestorage.controller.FileController - Retrieved 1 files for user: userid1
2026-01-23 17:45:15.099 [http-nio-8080-exec-1] DEBUG com.filestorage.security.JwtTokenProvider - JWT token validated successfully
2026-01-23 17:45:15.099 [http-nio-8080-exec-1] DEBUG com.filestorage.security.JwtAuthenticationFilter - JWT token validated for user: userid1
2026-01-23 17:45:15.099 [http-nio-8080-exec-1] DEBUG com.filestorage.service.UserDetailsServiceImpl - Loading user details for username: userid1
2026-01-23 17:45:15.112 [http-nio-8080-exec-1] DEBUG com.filestorage.service.UserDetailsServiceImpl - User details loaded successfully for: userid1
2026-01-23 17:45:15.112 [http-nio-8080-exec-1] DEBUG com.filestorage.security.JwtAuthenticationFilter - User userid1 authenticated successfully via JWT
2026-01-23 17:45:15.114 [http-nio-8080-exec-1] INFO  com.filestorage.controller.FileController - File deletion requested: ID 9 by user: userid1
2026-01-23 17:45:15.117 [http-nio-8080-exec-1] INFO  com.filestorage.service.FileStorageService - Deleting file: ID 9 for user ID: 1
2026-01-23 17:45:15.126 [http-nio-8080-exec-1] DEBUG com.filestorage.service.FileStorageService - Physical file deleted: .\uploads\1\18144382-ad25-4328-918b-1d8e1e7c1964_PXL_20250525_155859501.jpg
2026-01-23 17:45:15.218 [http-nio-8080-exec-1] INFO  com.filestorage.service.FileStorageService - File metadata deleted successfully: ID 9
2026-01-23 17:45:15.218 [http-nio-8080-exec-1] INFO  com.filestorage.controller.FileController - File deleted successfully: ID 9
2026-01-23 17:45:17.448 [http-nio-8080-exec-6] DEBUG com.filestorage.security.JwtTokenProvider - JWT token validated successfully
2026-01-23 17:45:17.448 [http-nio-8080-exec-4] DEBUG com.filestorage.security.JwtTokenProvider - JWT token validated successfully
2026-01-23 17:45:17.450 [http-nio-8080-exec-6] DEBUG com.filestorage.security.JwtAuthenticationFilter - JWT token validated for user: userid1
2026-01-23 17:45:17.450 [http-nio-8080-exec-6] DEBUG com.filestorage.service.UserDetailsServiceImpl - Loading user details for username: userid1
2026-01-23 17:45:17.450 [http-nio-8080-exec-4] DEBUG com.filestorage.security.JwtAuthenticationFilter - JWT token validated for user: userid1
2026-01-23 17:45:17.450 [http-nio-8080-exec-4] DEBUG com.filestorage.service.UserDetailsServiceImpl - Loading user details for username: userid1
2026-01-23 17:45:17.452 [http-nio-8080-exec-6] DEBUG com.filestorage.service.UserDetailsServiceImpl - User details loaded successfully for: userid1
2026-01-23 17:45:17.452 [http-nio-8080-exec-6] DEBUG com.filestorage.security.JwtAuthenticationFilter - User userid1 authenticated successfully via JWT
2026-01-23 17:45:17.452 [http-nio-8080-exec-4] DEBUG com.filestorage.service.UserDetailsServiceImpl - User details loaded successfully for: userid1
2026-01-23 17:45:17.452 [http-nio-8080-exec-4] DEBUG com.filestorage.security.JwtAuthenticationFilter - User userid1 authenticated successfully via JWT
2026-01-23 17:45:17.452 [http-nio-8080-exec-6] DEBUG com.filestorage.controller.FolderController - Fetching folders for user: userid1 in parent folder: 1
2026-01-23 17:45:17.452 [http-nio-8080-exec-4] DEBUG com.filestorage.controller.FileController - Fetching files for user: userid1 in folder: 1
2026-01-23 17:45:17.454 [http-nio-8080-exec-6] DEBUG com.filestorage.service.FolderService - Fetching folders for user ID: 1 with parent folder ID: 1
2026-01-23 17:45:17.454 [http-nio-8080-exec-4] DEBUG com.filestorage.service.FileStorageService - Fetching files for user ID: 1 in folder ID: 1
2026-01-23 17:45:17.456 [http-nio-8080-exec-6] DEBUG com.filestorage.service.FolderService - Found 1 folders for user ID: 1
2026-01-23 17:45:17.456 [http-nio-8080-exec-4] DEBUG com.filestorage.service.FileStorageService - Found 2 files for user ID: 1
2026-01-23 17:45:17.456 [http-nio-8080-exec-4] DEBUG com.filestorage.controller.FileController - Retrieved 2 files for user: userid1
2026-01-23 17:45:17.456 [http-nio-8080-exec-6] DEBUG com.filestorage.controller.FolderController - Retrieved 1 folders for user: userid1
2026-01-23 17:45:18.349 [http-nio-8080-exec-7] DEBUG com.filestorage.security.JwtTokenProvider - JWT token validated successfully
2026-01-23 17:45:18.349 [http-nio-8080-exec-9] DEBUG com.filestorage.security.JwtTokenProvider - JWT token validated successfully
2026-01-23 17:45:18.349 [http-nio-8080-exec-9] DEBUG com.filestorage.security.JwtAuthenticationFilter - JWT token validated for user: userid1
2026-01-23 17:45:18.349 [http-nio-8080-exec-7] DEBUG com.filestorage.security.JwtAuthenticationFilter - JWT token validated for user: userid1
2026-01-23 17:45:18.349 [http-nio-8080-exec-9] DEBUG com.filestorage.service.UserDetailsServiceImpl - Loading user details for username: userid1
2026-01-23 17:45:18.349 [http-nio-8080-exec-7] DEBUG com.filestorage.service.UserDetailsServiceImpl - Loading user details for username: userid1
2026-01-23 17:45:18.358 [http-nio-8080-exec-7] DEBUG com.filestorage.service.UserDetailsServiceImpl - User details loaded successfully for: userid1
2026-01-23 17:45:18.358 [http-nio-8080-exec-7] DEBUG com.filestorage.security.JwtAuthenticationFilter - User userid1 authenticated successfully via JWT
2026-01-23 17:45:18.359 [http-nio-8080-exec-7] DEBUG com.filestorage.controller.FileController - Fetching files for user: userid1 in folder: 5
2026-01-23 17:45:18.360 [http-nio-8080-exec-9] DEBUG com.filestorage.service.UserDetailsServiceImpl - User details loaded successfully for: userid1
2026-01-23 17:45:18.361 [http-nio-8080-exec-9] DEBUG com.filestorage.security.JwtAuthenticationFilter - User userid1 authenticated successfully via JWT
2026-01-23 17:45:18.362 [http-nio-8080-exec-9] DEBUG com.filestorage.controller.FolderController - Fetching folders for user: userid1 in parent folder: 5
2026-01-23 17:45:18.362 [http-nio-8080-exec-7] DEBUG com.filestorage.service.FileStorageService - Fetching files for user ID: 1 in folder ID: 5
2026-01-23 17:45:18.364 [http-nio-8080-exec-9] DEBUG com.filestorage.service.FolderService - Fetching folders for user ID: 1 with parent folder ID: 5
2026-01-23 17:45:18.366 [http-nio-8080-exec-7] DEBUG com.filestorage.service.FileStorageService - Found 0 files for user ID: 1
2026-01-23 17:45:18.366 [http-nio-8080-exec-7] DEBUG com.filestorage.controller.FileController - Retrieved 0 files for user: userid1
2026-01-23 17:45:18.367 [http-nio-8080-exec-9] DEBUG com.filestorage.service.FolderService - Found 0 folders for user ID: 1
2026-01-23 17:45:18.367 [http-nio-8080-exec-9] DEBUG com.filestorage.controller.FolderController - Retrieved 0 folders for user: userid1
2026-01-23 17:45:19.644 [http-nio-8080-exec-1] DEBUG com.filestorage.security.JwtTokenProvider - JWT token validated successfully
2026-01-23 17:45:19.644 [http-nio-8080-exec-10] DEBUG com.filestorage.security.JwtTokenProvider - JWT token validated successfully
2026-01-23 17:45:19.644 [http-nio-8080-exec-1] DEBUG com.filestorage.security.JwtAuthenticationFilter - JWT token validated for user: userid1
2026-01-23 17:45:19.644 [http-nio-8080-exec-1] DEBUG com.filestorage.service.UserDetailsServiceImpl - Loading user details for username: userid1
2026-01-23 17:45:19.644 [http-nio-8080-exec-10] DEBUG com.filestorage.security.JwtAuthenticationFilter - JWT token validated for user: userid1
2026-01-23 17:45:19.644 [http-nio-8080-exec-10] DEBUG com.filestorage.service.UserDetailsServiceImpl - Loading user details for username: userid1
2026-01-23 17:45:19.644 [http-nio-8080-exec-1] DEBUG com.filestorage.service.UserDetailsServiceImpl - User details loaded successfully for: userid1
2026-01-23 17:45:19.644 [http-nio-8080-exec-10] DEBUG com.filestorage.service.UserDetailsServiceImpl - User details loaded successfully for: userid1
2026-01-23 17:45:19.644 [http-nio-8080-exec-1] DEBUG com.filestorage.security.JwtAuthenticationFilter - User userid1 authenticated successfully via JWT
2026-01-23 17:45:19.644 [http-nio-8080-exec-10] DEBUG com.filestorage.security.JwtAuthenticationFilter - User userid1 authenticated successfully via JWT
2026-01-23 17:45:19.644 [http-nio-8080-exec-10] DEBUG com.filestorage.controller.FolderController - Fetching folders for user: userid1 in parent folder: 1
2026-01-23 17:45:19.644 [http-nio-8080-exec-1] DEBUG com.filestorage.controller.FileController - Fetching files for user: userid1 in folder: 1
2026-01-23 17:45:19.644 [http-nio-8080-exec-10] DEBUG com.filestorage.service.FolderService - Fetching folders for user ID: 1 with parent folder ID: 1
2026-01-23 17:45:19.644 [http-nio-8080-exec-1] DEBUG com.filestorage.service.FileStorageService - Fetching files for user ID: 1 in folder ID: 1
2026-01-23 17:45:19.660 [http-nio-8080-exec-10] DEBUG com.filestorage.service.FolderService - Found 1 folders for user ID: 1
2026-01-23 17:45:19.660 [http-nio-8080-exec-10] DEBUG com.filestorage.controller.FolderController - Retrieved 1 folders for user: userid1
2026-01-23 17:45:19.661 [http-nio-8080-exec-1] DEBUG com.filestorage.service.FileStorageService - Found 2 files for user ID: 1
2026-01-23 17:45:19.662 [http-nio-8080-exec-1] DEBUG com.filestorage.controller.FileController - Retrieved 2 files for user: userid1
2026-01-23 17:45:21.008 [http-nio-8080-exec-6] DEBUG com.filestorage.security.JwtTokenProvider - JWT token validated successfully
2026-01-23 17:45:21.008 [http-nio-8080-exec-4] DEBUG com.filestorage.security.JwtTokenProvider - JWT token validated successfully
2026-01-23 17:45:21.011 [http-nio-8080-exec-6] DEBUG com.filestorage.security.JwtAuthenticationFilter - JWT token validated for user: userid1
2026-01-23 17:45:21.011 [http-nio-8080-exec-4] DEBUG com.filestorage.security.JwtAuthenticationFilter - JWT token validated for user: userid1
2026-01-23 17:45:21.011 [http-nio-8080-exec-6] DEBUG com.filestorage.service.UserDetailsServiceImpl - Loading user details for username: userid1
2026-01-23 17:45:21.011 [http-nio-8080-exec-4] DEBUG com.filestorage.service.UserDetailsServiceImpl - Loading user details for username: userid1
2026-01-23 17:45:21.014 [http-nio-8080-exec-4] DEBUG com.filestorage.service.UserDetailsServiceImpl - User details loaded successfully for: userid1
2026-01-23 17:45:21.014 [http-nio-8080-exec-6] DEBUG com.filestorage.service.UserDetailsServiceImpl - User details loaded successfully for: userid1
2026-01-23 17:45:21.014 [http-nio-8080-exec-4] DEBUG com.filestorage.security.JwtAuthenticationFilter - User userid1 authenticated successfully via JWT
2026-01-23 17:45:21.014 [http-nio-8080-exec-6] DEBUG com.filestorage.security.JwtAuthenticationFilter - User userid1 authenticated successfully via JWT
2026-01-23 17:45:21.015 [http-nio-8080-exec-6] DEBUG com.filestorage.controller.FolderController - Fetching folders for user: userid1 in parent folder: null
2026-01-23 17:45:21.015 [http-nio-8080-exec-4] DEBUG com.filestorage.controller.FileController - Fetching files for user: userid1 in folder: null
2026-01-23 17:45:21.017 [http-nio-8080-exec-6] DEBUG com.filestorage.service.FolderService - Fetching folders for user ID: 1 with parent folder ID: null
2026-01-23 17:45:21.019 [http-nio-8080-exec-4] DEBUG com.filestorage.service.FileStorageService - Fetching files for user ID: 1 in folder ID: null
2026-01-23 17:45:21.021 [http-nio-8080-exec-6] DEBUG com.filestorage.service.FolderService - Found 1 folders for user ID: 1
2026-01-23 17:45:21.021 [http-nio-8080-exec-6] DEBUG com.filestorage.controller.FolderController - Retrieved 1 folders for user: userid1
2026-01-23 17:45:21.022 [http-nio-8080-exec-4] DEBUG com.filestorage.service.FileStorageService - Found 0 files for user ID: 1
2026-01-23 17:45:21.022 [http-nio-8080-exec-4] DEBUG com.filestorage.controller.FileController - Retrieved 0 files for user: userid1
2026-01-23 17:46:53.043 [http-nio-8080-exec-10] DEBUG com.filestorage.security.JwtTokenProvider - JWT token validated successfully
2026-01-23 17:46:53.043 [http-nio-8080-exec-1] DEBUG com.filestorage.security.JwtTokenProvider - JWT token validated successfully
2026-01-23 17:46:53.043 [http-nio-8080-exec-10] DEBUG com.filestorage.security.JwtAuthenticationFilter - JWT token validated for user: userid1
2026-01-23 17:46:53.043 [http-nio-8080-exec-10] DEBUG com.filestorage.service.UserDetailsServiceImpl - Loading user details for username: userid1
2026-01-23 17:46:53.048 [http-nio-8080-exec-1] DEBUG com.filestorage.security.JwtAuthenticationFilter - JWT token validated for user: userid1
2026-01-23 17:46:53.048 [http-nio-8080-exec-1] DEBUG com.filestorage.service.UserDetailsServiceImpl - Loading user details for username: userid1
2026-01-23 17:46:53.051 [http-nio-8080-exec-10] DEBUG com.filestorage.service.UserDetailsServiceImpl - User details loaded successfully for: userid1
2026-01-23 17:46:53.051 [http-nio-8080-exec-10] DEBUG com.filestorage.security.JwtAuthenticationFilter - User userid1 authenticated successfully via JWT
2026-01-23 17:46:53.052 [http-nio-8080-exec-1] DEBUG com.filestorage.service.UserDetailsServiceImpl - User details loaded successfully for: userid1
2026-01-23 17:46:53.052 [http-nio-8080-exec-1] DEBUG com.filestorage.security.JwtAuthenticationFilter - User userid1 authenticated successfully via JWT
2026-01-23 17:46:53.053 [http-nio-8080-exec-10] DEBUG com.filestorage.controller.FileController - Fetching files for user: userid1 in folder: null
2026-01-23 17:46:53.053 [http-nio-8080-exec-1] DEBUG com.filestorage.controller.FolderController - Fetching folders for user: userid1 in parent folder: null
2026-01-23 17:46:53.055 [http-nio-8080-exec-1] DEBUG com.filestorage.service.FolderService - Fetching folders for user ID: 1 with parent folder ID: null
2026-01-23 17:46:53.055 [http-nio-8080-exec-10] DEBUG com.filestorage.service.FileStorageService - Fetching files for user ID: 1 in folder ID: null
2026-01-23 17:46:53.056 [http-nio-8080-exec-10] DEBUG com.filestorage.service.FileStorageService - Found 0 files for user ID: 1
2026-01-23 17:46:53.056 [http-nio-8080-exec-1] DEBUG com.filestorage.service.FolderService - Found 1 folders for user ID: 1
2026-01-23 17:46:53.056 [http-nio-8080-exec-10] DEBUG com.filestorage.controller.FileController - Retrieved 0 files for user: userid1
2026-01-23 17:46:53.057 [http-nio-8080-exec-1] DEBUG com.filestorage.controller.FolderController - Retrieved 1 folders for user: userid1
2026-01-23 17:49:52.090 [http-nio-8080-exec-8] DEBUG com.filestorage.security.JwtTokenProvider - JWT token validated successfully
2026-01-23 17:49:52.091 [http-nio-8080-exec-5] DEBUG com.filestorage.security.JwtTokenProvider - JWT token validated successfully
2026-01-23 17:49:52.092 [http-nio-8080-exec-8] DEBUG com.filestorage.security.JwtAuthenticationFilter - JWT token validated for user: userid1
2026-01-23 17:49:52.092 [http-nio-8080-exec-8] DEBUG com.filestorage.service.UserDetailsServiceImpl - Loading user details for username: userid1
2026-01-23 17:49:52.096 [http-nio-8080-exec-8] DEBUG com.filestorage.service.UserDetailsServiceImpl - User details loaded successfully for: userid1
2026-01-23 17:49:52.096 [http-nio-8080-exec-8] DEBUG com.filestorage.security.JwtAuthenticationFilter - User userid1 authenticated successfully via JWT
2026-01-23 17:49:52.096 [http-nio-8080-exec-8] DEBUG com.filestorage.controller.FileController - Fetching files for user: userid1 in folder: null
2026-01-23 17:49:52.098 [http-nio-8080-exec-5] DEBUG com.filestorage.security.JwtAuthenticationFilter - JWT token validated for user: userid1
2026-01-23 17:49:52.098 [http-nio-8080-exec-5] DEBUG com.filestorage.service.UserDetailsServiceImpl - Loading user details for username: userid1
2026-01-23 17:49:52.100 [http-nio-8080-exec-5] DEBUG com.filestorage.service.UserDetailsServiceImpl - User details loaded successfully for: userid1
2026-01-23 17:49:52.100 [http-nio-8080-exec-8] DEBUG com.filestorage.service.FileStorageService - Fetching files for user ID: 1 in folder ID: null
2026-01-23 17:49:52.100 [http-nio-8080-exec-5] DEBUG com.filestorage.security.JwtAuthenticationFilter - User userid1 authenticated successfully via JWT
2026-01-23 17:49:52.100 [http-nio-8080-exec-5] DEBUG com.filestorage.controller.FolderController - Fetching folders for user: userid1 in parent folder: null
2026-01-23 17:49:52.104 [http-nio-8080-exec-5] DEBUG com.filestorage.service.FolderService - Fetching folders for user ID: 1 with parent folder ID: null
2026-01-23 17:49:52.107 [http-nio-8080-exec-8] DEBUG com.filestorage.service.FileStorageService - Found 0 files for user ID: 1
2026-01-23 17:49:52.108 [http-nio-8080-exec-8] DEBUG com.filestorage.controller.FileController - Retrieved 0 files for user: userid1
2026-01-23 17:49:52.108 [http-nio-8080-exec-5] DEBUG com.filestorage.service.FolderService - Found 1 folders for user ID: 1
2026-01-23 17:49:52.108 [http-nio-8080-exec-5] DEBUG com.filestorage.controller.FolderController - Retrieved 1 folders for user: userid1
2026-01-23 17:50:39.734 [http-nio-8080-exec-1] DEBUG com.filestorage.security.JwtTokenProvider - JWT token validated successfully
2026-01-23 17:50:39.738 [http-nio-8080-exec-1] DEBUG com.filestorage.security.JwtAuthenticationFilter - JWT token validated for user: userid1
2026-01-23 17:50:39.739 [http-nio-8080-exec-1] DEBUG com.filestorage.service.UserDetailsServiceImpl - Loading user details for username: userid1
2026-01-23 17:50:39.744 [http-nio-8080-exec-1] DEBUG com.filestorage.service.UserDetailsServiceImpl - User details loaded successfully for: userid1
2026-01-23 17:50:39.744 [http-nio-8080-exec-1] DEBUG com.filestorage.security.JwtAuthenticationFilter - User userid1 authenticated successfully via JWT
2026-01-23 17:50:39.744 [http-nio-8080-exec-1] DEBUG com.filestorage.controller.FolderController - Fetching folders for user: userid1 in parent folder: null
2026-01-23 17:50:39.744 [http-nio-8080-exec-1] DEBUG com.filestorage.service.FolderService - Fetching folders for user ID: 1 with parent folder ID: null
2026-01-23 17:50:39.744 [http-nio-8080-exec-1] DEBUG com.filestorage.service.FolderService - Found 1 folders for user ID: 1
2026-01-23 17:50:39.744 [http-nio-8080-exec-10] DEBUG com.filestorage.security.JwtTokenProvider - JWT token validated successfully
2026-01-23 17:50:39.753 [http-nio-8080-exec-1] DEBUG com.filestorage.controller.FolderController - Retrieved 1 folders for user: userid1
2026-01-23 17:50:39.758 [http-nio-8080-exec-10] DEBUG com.filestorage.security.JwtAuthenticationFilter - JWT token validated for user: userid1
2026-01-23 17:50:39.758 [http-nio-8080-exec-10] DEBUG com.filestorage.service.UserDetailsServiceImpl - Loading user details for username: userid1
2026-01-23 17:50:39.761 [http-nio-8080-exec-10] DEBUG com.filestorage.service.UserDetailsServiceImpl - User details loaded successfully for: userid1
2026-01-23 17:50:39.761 [http-nio-8080-exec-10] DEBUG com.filestorage.security.JwtAuthenticationFilter - User userid1 authenticated successfully via JWT
2026-01-23 17:50:39.762 [http-nio-8080-exec-10] DEBUG com.filestorage.controller.FileController - Fetching files for user: userid1 in folder: null
2026-01-23 17:50:39.765 [http-nio-8080-exec-10] DEBUG com.filestorage.service.FileStorageService - Fetching files for user ID: 1 in folder ID: null
2026-01-23 17:50:39.767 [http-nio-8080-exec-10] DEBUG com.filestorage.service.FileStorageService - Found 0 files for user ID: 1
2026-01-23 17:50:39.767 [http-nio-8080-exec-10] DEBUG com.filestorage.controller.FileController - Retrieved 0 files for user: userid1
2026-01-23 17:50:47.639 [http-nio-8080-exec-6] DEBUG com.filestorage.security.JwtTokenProvider - JWT token validated successfully
2026-01-23 17:50:47.639 [http-nio-8080-exec-4] DEBUG com.filestorage.security.JwtTokenProvider - JWT token validated successfully
2026-01-23 17:50:47.639 [http-nio-8080-exec-6] DEBUG com.filestorage.security.JwtAuthenticationFilter - JWT token validated for user: userid1
2026-01-23 17:50:47.646 [http-nio-8080-exec-6] DEBUG com.filestorage.service.UserDetailsServiceImpl - Loading user details for username: userid1
2026-01-23 17:50:47.649 [http-nio-8080-exec-6] DEBUG com.filestorage.service.UserDetailsServiceImpl - User details loaded successfully for: userid1
2026-01-23 17:50:47.649 [http-nio-8080-exec-6] DEBUG com.filestorage.security.JwtAuthenticationFilter - User userid1 authenticated successfully via JWT
2026-01-23 17:50:47.650 [http-nio-8080-exec-4] DEBUG com.filestorage.security.JwtAuthenticationFilter - JWT token validated for user: userid1
2026-01-23 17:50:47.650 [http-nio-8080-exec-4] DEBUG com.filestorage.service.UserDetailsServiceImpl - Loading user details for username: userid1
2026-01-23 17:50:47.650 [http-nio-8080-exec-6] DEBUG com.filestorage.controller.FolderController - Fetching folders for user: userid1 in parent folder: 1
2026-01-23 17:50:47.650 [http-nio-8080-exec-6] DEBUG com.filestorage.service.FolderService - Fetching folders for user ID: 1 with parent folder ID: 1
2026-01-23 17:50:47.650 [http-nio-8080-exec-4] DEBUG com.filestorage.service.UserDetailsServiceImpl - User details loaded successfully for: userid1
2026-01-23 17:50:47.650 [http-nio-8080-exec-4] DEBUG com.filestorage.security.JwtAuthenticationFilter - User userid1 authenticated successfully via JWT
2026-01-23 17:50:47.650 [http-nio-8080-exec-4] DEBUG com.filestorage.controller.FileController - Fetching files for user: userid1 in folder: 1
2026-01-23 17:50:47.650 [http-nio-8080-exec-4] DEBUG com.filestorage.service.FileStorageService - Fetching files for user ID: 1 in folder ID: 1
2026-01-23 17:50:47.650 [http-nio-8080-exec-6] DEBUG com.filestorage.service.FolderService - Found 1 folders for user ID: 1
2026-01-23 17:50:47.650 [http-nio-8080-exec-6] DEBUG com.filestorage.controller.FolderController - Retrieved 1 folders for user: userid1
2026-01-23 17:50:47.658 [http-nio-8080-exec-4] DEBUG com.filestorage.service.FileStorageService - Found 2 files for user ID: 1
2026-01-23 17:50:47.658 [http-nio-8080-exec-4] DEBUG com.filestorage.controller.FileController - Retrieved 2 files for user: userid1
2026-01-23 17:52:16.609 [http-nio-8080-exec-7] DEBUG com.filestorage.security.JwtTokenProvider - JWT token validated successfully
2026-01-23 17:52:16.609 [http-nio-8080-exec-7] DEBUG com.filestorage.security.JwtAuthenticationFilter - JWT token validated for user: userid1
2026-01-23 17:52:16.609 [http-nio-8080-exec-7] DEBUG com.filestorage.service.UserDetailsServiceImpl - Loading user details for username: userid1
2026-01-23 17:52:16.609 [http-nio-8080-exec-7] DEBUG com.filestorage.service.UserDetailsServiceImpl - User details loaded successfully for: userid1
2026-01-23 17:52:16.609 [http-nio-8080-exec-7] DEBUG com.filestorage.security.JwtAuthenticationFilter - User userid1 authenticated successfully via JWT
2026-01-23 17:52:16.609 [http-nio-8080-exec-7] INFO  com.filestorage.controller.FileController - File download requested: ID 7 by user: userid1
2026-01-23 17:52:16.618 [http-nio-8080-exec-7] DEBUG com.filestorage.service.FileStorageService - Loading file as resource: ID 7 for user ID: 1
2026-01-23 17:52:16.620 [http-nio-8080-exec-7] DEBUG com.filestorage.service.FileStorageService - Resource loaded successfully: PXL_20250525_155859501.jpg
2026-01-23 17:52:16.620 [http-nio-8080-exec-7] INFO  com.filestorage.controller.FileController - File downloaded successfully: 258946ff-2f07-488b-84b4-73fda9c576ea_PXL_20250525_155859501.jpg
2026-01-23 17:52:41.506 [http-nio-8080-exec-3] DEBUG com.filestorage.security.JwtTokenProvider - JWT token validated successfully
2026-01-23 17:52:41.506 [http-nio-8080-exec-2] DEBUG com.filestorage.security.JwtTokenProvider - JWT token validated successfully
2026-01-23 17:52:41.509 [http-nio-8080-exec-3] DEBUG com.filestorage.security.JwtAuthenticationFilter - JWT token validated for user: userid1
2026-01-23 17:52:41.509 [http-nio-8080-exec-3] DEBUG com.filestorage.service.UserDetailsServiceImpl - Loading user details for username: userid1
2026-01-23 17:52:41.512 [http-nio-8080-exec-3] DEBUG com.filestorage.service.UserDetailsServiceImpl - User details loaded successfully for: userid1
2026-01-23 17:52:41.513 [http-nio-8080-exec-3] DEBUG com.filestorage.security.JwtAuthenticationFilter - User userid1 authenticated successfully via JWT
2026-01-23 17:52:41.516 [http-nio-8080-exec-3] DEBUG com.filestorage.controller.FileController - Fetching files for user: userid1 in folder: null
2026-01-23 17:52:41.516 [http-nio-8080-exec-2] DEBUG com.filestorage.security.JwtAuthenticationFilter - JWT token validated for user: userid1
2026-01-23 17:52:41.516 [http-nio-8080-exec-2] DEBUG com.filestorage.service.UserDetailsServiceImpl - Loading user details for username: userid1
2026-01-23 17:52:41.518 [http-nio-8080-exec-3] DEBUG com.filestorage.service.FileStorageService - Fetching files for user ID: 1 in folder ID: null
2026-01-23 17:52:41.519 [http-nio-8080-exec-3] DEBUG com.filestorage.service.FileStorageService - Found 0 files for user ID: 1
2026-01-23 17:52:41.520 [http-nio-8080-exec-3] DEBUG com.filestorage.controller.FileController - Retrieved 0 files for user: userid1
2026-01-23 17:52:41.518 [http-nio-8080-exec-2] DEBUG com.filestorage.service.UserDetailsServiceImpl - User details loaded successfully for: userid1
2026-01-23 17:52:41.522 [http-nio-8080-exec-2] DEBUG com.filestorage.security.JwtAuthenticationFilter - User userid1 authenticated successfully via JWT
2026-01-23 17:52:41.523 [http-nio-8080-exec-2] DEBUG com.filestorage.controller.FolderController - Fetching folders for user: userid1 in parent folder: null
2026-01-23 17:52:41.526 [http-nio-8080-exec-2] DEBUG com.filestorage.service.FolderService - Fetching folders for user ID: 1 with parent folder ID: null
2026-01-23 17:52:41.531 [http-nio-8080-exec-2] DEBUG com.filestorage.service.FolderService - Found 1 folders for user ID: 1
2026-01-23 17:52:41.531 [http-nio-8080-exec-2] DEBUG com.filestorage.controller.FolderController - Retrieved 1 folders for user: userid1
2026-01-23 17:58:01.009 [http-nio-8080-exec-5] DEBUG com.filestorage.security.JwtTokenProvider - JWT token validated successfully
2026-01-23 17:58:01.009 [http-nio-8080-exec-9] DEBUG com.filestorage.security.JwtTokenProvider - JWT token validated successfully
2026-01-23 17:58:01.009 [http-nio-8080-exec-5] DEBUG com.filestorage.security.JwtAuthenticationFilter - JWT token validated for user: userid1
2026-01-23 17:58:01.009 [http-nio-8080-exec-5] DEBUG com.filestorage.service.UserDetailsServiceImpl - Loading user details for username: userid1
2026-01-23 17:58:01.009 [http-nio-8080-exec-9] DEBUG com.filestorage.security.JwtAuthenticationFilter - JWT token validated for user: userid1
2026-01-23 17:58:01.017 [http-nio-8080-exec-9] DEBUG com.filestorage.service.UserDetailsServiceImpl - Loading user details for username: userid1
2026-01-23 17:58:01.017 [http-nio-8080-exec-5] DEBUG com.filestorage.service.UserDetailsServiceImpl - User details loaded successfully for: userid1
2026-01-23 17:58:01.018 [http-nio-8080-exec-5] DEBUG com.filestorage.security.JwtAuthenticationFilter - User userid1 authenticated successfully via JWT
2026-01-23 17:58:01.020 [http-nio-8080-exec-5] DEBUG com.filestorage.controller.FolderController - Fetching folders for user: userid1 in parent folder: null
2026-01-23 17:58:01.024 [http-nio-8080-exec-5] DEBUG com.filestorage.service.FolderService - Fetching folders for user ID: 1 with parent folder ID: null
2026-01-23 17:58:01.026 [http-nio-8080-exec-5] DEBUG com.filestorage.service.FolderService - Found 1 folders for user ID: 1
2026-01-23 17:58:01.026 [http-nio-8080-exec-5] DEBUG com.filestorage.controller.FolderController - Retrieved 1 folders for user: userid1
2026-01-23 17:58:01.024 [http-nio-8080-exec-9] DEBUG com.filestorage.service.UserDetailsServiceImpl - User details loaded successfully for: userid1
2026-01-23 17:58:01.027 [http-nio-8080-exec-9] DEBUG com.filestorage.security.JwtAuthenticationFilter - User userid1 authenticated successfully via JWT
2026-01-23 17:58:01.029 [http-nio-8080-exec-9] DEBUG com.filestorage.controller.FileController - Fetching files for user: userid1 in folder: null
2026-01-23 17:58:01.032 [http-nio-8080-exec-9] DEBUG com.filestorage.service.FileStorageService - Fetching files for user ID: 1 in folder ID: null
2026-01-23 17:58:01.035 [http-nio-8080-exec-9] DEBUG com.filestorage.service.FileStorageService - Found 0 files for user ID: 1
2026-01-23 17:58:01.035 [http-nio-8080-exec-9] DEBUG com.filestorage.controller.FileController - Retrieved 0 files for user: userid1
2026-01-23 17:58:19.513 [http-nio-8080-exec-3] DEBUG com.filestorage.security.JwtTokenProvider - JWT token validated successfully
2026-01-23 17:58:19.514 [http-nio-8080-exec-2] DEBUG com.filestorage.security.JwtTokenProvider - JWT token validated successfully
2026-01-23 17:58:19.516 [http-nio-8080-exec-3] DEBUG com.filestorage.security.JwtAuthenticationFilter - JWT token validated for user: userid1
2026-01-23 17:58:19.516 [http-nio-8080-exec-3] DEBUG com.filestorage.service.UserDetailsServiceImpl - Loading user details for username: userid1
2026-01-23 17:58:19.519 [http-nio-8080-exec-2] DEBUG com.filestorage.security.JwtAuthenticationFilter - JWT token validated for user: userid1
2026-01-23 17:58:19.519 [http-nio-8080-exec-2] DEBUG com.filestorage.service.UserDetailsServiceImpl - Loading user details for username: userid1
2026-01-23 17:58:19.520 [http-nio-8080-exec-3] DEBUG com.filestorage.service.UserDetailsServiceImpl - User details loaded successfully for: userid1
2026-01-23 17:58:19.520 [http-nio-8080-exec-3] DEBUG com.filestorage.security.JwtAuthenticationFilter - User userid1 authenticated successfully via JWT
2026-01-23 17:58:19.521 [http-nio-8080-exec-3] DEBUG com.filestorage.controller.FileController - Fetching files for user: userid1 in folder: null
2026-01-23 17:58:19.522 [http-nio-8080-exec-2] DEBUG com.filestorage.service.UserDetailsServiceImpl - User details loaded successfully for: userid1
2026-01-23 17:58:19.522 [http-nio-8080-exec-2] DEBUG com.filestorage.security.JwtAuthenticationFilter - User userid1 authenticated successfully via JWT
2026-01-23 17:58:19.523 [http-nio-8080-exec-2] DEBUG com.filestorage.controller.FolderController - Fetching folders for user: userid1 in parent folder: null
2026-01-23 17:58:19.524 [http-nio-8080-exec-3] DEBUG com.filestorage.service.FileStorageService - Fetching files for user ID: 1 in folder ID: null
2026-01-23 17:58:19.529 [http-nio-8080-exec-3] DEBUG com.filestorage.service.FileStorageService - Found 0 files for user ID: 1
2026-01-23 17:58:19.529 [http-nio-8080-exec-3] DEBUG com.filestorage.controller.FileController - Retrieved 0 files for user: userid1
2026-01-23 17:58:19.529 [http-nio-8080-exec-2] DEBUG com.filestorage.service.FolderService - Fetching folders for user ID: 1 with parent folder ID: null
2026-01-23 17:58:19.533 [http-nio-8080-exec-2] DEBUG com.filestorage.service.FolderService - Found 1 folders for user ID: 1
2026-01-23 17:58:19.534 [http-nio-8080-exec-2] DEBUG com.filestorage.controller.FolderController - Retrieved 1 folders for user: userid1
2026-01-23 17:59:42.707 [http-nio-8080-exec-5] DEBUG com.filestorage.security.JwtTokenProvider - JWT token validated successfully
2026-01-23 17:59:42.708 [http-nio-8080-exec-9] DEBUG com.filestorage.security.JwtTokenProvider - JWT token validated successfully
2026-01-23 17:59:42.709 [http-nio-8080-exec-5] DEBUG com.filestorage.security.JwtAuthenticationFilter - JWT token validated for user: userid1
2026-01-23 17:59:42.709 [http-nio-8080-exec-5] DEBUG com.filestorage.service.UserDetailsServiceImpl - Loading user details for username: userid1
2026-01-23 17:59:42.709 [http-nio-8080-exec-9] DEBUG com.filestorage.security.JwtAuthenticationFilter - JWT token validated for user: userid1
2026-01-23 17:59:42.709 [http-nio-8080-exec-9] DEBUG com.filestorage.service.UserDetailsServiceImpl - Loading user details for username: userid1
2026-01-23 17:59:42.712 [http-nio-8080-exec-5] DEBUG com.filestorage.service.UserDetailsServiceImpl - User details loaded successfully for: userid1
2026-01-23 17:59:42.712 [http-nio-8080-exec-9] DEBUG com.filestorage.service.UserDetailsServiceImpl - User details loaded successfully for: userid1
2026-01-23 17:59:42.713 [http-nio-8080-exec-5] DEBUG com.filestorage.security.JwtAuthenticationFilter - User userid1 authenticated successfully via JWT
2026-01-23 17:59:42.713 [http-nio-8080-exec-9] DEBUG com.filestorage.security.JwtAuthenticationFilter - User userid1 authenticated successfully via JWT
2026-01-23 17:59:42.713 [http-nio-8080-exec-5] DEBUG com.filestorage.controller.FolderController - Fetching folders for user: userid1 in parent folder: null
2026-01-23 17:59:42.714 [http-nio-8080-exec-9] DEBUG com.filestorage.controller.FileController - Fetching files for user: userid1 in folder: null
2026-01-23 17:59:42.715 [http-nio-8080-exec-9] DEBUG com.filestorage.service.FileStorageService - Fetching files for user ID: 1 in folder ID: null
2026-01-23 17:59:42.715 [http-nio-8080-exec-5] DEBUG com.filestorage.service.FolderService - Fetching folders for user ID: 1 with parent folder ID: null
2026-01-23 17:59:42.717 [http-nio-8080-exec-9] DEBUG com.filestorage.service.FileStorageService - Found 0 files for user ID: 1
2026-01-23 17:59:42.718 [http-nio-8080-exec-9] DEBUG com.filestorage.controller.FileController - Retrieved 0 files for user: userid1
2026-01-23 17:59:42.718 [http-nio-8080-exec-5] DEBUG com.filestorage.service.FolderService - Found 1 folders for user ID: 1
2026-01-23 17:59:42.718 [http-nio-8080-exec-5] DEBUG com.filestorage.controller.FolderController - Retrieved 1 folders for user: userid1
2026-01-23 18:00:32.468 [http-nio-8080-exec-2] DEBUG com.filestorage.security.JwtTokenProvider - JWT token validated successfully
2026-01-23 18:00:32.468 [http-nio-8080-exec-3] DEBUG com.filestorage.security.JwtTokenProvider - JWT token validated successfully
2026-01-23 18:00:32.468 [http-nio-8080-exec-2] DEBUG com.filestorage.security.JwtAuthenticationFilter - JWT token validated for user: userid1
2026-01-23 18:00:32.468 [http-nio-8080-exec-2] DEBUG com.filestorage.service.UserDetailsServiceImpl - Loading user details for username: userid1
2026-01-23 18:00:32.468 [http-nio-8080-exec-3] DEBUG com.filestorage.security.JwtAuthenticationFilter - JWT token validated for user: userid1
2026-01-23 18:00:32.468 [http-nio-8080-exec-3] DEBUG com.filestorage.service.UserDetailsServiceImpl - Loading user details for username: userid1
2026-01-23 18:00:32.477 [http-nio-8080-exec-3] DEBUG com.filestorage.service.UserDetailsServiceImpl - User details loaded successfully for: userid1
2026-01-23 18:00:32.477 [http-nio-8080-exec-2] DEBUG com.filestorage.service.UserDetailsServiceImpl - User details loaded successfully for: userid1
2026-01-23 18:00:32.478 [http-nio-8080-exec-3] DEBUG com.filestorage.security.JwtAuthenticationFilter - User userid1 authenticated successfully via JWT
2026-01-23 18:00:32.478 [http-nio-8080-exec-2] DEBUG com.filestorage.security.JwtAuthenticationFilter - User userid1 authenticated successfully via JWT
2026-01-23 18:00:32.478 [http-nio-8080-exec-3] DEBUG com.filestorage.controller.FolderController - Fetching folders for user: userid1 in parent folder: 1
2026-01-23 18:00:32.478 [http-nio-8080-exec-2] DEBUG com.filestorage.controller.FileController - Fetching files for user: userid1 in folder: 1
2026-01-23 18:00:32.479 [http-nio-8080-exec-3] DEBUG com.filestorage.service.FolderService - Fetching folders for user ID: 1 with parent folder ID: 1
2026-01-23 18:00:32.479 [http-nio-8080-exec-2] DEBUG com.filestorage.service.FileStorageService - Fetching files for user ID: 1 in folder ID: 1
2026-01-23 18:00:32.484 [http-nio-8080-exec-2] DEBUG com.filestorage.service.FileStorageService - Found 2 files for user ID: 1
2026-01-23 18:00:32.484 [http-nio-8080-exec-3] DEBUG com.filestorage.service.FolderService - Found 1 folders for user ID: 1
2026-01-23 18:00:32.484 [http-nio-8080-exec-2] DEBUG com.filestorage.controller.FileController - Retrieved 2 files for user: userid1
2026-01-23 18:00:32.484 [http-nio-8080-exec-3] DEBUG com.filestorage.controller.FolderController - Retrieved 1 folders for user: userid1
2026-01-23 18:00:53.303 [http-nio-8080-exec-8] DEBUG com.filestorage.security.JwtTokenProvider - JWT token validated successfully
2026-01-23 18:00:53.305 [http-nio-8080-exec-8] DEBUG com.filestorage.security.JwtAuthenticationFilter - JWT token validated for user: userid1
2026-01-23 18:00:53.305 [http-nio-8080-exec-8] DEBUG com.filestorage.service.UserDetailsServiceImpl - Loading user details for username: userid1
2026-01-23 18:00:53.307 [http-nio-8080-exec-8] DEBUG com.filestorage.service.UserDetailsServiceImpl - User details loaded successfully for: userid1
2026-01-23 18:00:53.307 [http-nio-8080-exec-8] DEBUG com.filestorage.security.JwtAuthenticationFilter - User userid1 authenticated successfully via JWT
2026-01-23 18:00:53.308 [http-nio-8080-exec-8] DEBUG com.filestorage.controller.FolderController - Fetching folders for user: userid1 in parent folder: null
2026-01-23 18:00:53.311 [http-nio-8080-exec-8] DEBUG com.filestorage.service.FolderService - Fetching folders for user ID: 1 with parent folder ID: null
2026-01-23 18:00:53.311 [http-nio-8080-exec-7] DEBUG com.filestorage.security.JwtTokenProvider - JWT token validated successfully
2026-01-23 18:00:53.315 [http-nio-8080-exec-8] DEBUG com.filestorage.service.FolderService - Found 1 folders for user ID: 1
2026-01-23 18:00:53.315 [http-nio-8080-exec-8] DEBUG com.filestorage.controller.FolderController - Retrieved 1 folders for user: userid1
2026-01-23 18:00:53.315 [http-nio-8080-exec-7] DEBUG com.filestorage.security.JwtAuthenticationFilter - JWT token validated for user: userid1
2026-01-23 18:00:53.315 [http-nio-8080-exec-7] DEBUG com.filestorage.service.UserDetailsServiceImpl - Loading user details for username: userid1
2026-01-23 18:00:53.320 [http-nio-8080-exec-7] DEBUG com.filestorage.service.UserDetailsServiceImpl - User details loaded successfully for: userid1
2026-01-23 18:00:53.320 [http-nio-8080-exec-7] DEBUG com.filestorage.security.JwtAuthenticationFilter - User userid1 authenticated successfully via JWT
2026-01-23 18:00:53.321 [http-nio-8080-exec-7] DEBUG com.filestorage.controller.FileController - Fetching files for user: userid1 in folder: null
2026-01-23 18:00:53.323 [http-nio-8080-exec-7] DEBUG com.filestorage.service.FileStorageService - Fetching files for user ID: 1 in folder ID: null
2026-01-23 18:00:53.325 [http-nio-8080-exec-7] DEBUG com.filestorage.service.FileStorageService - Found 0 files for user ID: 1
2026-01-23 18:00:53.325 [http-nio-8080-exec-7] DEBUG com.filestorage.controller.FileController - Retrieved 0 files for user: userid1
2026-01-23 18:01:48.578 [http-nio-8080-exec-10] DEBUG com.filestorage.security.JwtTokenProvider - JWT token validated successfully
2026-01-23 18:01:48.582 [http-nio-8080-exec-10] DEBUG com.filestorage.security.JwtAuthenticationFilter - JWT token validated for user: userid1
2026-01-23 18:01:48.582 [http-nio-8080-exec-10] DEBUG com.filestorage.service.UserDetailsServiceImpl - Loading user details for username: userid1
2026-01-23 18:01:48.586 [http-nio-8080-exec-10] DEBUG com.filestorage.service.UserDetailsServiceImpl - User details loaded successfully for: userid1
2026-01-23 18:01:48.586 [http-nio-8080-exec-10] DEBUG com.filestorage.security.JwtAuthenticationFilter - User userid1 authenticated successfully via JWT
2026-01-23 18:01:48.587 [http-nio-8080-exec-10] DEBUG com.filestorage.controller.FileController - Fetching files for user: userid1 in folder: null
2026-01-23 18:01:48.588 [http-nio-8080-exec-1] DEBUG com.filestorage.security.JwtTokenProvider - JWT token validated successfully
2026-01-23 18:01:48.590 [http-nio-8080-exec-10] DEBUG com.filestorage.service.FileStorageService - Fetching files for user ID: 1 in folder ID: null
2026-01-23 18:01:48.590 [http-nio-8080-exec-1] DEBUG com.filestorage.security.JwtAuthenticationFilter - JWT token validated for user: userid1
2026-01-23 18:01:48.590 [http-nio-8080-exec-1] DEBUG com.filestorage.service.UserDetailsServiceImpl - Loading user details for username: userid1
2026-01-23 18:01:48.592 [http-nio-8080-exec-10] DEBUG com.filestorage.service.FileStorageService - Found 0 files for user ID: 1
2026-01-23 18:01:48.592 [http-nio-8080-exec-10] DEBUG com.filestorage.controller.FileController - Retrieved 0 files for user: userid1
2026-01-23 18:01:48.594 [http-nio-8080-exec-1] DEBUG com.filestorage.service.UserDetailsServiceImpl - User details loaded successfully for: userid1
2026-01-23 18:01:48.595 [http-nio-8080-exec-1] DEBUG com.filestorage.security.JwtAuthenticationFilter - User userid1 authenticated successfully via JWT
2026-01-23 18:01:48.596 [http-nio-8080-exec-1] DEBUG com.filestorage.controller.FolderController - Fetching folders for user: userid1 in parent folder: null
2026-01-23 18:01:48.599 [http-nio-8080-exec-1] DEBUG com.filestorage.service.FolderService - Fetching folders for user ID: 1 with parent folder ID: null
2026-01-23 18:01:48.603 [http-nio-8080-exec-1] DEBUG com.filestorage.service.FolderService - Found 1 folders for user ID: 1
2026-01-23 18:01:48.604 [http-nio-8080-exec-1] DEBUG com.filestorage.controller.FolderController - Retrieved 1 folders for user: userid1
2026-01-23 18:02:12.188 [http-nio-8080-exec-6] DEBUG com.filestorage.security.JwtTokenProvider - JWT token validated successfully
2026-01-23 18:02:12.188 [http-nio-8080-exec-4] DEBUG com.filestorage.security.JwtTokenProvider - JWT token validated successfully
2026-01-23 18:02:12.188 [http-nio-8080-exec-4] DEBUG com.filestorage.security.JwtAuthenticationFilter - JWT token validated for user: userid1
2026-01-23 18:02:12.188 [http-nio-8080-exec-6] DEBUG com.filestorage.security.JwtAuthenticationFilter - JWT token validated for user: userid1
2026-01-23 18:02:12.188 [http-nio-8080-exec-4] DEBUG com.filestorage.service.UserDetailsServiceImpl - Loading user details for username: userid1
2026-01-23 18:02:12.188 [http-nio-8080-exec-6] DEBUG com.filestorage.service.UserDetailsServiceImpl - Loading user details for username: userid1
2026-01-23 18:02:12.188 [http-nio-8080-exec-6] DEBUG com.filestorage.service.UserDetailsServiceImpl - User details loaded successfully for: userid1
2026-01-23 18:02:12.188 [http-nio-8080-exec-4] DEBUG com.filestorage.service.UserDetailsServiceImpl - User details loaded successfully for: userid1
2026-01-23 18:02:12.188 [http-nio-8080-exec-6] DEBUG com.filestorage.security.JwtAuthenticationFilter - User userid1 authenticated successfully via JWT
2026-01-23 18:02:12.188 [http-nio-8080-exec-4] DEBUG com.filestorage.security.JwtAuthenticationFilter - User userid1 authenticated successfully via JWT
2026-01-23 18:02:12.195 [http-nio-8080-exec-6] DEBUG com.filestorage.controller.FolderController - Fetching folders for user: userid1 in parent folder: 1
2026-01-23 18:02:12.196 [http-nio-8080-exec-4] DEBUG com.filestorage.controller.FileController - Fetching files for user: userid1 in folder: 1
2026-01-23 18:02:12.198 [http-nio-8080-exec-4] DEBUG com.filestorage.service.FileStorageService - Fetching files for user ID: 1 in folder ID: 1
2026-01-23 18:02:12.198 [http-nio-8080-exec-6] DEBUG com.filestorage.service.FolderService - Fetching folders for user ID: 1 with parent folder ID: 1
2026-01-23 18:02:12.202 [http-nio-8080-exec-6] DEBUG com.filestorage.service.FolderService - Found 1 folders for user ID: 1
2026-01-23 18:02:12.202 [http-nio-8080-exec-4] DEBUG com.filestorage.service.FileStorageService - Found 2 files for user ID: 1
2026-01-23 18:02:12.202 [http-nio-8080-exec-6] DEBUG com.filestorage.controller.FolderController - Retrieved 1 folders for user: userid1
2026-01-23 18:02:12.202 [http-nio-8080-exec-4] DEBUG com.filestorage.controller.FileController - Retrieved 2 files for user: userid1
2026-01-23 18:08:48.358 [http-nio-8080-exec-1] DEBUG com.filestorage.security.JwtTokenProvider - JWT token validated successfully
2026-01-23 18:08:48.358 [http-nio-8080-exec-10] DEBUG com.filestorage.security.JwtTokenProvider - JWT token validated successfully
2026-01-23 18:08:48.361 [http-nio-8080-exec-10] DEBUG com.filestorage.security.JwtAuthenticationFilter - JWT token validated for user: userid1
2026-01-23 18:08:48.361 [http-nio-8080-exec-10] DEBUG com.filestorage.service.UserDetailsServiceImpl - Loading user details for username: userid1
2026-01-23 18:08:48.361 [http-nio-8080-exec-1] DEBUG com.filestorage.security.JwtAuthenticationFilter - JWT token validated for user: userid1
2026-01-23 18:08:48.361 [http-nio-8080-exec-1] DEBUG com.filestorage.service.UserDetailsServiceImpl - Loading user details for username: userid1
2026-01-23 18:08:48.366 [http-nio-8080-exec-1] DEBUG com.filestorage.service.UserDetailsServiceImpl - User details loaded successfully for: userid1
2026-01-23 18:08:48.366 [http-nio-8080-exec-10] DEBUG com.filestorage.service.UserDetailsServiceImpl - User details loaded successfully for: userid1
2026-01-23 18:08:48.366 [http-nio-8080-exec-1] DEBUG com.filestorage.security.JwtAuthenticationFilter - User userid1 authenticated successfully via JWT
2026-01-23 18:08:48.367 [http-nio-8080-exec-10] DEBUG com.filestorage.security.JwtAuthenticationFilter - User userid1 authenticated successfully via JWT
2026-01-23 18:08:48.369 [http-nio-8080-exec-1] DEBUG com.filestorage.controller.FileController - Fetching files for user: userid1 in folder: null
2026-01-23 18:08:48.369 [http-nio-8080-exec-10] DEBUG com.filestorage.controller.FolderController - Fetching folders for user: userid1 in parent folder: null
2026-01-23 18:08:48.371 [http-nio-8080-exec-10] DEBUG com.filestorage.service.FolderService - Fetching folders for user ID: 1 with parent folder ID: null
2026-01-23 18:08:48.371 [http-nio-8080-exec-1] DEBUG com.filestorage.service.FileStorageService - Fetching files for user ID: 1 in folder ID: null
2026-01-23 18:08:48.373 [http-nio-8080-exec-1] DEBUG com.filestorage.service.FileStorageService - Found 0 files for user ID: 1
2026-01-23 18:08:48.374 [http-nio-8080-exec-1] DEBUG com.filestorage.controller.FileController - Retrieved 0 files for user: userid1
2026-01-23 18:08:48.374 [http-nio-8080-exec-10] DEBUG com.filestorage.service.FolderService - Found 1 folders for user ID: 1
2026-01-23 18:08:48.374 [http-nio-8080-exec-10] DEBUG com.filestorage.controller.FolderController - Retrieved 1 folders for user: userid1
2026-01-23 18:08:57.208 [http-nio-8080-exec-2] DEBUG com.filestorage.security.JwtTokenProvider - JWT token validated successfully
2026-01-23 18:08:57.211 [http-nio-8080-exec-2] DEBUG com.filestorage.security.JwtAuthenticationFilter - JWT token validated for user: userid1
2026-01-23 18:08:57.212 [http-nio-8080-exec-2] DEBUG com.filestorage.service.UserDetailsServiceImpl - Loading user details for username: userid1
2026-01-23 18:08:57.217 [http-nio-8080-exec-3] DEBUG com.filestorage.security.JwtTokenProvider - JWT token validated successfully
2026-01-23 18:08:57.219 [http-nio-8080-exec-2] DEBUG com.filestorage.service.UserDetailsServiceImpl - User details loaded successfully for: userid1
2026-01-23 18:08:57.219 [http-nio-8080-exec-2] DEBUG com.filestorage.security.JwtAuthenticationFilter - User userid1 authenticated successfully via JWT
2026-01-23 18:08:57.220 [http-nio-8080-exec-2] DEBUG com.filestorage.controller.FolderController - Fetching folders for user: userid1 in parent folder: 1
2026-01-23 18:08:57.223 [http-nio-8080-exec-2] DEBUG com.filestorage.service.FolderService - Fetching folders for user ID: 1 with parent folder ID: 1
2026-01-23 18:08:57.219 [http-nio-8080-exec-3] DEBUG com.filestorage.security.JwtAuthenticationFilter - JWT token validated for user: userid1
2026-01-23 18:08:57.224 [http-nio-8080-exec-3] DEBUG com.filestorage.service.UserDetailsServiceImpl - Loading user details for username: userid1
2026-01-23 18:08:57.227 [http-nio-8080-exec-3] DEBUG com.filestorage.service.UserDetailsServiceImpl - User details loaded successfully for: userid1
2026-01-23 18:08:57.227 [http-nio-8080-exec-3] DEBUG com.filestorage.security.JwtAuthenticationFilter - User userid1 authenticated successfully via JWT
2026-01-23 18:08:57.228 [http-nio-8080-exec-3] DEBUG com.filestorage.controller.FileController - Fetching files for user: userid1 in folder: 1
2026-01-23 18:08:57.229 [http-nio-8080-exec-2] DEBUG com.filestorage.service.FolderService - Found 1 folders for user ID: 1
2026-01-23 18:08:57.229 [http-nio-8080-exec-2] DEBUG com.filestorage.controller.FolderController - Retrieved 1 folders for user: userid1
2026-01-23 18:08:57.230 [http-nio-8080-exec-3] DEBUG com.filestorage.service.FileStorageService - Fetching files for user ID: 1 in folder ID: 1
2026-01-23 18:08:57.237 [http-nio-8080-exec-3] DEBUG com.filestorage.service.FileStorageService - Found 2 files for user ID: 1
2026-01-23 18:08:57.238 [http-nio-8080-exec-3] DEBUG com.filestorage.controller.FileController - Retrieved 2 files for user: userid1
2026-01-23 18:09:40.396 [http-nio-8080-exec-5] DEBUG com.filestorage.security.JwtTokenProvider - JWT token validated successfully
2026-01-23 18:09:40.397 [http-nio-8080-exec-9] DEBUG com.filestorage.security.JwtTokenProvider - JWT token validated successfully
2026-01-23 18:09:40.398 [http-nio-8080-exec-5] DEBUG com.filestorage.security.JwtAuthenticationFilter - JWT token validated for user: userid1
2026-01-23 18:09:40.398 [http-nio-8080-exec-5] DEBUG com.filestorage.service.UserDetailsServiceImpl - Loading user details for username: userid1
2026-01-23 18:09:40.399 [http-nio-8080-exec-9] DEBUG com.filestorage.security.JwtAuthenticationFilter - JWT token validated for user: userid1
2026-01-23 18:09:40.399 [http-nio-8080-exec-9] DEBUG com.filestorage.service.UserDetailsServiceImpl - Loading user details for username: userid1
2026-01-23 18:09:40.404 [http-nio-8080-exec-9] DEBUG com.filestorage.service.UserDetailsServiceImpl - User details loaded successfully for: userid1
2026-01-23 18:09:40.404 [http-nio-8080-exec-9] DEBUG com.filestorage.security.JwtAuthenticationFilter - User userid1 authenticated successfully via JWT
2026-01-23 18:09:40.405 [http-nio-8080-exec-9] DEBUG com.filestorage.controller.FileController - Fetching files for user: userid1 in folder: 5
2026-01-23 18:09:40.406 [http-nio-8080-exec-5] DEBUG com.filestorage.service.UserDetailsServiceImpl - User details loaded successfully for: userid1
2026-01-23 18:09:40.407 [http-nio-8080-exec-5] DEBUG com.filestorage.security.JwtAuthenticationFilter - User userid1 authenticated successfully via JWT
2026-01-23 18:09:40.408 [http-nio-8080-exec-5] DEBUG com.filestorage.controller.FolderController - Fetching folders for user: userid1 in parent folder: 5
2026-01-23 18:09:40.409 [http-nio-8080-exec-9] DEBUG com.filestorage.service.FileStorageService - Fetching files for user ID: 1 in folder ID: 5
2026-01-23 18:09:40.412 [http-nio-8080-exec-5] DEBUG com.filestorage.service.FolderService - Fetching folders for user ID: 1 with parent folder ID: 5
2026-01-23 18:09:40.413 [http-nio-8080-exec-9] DEBUG com.filestorage.service.FileStorageService - Found 0 files for user ID: 1
2026-01-23 18:09:40.413 [http-nio-8080-exec-9] DEBUG com.filestorage.controller.FileController - Retrieved 0 files for user: userid1
2026-01-23 18:09:40.416 [http-nio-8080-exec-5] DEBUG com.filestorage.service.FolderService - Found 0 folders for user ID: 1
2026-01-23 18:09:40.416 [http-nio-8080-exec-5] DEBUG com.filestorage.controller.FolderController - Retrieved 0 folders for user: userid1
2026-01-23 18:09:44.515 [http-nio-8080-exec-6] DEBUG com.filestorage.security.JwtTokenProvider - JWT token validated successfully
2026-01-23 18:09:44.518 [http-nio-8080-exec-6] DEBUG com.filestorage.security.JwtAuthenticationFilter - JWT token validated for user: userid1
2026-01-23 18:09:44.518 [http-nio-8080-exec-6] DEBUG com.filestorage.service.UserDetailsServiceImpl - Loading user details for username: userid1
2026-01-23 18:09:44.518 [http-nio-8080-exec-4] DEBUG com.filestorage.security.JwtTokenProvider - JWT token validated successfully
2026-01-23 18:09:44.524 [http-nio-8080-exec-4] DEBUG com.filestorage.security.JwtAuthenticationFilter - JWT token validated for user: userid1
2026-01-23 18:09:44.524 [http-nio-8080-exec-6] DEBUG com.filestorage.service.UserDetailsServiceImpl - User details loaded successfully for: userid1
2026-01-23 18:09:44.525 [http-nio-8080-exec-6] DEBUG com.filestorage.security.JwtAuthenticationFilter - User userid1 authenticated successfully via JWT
2026-01-23 18:09:44.524 [http-nio-8080-exec-4] DEBUG com.filestorage.service.UserDetailsServiceImpl - Loading user details for username: userid1
2026-01-23 18:09:44.526 [http-nio-8080-exec-6] DEBUG com.filestorage.controller.FolderController - Fetching folders for user: userid1 in parent folder: null
2026-01-23 18:09:44.530 [http-nio-8080-exec-4] DEBUG com.filestorage.service.UserDetailsServiceImpl - User details loaded successfully for: userid1
2026-01-23 18:09:44.530 [http-nio-8080-exec-6] DEBUG com.filestorage.service.FolderService - Fetching folders for user ID: 1 with parent folder ID: null
2026-01-23 18:09:44.530 [http-nio-8080-exec-4] DEBUG com.filestorage.security.JwtAuthenticationFilter - User userid1 authenticated successfully via JWT
2026-01-23 18:09:44.531 [http-nio-8080-exec-4] DEBUG com.filestorage.controller.FileController - Fetching files for user: userid1 in folder: null
2026-01-23 18:09:44.533 [http-nio-8080-exec-6] DEBUG com.filestorage.service.FolderService - Found 1 folders for user ID: 1
2026-01-23 18:09:44.533 [http-nio-8080-exec-6] DEBUG com.filestorage.controller.FolderController - Retrieved 1 folders for user: userid1
2026-01-23 18:09:44.533 [http-nio-8080-exec-4] DEBUG com.filestorage.service.FileStorageService - Fetching files for user ID: 1 in folder ID: null
2026-01-23 18:09:44.539 [http-nio-8080-exec-4] DEBUG com.filestorage.service.FileStorageService - Found 0 files for user ID: 1
2026-01-23 18:09:44.539 [http-nio-8080-exec-4] DEBUG com.filestorage.controller.FileController - Retrieved 0 files for user: userid1
2026-01-23 18:09:45.876 [http-nio-8080-exec-7] DEBUG com.filestorage.security.JwtTokenProvider - JWT token validated successfully
2026-01-23 18:09:45.876 [http-nio-8080-exec-8] DEBUG com.filestorage.security.JwtTokenProvider - JWT token validated successfully
2026-01-23 18:09:45.879 [http-nio-8080-exec-7] DEBUG com.filestorage.security.JwtAuthenticationFilter - JWT token validated for user: userid1
2026-01-23 18:09:45.879 [http-nio-8080-exec-8] DEBUG com.filestorage.security.JwtAuthenticationFilter - JWT token validated for user: userid1
2026-01-23 18:09:45.879 [http-nio-8080-exec-8] DEBUG com.filestorage.service.UserDetailsServiceImpl - Loading user details for username: userid1
2026-01-23 18:09:45.879 [http-nio-8080-exec-7] DEBUG com.filestorage.service.UserDetailsServiceImpl - Loading user details for username: userid1
2026-01-23 18:09:45.882 [http-nio-8080-exec-7] DEBUG com.filestorage.service.UserDetailsServiceImpl - User details loaded successfully for: userid1
2026-01-23 18:09:45.882 [http-nio-8080-exec-7] DEBUG com.filestorage.security.JwtAuthenticationFilter - User userid1 authenticated successfully via JWT
2026-01-23 18:09:45.883 [http-nio-8080-exec-7] DEBUG com.filestorage.controller.FolderController - Fetching folders for user: userid1 in parent folder: 1
2026-01-23 18:09:45.884 [http-nio-8080-exec-8] DEBUG com.filestorage.service.UserDetailsServiceImpl - User details loaded successfully for: userid1
2026-01-23 18:09:45.885 [http-nio-8080-exec-8] DEBUG com.filestorage.security.JwtAuthenticationFilter - User userid1 authenticated successfully via JWT
2026-01-23 18:09:45.887 [http-nio-8080-exec-7] DEBUG com.filestorage.service.FolderService - Fetching folders for user ID: 1 with parent folder ID: 1
2026-01-23 18:09:45.888 [http-nio-8080-exec-8] DEBUG com.filestorage.controller.FileController - Fetching files for user: userid1 in folder: 1
2026-01-23 18:09:45.891 [http-nio-8080-exec-8] DEBUG com.filestorage.service.FileStorageService - Fetching files for user ID: 1 in folder ID: 1
2026-01-23 18:09:45.892 [http-nio-8080-exec-7] DEBUG com.filestorage.service.FolderService - Found 1 folders for user ID: 1
2026-01-23 18:09:45.892 [http-nio-8080-exec-7] DEBUG com.filestorage.controller.FolderController - Retrieved 1 folders for user: userid1
2026-01-23 18:09:45.901 [http-nio-8080-exec-8] DEBUG com.filestorage.service.FileStorageService - Found 2 files for user ID: 1
2026-01-23 18:09:45.901 [http-nio-8080-exec-8] DEBUG com.filestorage.controller.FileController - Retrieved 2 files for user: userid1
2026-01-23 18:09:47.713 [http-nio-8080-exec-1] DEBUG com.filestorage.security.JwtTokenProvider - JWT token validated successfully
2026-01-23 18:09:47.713 [http-nio-8080-exec-10] DEBUG com.filestorage.security.JwtTokenProvider - JWT token validated successfully
2026-01-23 18:09:47.714 [http-nio-8080-exec-1] DEBUG com.filestorage.security.JwtAuthenticationFilter - JWT token validated for user: userid1
2026-01-23 18:09:47.714 [http-nio-8080-exec-1] DEBUG com.filestorage.service.UserDetailsServiceImpl - Loading user details for username: userid1
2026-01-23 18:09:47.716 [http-nio-8080-exec-10] DEBUG com.filestorage.security.JwtAuthenticationFilter - JWT token validated for user: userid1
2026-01-23 18:09:47.716 [http-nio-8080-exec-10] DEBUG com.filestorage.service.UserDetailsServiceImpl - Loading user details for username: userid1
2026-01-23 18:09:47.719 [http-nio-8080-exec-1] DEBUG com.filestorage.service.UserDetailsServiceImpl - User details loaded successfully for: userid1
2026-01-23 18:09:47.719 [http-nio-8080-exec-1] DEBUG com.filestorage.security.JwtAuthenticationFilter - User userid1 authenticated successfully via JWT
2026-01-23 18:09:47.719 [http-nio-8080-exec-10] DEBUG com.filestorage.service.UserDetailsServiceImpl - User details loaded successfully for: userid1
2026-01-23 18:09:47.720 [http-nio-8080-exec-10] DEBUG com.filestorage.security.JwtAuthenticationFilter - User userid1 authenticated successfully via JWT
2026-01-23 18:09:47.720 [http-nio-8080-exec-1] DEBUG com.filestorage.controller.FolderController - Fetching folders for user: userid1 in parent folder: 5
2026-01-23 18:09:47.721 [http-nio-8080-exec-10] DEBUG com.filestorage.controller.FileController - Fetching files for user: userid1 in folder: 5
2026-01-23 18:09:47.722 [http-nio-8080-exec-10] DEBUG com.filestorage.service.FileStorageService - Fetching files for user ID: 1 in folder ID: 5
2026-01-23 18:09:47.722 [http-nio-8080-exec-1] DEBUG com.filestorage.service.FolderService - Fetching folders for user ID: 1 with parent folder ID: 5
2026-01-23 18:09:47.726 [http-nio-8080-exec-1] DEBUG com.filestorage.service.FolderService - Found 0 folders for user ID: 1
2026-01-23 18:09:47.726 [http-nio-8080-exec-10] DEBUG com.filestorage.service.FileStorageService - Found 0 files for user ID: 1
2026-01-23 18:09:47.727 [http-nio-8080-exec-1] DEBUG com.filestorage.controller.FolderController - Retrieved 0 folders for user: userid1
2026-01-23 18:09:47.727 [http-nio-8080-exec-10] DEBUG com.filestorage.controller.FileController - Retrieved 0 files for user: userid1
2026-01-23 18:09:49.751 [http-nio-8080-exec-4] DEBUG com.filestorage.security.JwtTokenProvider - JWT token validated successfully
2026-01-23 18:09:49.751 [http-nio-8080-exec-6] DEBUG com.filestorage.security.JwtTokenProvider - JWT token validated successfully
2026-01-23 18:09:49.752 [http-nio-8080-exec-6] DEBUG com.filestorage.security.JwtAuthenticationFilter - JWT token validated for user: userid1
2026-01-23 18:09:49.753 [http-nio-8080-exec-6] DEBUG com.filestorage.service.UserDetailsServiceImpl - Loading user details for username: userid1
2026-01-23 18:09:49.752 [http-nio-8080-exec-4] DEBUG com.filestorage.security.JwtAuthenticationFilter - JWT token validated for user: userid1
2026-01-23 18:09:49.753 [http-nio-8080-exec-4] DEBUG com.filestorage.service.UserDetailsServiceImpl - Loading user details for username: userid1
2026-01-23 18:09:49.754 [http-nio-8080-exec-4] DEBUG com.filestorage.service.UserDetailsServiceImpl - User details loaded successfully for: userid1
2026-01-23 18:09:49.754 [http-nio-8080-exec-6] DEBUG com.filestorage.service.UserDetailsServiceImpl - User details loaded successfully for: userid1
2026-01-23 18:09:49.754 [http-nio-8080-exec-4] DEBUG com.filestorage.security.JwtAuthenticationFilter - User userid1 authenticated successfully via JWT
2026-01-23 18:09:49.754 [http-nio-8080-exec-6] DEBUG com.filestorage.security.JwtAuthenticationFilter - User userid1 authenticated successfully via JWT
2026-01-23 18:09:49.756 [http-nio-8080-exec-6] DEBUG com.filestorage.controller.FolderController - Fetching folders for user: userid1 in parent folder: 1
2026-01-23 18:09:49.756 [http-nio-8080-exec-4] DEBUG com.filestorage.controller.FileController - Fetching files for user: userid1 in folder: 1
2026-01-23 18:09:49.758 [http-nio-8080-exec-6] DEBUG com.filestorage.service.FolderService - Fetching folders for user ID: 1 with parent folder ID: 1
2026-01-23 18:09:49.758 [http-nio-8080-exec-4] DEBUG com.filestorage.service.FileStorageService - Fetching files for user ID: 1 in folder ID: 1
2026-01-23 18:09:49.762 [http-nio-8080-exec-6] DEBUG com.filestorage.service.FolderService - Found 1 folders for user ID: 1
2026-01-23 18:09:49.762 [http-nio-8080-exec-6] DEBUG com.filestorage.controller.FolderController - Retrieved 1 folders for user: userid1
2026-01-23 18:09:49.762 [http-nio-8080-exec-4] DEBUG com.filestorage.service.FileStorageService - Found 2 files for user ID: 1
2026-01-23 18:09:49.762 [http-nio-8080-exec-4] DEBUG com.filestorage.controller.FileController - Retrieved 2 files for user: userid1
2026-01-23 18:09:50.487 [http-nio-8080-exec-2] DEBUG com.filestorage.security.JwtTokenProvider - JWT token validated successfully
2026-01-23 18:09:50.487 [http-nio-8080-exec-3] DEBUG com.filestorage.security.JwtTokenProvider - JWT token validated successfully
2026-01-23 18:09:50.490 [http-nio-8080-exec-2] DEBUG com.filestorage.security.JwtAuthenticationFilter - JWT token validated for user: userid1
2026-01-23 18:09:50.490 [http-nio-8080-exec-3] DEBUG com.filestorage.security.JwtAuthenticationFilter - JWT token validated for user: userid1
2026-01-23 18:09:50.490 [http-nio-8080-exec-2] DEBUG com.filestorage.service.UserDetailsServiceImpl - Loading user details for username: userid1
2026-01-23 18:09:50.490 [http-nio-8080-exec-3] DEBUG com.filestorage.service.UserDetailsServiceImpl - Loading user details for username: userid1
2026-01-23 18:09:50.494 [http-nio-8080-exec-2] DEBUG com.filestorage.service.UserDetailsServiceImpl - User details loaded successfully for: userid1
2026-01-23 18:09:50.494 [http-nio-8080-exec-3] DEBUG com.filestorage.service.UserDetailsServiceImpl - User details loaded successfully for: userid1
2026-01-23 18:09:50.494 [http-nio-8080-exec-2] DEBUG com.filestorage.security.JwtAuthenticationFilter - User userid1 authenticated successfully via JWT
2026-01-23 18:09:50.494 [http-nio-8080-exec-3] DEBUG com.filestorage.security.JwtAuthenticationFilter - User userid1 authenticated successfully via JWT
2026-01-23 18:09:50.496 [http-nio-8080-exec-3] DEBUG com.filestorage.controller.FileController - Fetching files for user: userid1 in folder: 5
2026-01-23 18:09:50.496 [http-nio-8080-exec-2] DEBUG com.filestorage.controller.FolderController - Fetching folders for user: userid1 in parent folder: 5
2026-01-23 18:09:50.497 [http-nio-8080-exec-2] DEBUG com.filestorage.service.FolderService - Fetching folders for user ID: 1 with parent folder ID: 5
2026-01-23 18:09:50.497 [http-nio-8080-exec-3] DEBUG com.filestorage.service.FileStorageService - Fetching files for user ID: 1 in folder ID: 5
2026-01-23 18:09:50.503 [http-nio-8080-exec-3] DEBUG com.filestorage.service.FileStorageService - Found 0 files for user ID: 1
2026-01-23 18:09:50.503 [http-nio-8080-exec-2] DEBUG com.filestorage.service.FolderService - Found 0 folders for user ID: 1
2026-01-23 18:09:50.503 [http-nio-8080-exec-3] DEBUG com.filestorage.controller.FileController - Retrieved 0 files for user: userid1
2026-01-23 18:09:50.503 [http-nio-8080-exec-2] DEBUG com.filestorage.controller.FolderController - Retrieved 0 folders for user: userid1
2026-01-23 18:09:51.506 [http-nio-8080-exec-9] DEBUG com.filestorage.security.JwtTokenProvider - JWT token validated successfully
2026-01-23 18:09:51.507 [http-nio-8080-exec-9] DEBUG com.filestorage.security.JwtAuthenticationFilter - JWT token validated for user: userid1
2026-01-23 18:09:51.507 [http-nio-8080-exec-9] DEBUG com.filestorage.service.UserDetailsServiceImpl - Loading user details for username: userid1
2026-01-23 18:09:51.507 [http-nio-8080-exec-5] DEBUG com.filestorage.security.JwtTokenProvider - JWT token validated successfully
2026-01-23 18:09:51.510 [http-nio-8080-exec-5] DEBUG com.filestorage.security.JwtAuthenticationFilter - JWT token validated for user: userid1
2026-01-23 18:09:51.510 [http-nio-8080-exec-5] DEBUG com.filestorage.service.UserDetailsServiceImpl - Loading user details for username: userid1
2026-01-23 18:09:51.511 [http-nio-8080-exec-9] DEBUG com.filestorage.service.UserDetailsServiceImpl - User details loaded successfully for: userid1
2026-01-23 18:09:51.512 [http-nio-8080-exec-9] DEBUG com.filestorage.security.JwtAuthenticationFilter - User userid1 authenticated successfully via JWT
2026-01-23 18:09:51.512 [http-nio-8080-exec-5] DEBUG com.filestorage.service.UserDetailsServiceImpl - User details loaded successfully for: userid1
2026-01-23 18:09:51.512 [http-nio-8080-exec-9] DEBUG com.filestorage.controller.FolderController - Fetching folders for user: userid1 in parent folder: 1
2026-01-23 18:09:51.513 [http-nio-8080-exec-5] DEBUG com.filestorage.security.JwtAuthenticationFilter - User userid1 authenticated successfully via JWT
2026-01-23 18:09:51.517 [http-nio-8080-exec-9] DEBUG com.filestorage.service.FolderService - Fetching folders for user ID: 1 with parent folder ID: 1
2026-01-23 18:09:51.518 [http-nio-8080-exec-5] DEBUG com.filestorage.controller.FileController - Fetching files for user: userid1 in folder: 1
2026-01-23 18:09:51.521 [http-nio-8080-exec-5] DEBUG com.filestorage.service.FileStorageService - Fetching files for user ID: 1 in folder ID: 1
2026-01-23 18:09:51.525 [http-nio-8080-exec-9] DEBUG com.filestorage.service.FolderService - Found 1 folders for user ID: 1
2026-01-23 18:09:51.526 [http-nio-8080-exec-9] DEBUG com.filestorage.controller.FolderController - Retrieved 1 folders for user: userid1
2026-01-23 18:09:51.526 [http-nio-8080-exec-5] DEBUG com.filestorage.service.FileStorageService - Found 2 files for user ID: 1
2026-01-23 18:09:51.527 [http-nio-8080-exec-5] DEBUG com.filestorage.controller.FileController - Retrieved 2 files for user: userid1
2026-01-23 18:09:52.225 [http-nio-8080-exec-1] DEBUG com.filestorage.security.JwtTokenProvider - JWT token validated successfully
2026-01-23 18:09:52.226 [http-nio-8080-exec-4] DEBUG com.filestorage.security.JwtTokenProvider - JWT token validated successfully
2026-01-23 18:09:52.229 [http-nio-8080-exec-4] DEBUG com.filestorage.security.JwtAuthenticationFilter - JWT token validated for user: userid1
2026-01-23 18:09:52.232 [http-nio-8080-exec-4] DEBUG com.filestorage.service.UserDetailsServiceImpl - Loading user details for username: userid1
2026-01-23 18:09:52.235 [http-nio-8080-exec-1] DEBUG com.filestorage.security.JwtAuthenticationFilter - JWT token validated for user: userid1
2026-01-23 18:09:52.243 [http-nio-8080-exec-1] DEBUG com.filestorage.service.UserDetailsServiceImpl - Loading user details for username: userid1
2026-01-23 18:09:52.243 [http-nio-8080-exec-4] DEBUG com.filestorage.service.UserDetailsServiceImpl - User details loaded successfully for: userid1
2026-01-23 18:09:52.244 [http-nio-8080-exec-4] DEBUG com.filestorage.security.JwtAuthenticationFilter - User userid1 authenticated successfully via JWT
2026-01-23 18:09:52.245 [http-nio-8080-exec-4] DEBUG com.filestorage.controller.FileController - Fetching files for user: userid1 in folder: null
2026-01-23 18:09:52.248 [http-nio-8080-exec-1] DEBUG com.filestorage.service.UserDetailsServiceImpl - User details loaded successfully for: userid1
2026-01-23 18:09:52.248 [http-nio-8080-exec-1] DEBUG com.filestorage.security.JwtAuthenticationFilter - User userid1 authenticated successfully via JWT
2026-01-23 18:09:52.250 [http-nio-8080-exec-1] DEBUG com.filestorage.controller.FolderController - Fetching folders for user: userid1 in parent folder: null
2026-01-23 18:09:52.253 [http-nio-8080-exec-4] DEBUG com.filestorage.service.FileStorageService - Fetching files for user ID: 1 in folder ID: null
2026-01-23 18:09:52.256 [http-nio-8080-exec-4] DEBUG com.filestorage.service.FileStorageService - Found 0 files for user ID: 1
2026-01-23 18:09:52.256 [http-nio-8080-exec-4] DEBUG com.filestorage.controller.FileController - Retrieved 0 files for user: userid1
2026-01-23 18:09:52.253 [http-nio-8080-exec-1] DEBUG com.filestorage.service.FolderService - Fetching folders for user ID: 1 with parent folder ID: null
2026-01-23 18:09:52.267 [http-nio-8080-exec-1] DEBUG com.filestorage.service.FolderService - Found 1 folders for user ID: 1
2026-01-23 18:09:52.268 [http-nio-8080-exec-1] DEBUG com.filestorage.controller.FolderController - Retrieved 1 folders for user: userid1
2026-01-23 18:09:55.304 [http-nio-8080-exec-6] DEBUG com.filestorage.security.JwtTokenProvider - JWT token validated successfully
2026-01-23 18:09:55.305 [http-nio-8080-exec-3] DEBUG com.filestorage.security.JwtTokenProvider - JWT token validated successfully
2026-01-23 18:09:55.308 [http-nio-8080-exec-6] DEBUG com.filestorage.security.JwtAuthenticationFilter - JWT token validated for user: userid1
2026-01-23 18:09:55.308 [http-nio-8080-exec-3] DEBUG com.filestorage.security.JwtAuthenticationFilter - JWT token validated for user: userid1
2026-01-23 18:09:55.308 [http-nio-8080-exec-3] DEBUG com.filestorage.service.UserDetailsServiceImpl - Loading user details for username: userid1
2026-01-23 18:09:55.308 [http-nio-8080-exec-6] DEBUG com.filestorage.service.UserDetailsServiceImpl - Loading user details for username: userid1
2026-01-23 18:09:55.311 [http-nio-8080-exec-3] DEBUG com.filestorage.service.UserDetailsServiceImpl - User details loaded successfully for: userid1
2026-01-23 18:09:55.311 [http-nio-8080-exec-6] DEBUG com.filestorage.service.UserDetailsServiceImpl - User details loaded successfully for: userid1
2026-01-23 18:09:55.311 [http-nio-8080-exec-3] DEBUG com.filestorage.security.JwtAuthenticationFilter - User userid1 authenticated successfully via JWT
2026-01-23 18:09:55.311 [http-nio-8080-exec-6] DEBUG com.filestorage.security.JwtAuthenticationFilter - User userid1 authenticated successfully via JWT
2026-01-23 18:09:55.312 [http-nio-8080-exec-6] DEBUG com.filestorage.controller.FolderController - Fetching folders for user: userid1 in parent folder: 1
2026-01-23 18:09:55.312 [http-nio-8080-exec-3] DEBUG com.filestorage.controller.FileController - Fetching files for user: userid1 in folder: 1
2026-01-23 18:09:55.315 [http-nio-8080-exec-3] DEBUG com.filestorage.service.FileStorageService - Fetching files for user ID: 1 in folder ID: 1
2026-01-23 18:09:55.315 [http-nio-8080-exec-6] DEBUG com.filestorage.service.FolderService - Fetching folders for user ID: 1 with parent folder ID: 1
2026-01-23 18:09:55.318 [http-nio-8080-exec-6] DEBUG com.filestorage.service.FolderService - Found 1 folders for user ID: 1
2026-01-23 18:09:55.318 [http-nio-8080-exec-3] DEBUG com.filestorage.service.FileStorageService - Found 2 files for user ID: 1
2026-01-23 18:09:55.319 [http-nio-8080-exec-6] DEBUG com.filestorage.controller.FolderController - Retrieved 1 folders for user: userid1
2026-01-23 18:09:55.319 [http-nio-8080-exec-3] DEBUG com.filestorage.controller.FileController - Retrieved 2 files for user: userid1
2026-01-23 18:10:14.234 [http-nio-8080-exec-9] DEBUG com.filestorage.security.JwtTokenProvider - JWT token validated successfully
2026-01-23 18:10:14.235 [http-nio-8080-exec-8] DEBUG com.filestorage.security.JwtTokenProvider - JWT token validated successfully
2026-01-23 18:10:14.237 [http-nio-8080-exec-9] DEBUG com.filestorage.security.JwtAuthenticationFilter - JWT token validated for user: userid1
2026-01-23 18:10:14.237 [http-nio-8080-exec-9] DEBUG com.filestorage.service.UserDetailsServiceImpl - Loading user details for username: userid1
2026-01-23 18:10:14.237 [http-nio-8080-exec-8] DEBUG com.filestorage.security.JwtAuthenticationFilter - JWT token validated for user: userid1
2026-01-23 18:10:14.237 [http-nio-8080-exec-8] DEBUG com.filestorage.service.UserDetailsServiceImpl - Loading user details for username: userid1
2026-01-23 18:10:14.240 [http-nio-8080-exec-9] DEBUG com.filestorage.service.UserDetailsServiceImpl - User details loaded successfully for: userid1
2026-01-23 18:10:14.240 [http-nio-8080-exec-9] DEBUG com.filestorage.security.JwtAuthenticationFilter - User userid1 authenticated successfully via JWT
2026-01-23 18:10:14.242 [http-nio-8080-exec-9] DEBUG com.filestorage.controller.FolderController - Fetching folders for user: userid1 in parent folder: null
2026-01-23 18:10:14.242 [http-nio-8080-exec-8] DEBUG com.filestorage.service.UserDetailsServiceImpl - User details loaded successfully for: userid1
2026-01-23 18:10:14.242 [http-nio-8080-exec-8] DEBUG com.filestorage.security.JwtAuthenticationFilter - User userid1 authenticated successfully via JWT
2026-01-23 18:10:14.243 [http-nio-8080-exec-9] DEBUG com.filestorage.service.FolderService - Fetching folders for user ID: 1 with parent folder ID: null
2026-01-23 18:10:14.243 [http-nio-8080-exec-8] DEBUG com.filestorage.controller.FileController - Fetching files for user: userid1 in folder: null
2026-01-23 18:10:14.246 [http-nio-8080-exec-8] DEBUG com.filestorage.service.FileStorageService - Fetching files for user ID: 1 in folder ID: null
2026-01-23 18:10:14.246 [http-nio-8080-exec-9] DEBUG com.filestorage.service.FolderService - Found 1 folders for user ID: 1
2026-01-23 18:10:14.247 [http-nio-8080-exec-9] DEBUG com.filestorage.controller.FolderController - Retrieved 1 folders for user: userid1
2026-01-23 18:10:14.250 [http-nio-8080-exec-8] DEBUG com.filestorage.service.FileStorageService - Found 0 files for user ID: 1
2026-01-23 18:10:14.250 [http-nio-8080-exec-8] DEBUG com.filestorage.controller.FileController - Retrieved 0 files for user: userid1
2026-01-23 18:10:36.802 [http-nio-8080-exec-1] DEBUG com.filestorage.security.JwtTokenProvider - JWT token validated successfully
2026-01-23 18:10:36.802 [http-nio-8080-exec-4] DEBUG com.filestorage.security.JwtTokenProvider - JWT token validated successfully
2026-01-23 18:10:36.805 [http-nio-8080-exec-4] DEBUG com.filestorage.security.JwtAuthenticationFilter - JWT token validated for user: userid1
2026-01-23 18:10:36.805 [http-nio-8080-exec-1] DEBUG com.filestorage.security.JwtAuthenticationFilter - JWT token validated for user: userid1
2026-01-23 18:10:36.805 [http-nio-8080-exec-4] DEBUG com.filestorage.service.UserDetailsServiceImpl - Loading user details for username: userid1
2026-01-23 18:10:36.805 [http-nio-8080-exec-1] DEBUG com.filestorage.service.UserDetailsServiceImpl - Loading user details for username: userid1
2026-01-23 18:10:36.807 [http-nio-8080-exec-4] DEBUG com.filestorage.service.UserDetailsServiceImpl - User details loaded successfully for: userid1
2026-01-23 18:10:36.807 [http-nio-8080-exec-1] DEBUG com.filestorage.service.UserDetailsServiceImpl - User details loaded successfully for: userid1
2026-01-23 18:10:36.807 [http-nio-8080-exec-4] DEBUG com.filestorage.security.JwtAuthenticationFilter - User userid1 authenticated successfully via JWT
2026-01-23 18:10:36.808 [http-nio-8080-exec-1] DEBUG com.filestorage.security.JwtAuthenticationFilter - User userid1 authenticated successfully via JWT
2026-01-23 18:10:36.809 [http-nio-8080-exec-1] DEBUG com.filestorage.controller.FileController - Fetching files for user: userid1 in folder: 1
2026-01-23 18:10:36.809 [http-nio-8080-exec-4] DEBUG com.filestorage.controller.FolderController - Fetching folders for user: userid1 in parent folder: 1
2026-01-23 18:10:36.812 [http-nio-8080-exec-4] DEBUG com.filestorage.service.FolderService - Fetching folders for user ID: 1 with parent folder ID: 1
2026-01-23 18:10:36.812 [http-nio-8080-exec-1] DEBUG com.filestorage.service.FileStorageService - Fetching files for user ID: 1 in folder ID: 1
2026-01-23 18:10:36.816 [http-nio-8080-exec-1] DEBUG com.filestorage.service.FileStorageService - Found 2 files for user ID: 1
2026-01-23 18:10:36.816 [http-nio-8080-exec-1] DEBUG com.filestorage.controller.FileController - Retrieved 2 files for user: userid1
2026-01-23 18:10:36.817 [http-nio-8080-exec-4] DEBUG com.filestorage.service.FolderService - Found 1 folders for user ID: 1
2026-01-23 18:10:36.817 [http-nio-8080-exec-4] DEBUG com.filestorage.controller.FolderController - Retrieved 1 folders for user: userid1
2026-01-23 18:12:51.713 [http-nio-8080-exec-7] DEBUG com.filestorage.security.JwtTokenProvider - JWT token validated successfully
2026-01-23 18:12:51.716 [http-nio-8080-exec-7] DEBUG com.filestorage.security.JwtAuthenticationFilter - JWT token validated for user: userid1
2026-01-23 18:12:51.716 [http-nio-8080-exec-7] DEBUG com.filestorage.service.UserDetailsServiceImpl - Loading user details for username: userid1
2026-01-23 18:12:51.718 [http-nio-8080-exec-8] DEBUG com.filestorage.security.JwtTokenProvider - JWT token validated successfully
2026-01-23 18:12:51.718 [http-nio-8080-exec-7] DEBUG com.filestorage.service.UserDetailsServiceImpl - User details loaded successfully for: userid1
2026-01-23 18:12:51.719 [http-nio-8080-exec-7] DEBUG com.filestorage.security.JwtAuthenticationFilter - User userid1 authenticated successfully via JWT
2026-01-23 18:12:51.719 [http-nio-8080-exec-7] DEBUG com.filestorage.controller.FolderController - Fetching folders for user: userid1 in parent folder: null
2026-01-23 18:12:51.721 [http-nio-8080-exec-8] DEBUG com.filestorage.security.JwtAuthenticationFilter - JWT token validated for user: userid1
2026-01-23 18:12:51.721 [http-nio-8080-exec-8] DEBUG com.filestorage.service.UserDetailsServiceImpl - Loading user details for username: userid1
2026-01-23 18:12:51.721 [http-nio-8080-exec-7] DEBUG com.filestorage.service.FolderService - Fetching folders for user ID: 1 with parent folder ID: null
2026-01-23 18:12:51.724 [http-nio-8080-exec-7] DEBUG com.filestorage.service.FolderService - Found 1 folders for user ID: 1
2026-01-23 18:12:51.724 [http-nio-8080-exec-7] DEBUG com.filestorage.controller.FolderController - Retrieved 1 folders for user: userid1
2026-01-23 18:12:51.729 [http-nio-8080-exec-8] DEBUG com.filestorage.service.UserDetailsServiceImpl - User details loaded successfully for: userid1
2026-01-23 18:12:51.730 [http-nio-8080-exec-8] DEBUG com.filestorage.security.JwtAuthenticationFilter - User userid1 authenticated successfully via JWT
2026-01-23 18:12:51.731 [http-nio-8080-exec-8] DEBUG com.filestorage.controller.FileController - Fetching files for user: userid1 in folder: null
2026-01-23 18:12:51.733 [http-nio-8080-exec-8] DEBUG com.filestorage.service.FileStorageService - Fetching files for user ID: 1 in folder ID: null
2026-01-23 18:12:51.736 [http-nio-8080-exec-8] DEBUG com.filestorage.service.FileStorageService - Found 0 files for user ID: 1
2026-01-23 18:12:51.737 [http-nio-8080-exec-8] DEBUG com.filestorage.controller.FileController - Retrieved 0 files for user: userid1
2026-01-23 18:12:53.223 [http-nio-8080-exec-4] DEBUG com.filestorage.security.JwtTokenProvider - JWT token validated successfully
2026-01-23 18:12:53.223 [http-nio-8080-exec-1] DEBUG com.filestorage.security.JwtTokenProvider - JWT token validated successfully
2026-01-23 18:12:53.236 [http-nio-8080-exec-1] DEBUG com.filestorage.security.JwtAuthenticationFilter - JWT token validated for user: userid1
2026-01-23 18:12:53.236 [http-nio-8080-exec-4] DEBUG com.filestorage.security.JwtAuthenticationFilter - JWT token validated for user: userid1
2026-01-23 18:12:53.236 [http-nio-8080-exec-1] DEBUG com.filestorage.service.UserDetailsServiceImpl - Loading user details for username: userid1
2026-01-23 18:12:53.237 [http-nio-8080-exec-4] DEBUG com.filestorage.service.UserDetailsServiceImpl - Loading user details for username: userid1
2026-01-23 18:12:53.239 [http-nio-8080-exec-4] DEBUG com.filestorage.service.UserDetailsServiceImpl - User details loaded successfully for: userid1
2026-01-23 18:12:53.239 [http-nio-8080-exec-1] DEBUG com.filestorage.service.UserDetailsServiceImpl - User details loaded successfully for: userid1
2026-01-23 18:12:53.239 [http-nio-8080-exec-4] DEBUG com.filestorage.security.JwtAuthenticationFilter - User userid1 authenticated successfully via JWT
2026-01-23 18:12:53.239 [http-nio-8080-exec-1] DEBUG com.filestorage.security.JwtAuthenticationFilter - User userid1 authenticated successfully via JWT
2026-01-23 18:12:53.240 [http-nio-8080-exec-1] DEBUG com.filestorage.controller.FolderController - Fetching folders for user: userid1 in parent folder: 1
2026-01-23 18:12:53.240 [http-nio-8080-exec-4] DEBUG com.filestorage.controller.FileController - Fetching files for user: userid1 in folder: 1
2026-01-23 18:12:53.242 [http-nio-8080-exec-1] DEBUG com.filestorage.service.FolderService - Fetching folders for user ID: 1 with parent folder ID: 1
2026-01-23 18:12:53.242 [http-nio-8080-exec-4] DEBUG com.filestorage.service.FileStorageService - Fetching files for user ID: 1 in folder ID: 1
2026-01-23 18:12:53.245 [http-nio-8080-exec-1] DEBUG com.filestorage.service.FolderService - Found 1 folders for user ID: 1
2026-01-23 18:12:53.245 [http-nio-8080-exec-1] DEBUG com.filestorage.controller.FolderController - Retrieved 1 folders for user: userid1
2026-01-23 18:12:53.245 [http-nio-8080-exec-4] DEBUG com.filestorage.service.FileStorageService - Found 2 files for user ID: 1
2026-01-23 18:12:53.246 [http-nio-8080-exec-4] DEBUG com.filestorage.controller.FileController - Retrieved 2 files for user: userid1
2026-01-23 18:12:54.953 [http-nio-8080-exec-2] DEBUG com.filestorage.security.JwtTokenProvider - JWT token validated successfully
2026-01-23 18:12:54.953 [http-nio-8080-exec-9] DEBUG com.filestorage.security.JwtTokenProvider - JWT token validated successfully
2026-01-23 18:12:54.955 [http-nio-8080-exec-2] DEBUG com.filestorage.security.JwtAuthenticationFilter - JWT token validated for user: userid1
2026-01-23 18:12:54.955 [http-nio-8080-exec-2] DEBUG com.filestorage.service.UserDetailsServiceImpl - Loading user details for username: userid1
2026-01-23 18:12:54.957 [http-nio-8080-exec-9] DEBUG com.filestorage.security.JwtAuthenticationFilter - JWT token validated for user: userid1
2026-01-23 18:12:54.957 [http-nio-8080-exec-9] DEBUG com.filestorage.service.UserDetailsServiceImpl - Loading user details for username: userid1
2026-01-23 18:12:54.959 [http-nio-8080-exec-2] DEBUG com.filestorage.service.UserDetailsServiceImpl - User details loaded successfully for: userid1
2026-01-23 18:12:54.959 [http-nio-8080-exec-2] DEBUG com.filestorage.security.JwtAuthenticationFilter - User userid1 authenticated successfully via JWT
2026-01-23 18:12:54.959 [http-nio-8080-exec-9] DEBUG com.filestorage.service.UserDetailsServiceImpl - User details loaded successfully for: userid1
2026-01-23 18:12:54.959 [http-nio-8080-exec-9] DEBUG com.filestorage.security.JwtAuthenticationFilter - User userid1 authenticated successfully via JWT
2026-01-23 18:12:54.960 [http-nio-8080-exec-2] DEBUG com.filestorage.controller.FolderController - Fetching folders for user: userid1 in parent folder: 5
2026-01-23 18:12:54.960 [http-nio-8080-exec-9] DEBUG com.filestorage.controller.FileController - Fetching files for user: userid1 in folder: 5
2026-01-23 18:12:54.962 [http-nio-8080-exec-2] DEBUG com.filestorage.service.FolderService - Fetching folders for user ID: 1 with parent folder ID: 5
2026-01-23 18:12:54.962 [http-nio-8080-exec-9] DEBUG com.filestorage.service.FileStorageService - Fetching files for user ID: 1 in folder ID: 5
2026-01-23 18:12:54.965 [http-nio-8080-exec-2] DEBUG com.filestorage.service.FolderService - Found 0 folders for user ID: 1
2026-01-23 18:12:54.965 [http-nio-8080-exec-2] DEBUG com.filestorage.controller.FolderController - Retrieved 0 folders for user: userid1
2026-01-23 18:12:54.965 [http-nio-8080-exec-9] DEBUG com.filestorage.service.FileStorageService - Found 0 files for user ID: 1
2026-01-23 18:12:54.965 [http-nio-8080-exec-9] DEBUG com.filestorage.controller.FileController - Retrieved 0 files for user: userid1
2026-01-23 18:12:56.029 [http-nio-8080-exec-8] DEBUG com.filestorage.security.JwtTokenProvider - JWT token validated successfully
2026-01-23 18:12:56.029 [http-nio-8080-exec-7] DEBUG com.filestorage.security.JwtTokenProvider - JWT token validated successfully
2026-01-23 18:12:56.032 [http-nio-8080-exec-7] DEBUG com.filestorage.security.JwtAuthenticationFilter - JWT token validated for user: userid1
2026-01-23 18:12:56.032 [http-nio-8080-exec-7] DEBUG com.filestorage.service.UserDetailsServiceImpl - Loading user details for username: userid1
2026-01-23 18:12:56.032 [http-nio-8080-exec-8] DEBUG com.filestorage.security.JwtAuthenticationFilter - JWT token validated for user: userid1
2026-01-23 18:12:56.032 [http-nio-8080-exec-8] DEBUG com.filestorage.service.UserDetailsServiceImpl - Loading user details for username: userid1
2026-01-23 18:12:56.034 [http-nio-8080-exec-7] DEBUG com.filestorage.service.UserDetailsServiceImpl - User details loaded successfully for: userid1
2026-01-23 18:12:56.034 [http-nio-8080-exec-8] DEBUG com.filestorage.service.UserDetailsServiceImpl - User details loaded successfully for: userid1
2026-01-23 18:12:56.034 [http-nio-8080-exec-7] DEBUG com.filestorage.security.JwtAuthenticationFilter - User userid1 authenticated successfully via JWT
2026-01-23 18:12:56.034 [http-nio-8080-exec-8] DEBUG com.filestorage.security.JwtAuthenticationFilter - User userid1 authenticated successfully via JWT
2026-01-23 18:12:56.035 [http-nio-8080-exec-7] DEBUG com.filestorage.controller.FolderController - Fetching folders for user: userid1 in parent folder: null
2026-01-23 18:12:56.035 [http-nio-8080-exec-8] DEBUG com.filestorage.controller.FileController - Fetching files for user: userid1 in folder: null
2026-01-23 18:12:56.037 [http-nio-8080-exec-8] DEBUG com.filestorage.service.FileStorageService - Fetching files for user ID: 1 in folder ID: null
2026-01-23 18:12:56.037 [http-nio-8080-exec-7] DEBUG com.filestorage.service.FolderService - Fetching folders for user ID: 1 with parent folder ID: null
2026-01-23 18:12:56.039 [http-nio-8080-exec-7] DEBUG com.filestorage.service.FolderService - Found 1 folders for user ID: 1
2026-01-23 18:12:56.039 [http-nio-8080-exec-7] DEBUG com.filestorage.controller.FolderController - Retrieved 1 folders for user: userid1
2026-01-23 18:12:56.039 [http-nio-8080-exec-8] DEBUG com.filestorage.service.FileStorageService - Found 0 files for user ID: 1
2026-01-23 18:12:56.040 [http-nio-8080-exec-8] DEBUG com.filestorage.controller.FileController - Retrieved 0 files for user: userid1
2026-01-23 18:13:00.331 [http-nio-8080-exec-4] DEBUG com.filestorage.security.JwtTokenProvider - JWT token validated successfully
2026-01-23 18:13:00.335 [http-nio-8080-exec-1] DEBUG com.filestorage.security.JwtTokenProvider - JWT token validated successfully
2026-01-23 18:13:00.336 [http-nio-8080-exec-1] DEBUG com.filestorage.security.JwtAuthenticationFilter - JWT token validated for user: userid1
2026-01-23 18:13:00.336 [http-nio-8080-exec-4] DEBUG com.filestorage.security.JwtAuthenticationFilter - JWT token validated for user: userid1
2026-01-23 18:13:00.336 [http-nio-8080-exec-1] DEBUG com.filestorage.service.UserDetailsServiceImpl - Loading user details for username: userid1
2026-01-23 18:13:00.336 [http-nio-8080-exec-4] DEBUG com.filestorage.service.UserDetailsServiceImpl - Loading user details for username: userid1
2026-01-23 18:13:00.336 [http-nio-8080-exec-4] DEBUG com.filestorage.service.UserDetailsServiceImpl - User details loaded successfully for: userid1
2026-01-23 18:13:00.336 [http-nio-8080-exec-1] DEBUG com.filestorage.service.UserDetailsServiceImpl - User details loaded successfully for: userid1
2026-01-23 18:13:00.336 [http-nio-8080-exec-4] DEBUG com.filestorage.security.JwtAuthenticationFilter - User userid1 authenticated successfully via JWT
2026-01-23 18:13:00.336 [http-nio-8080-exec-1] DEBUG com.filestorage.security.JwtAuthenticationFilter - User userid1 authenticated successfully via JWT
2026-01-23 18:13:00.336 [http-nio-8080-exec-4] DEBUG com.filestorage.controller.FolderController - Fetching folders for user: userid1 in parent folder: 1
2026-01-23 18:13:00.336 [http-nio-8080-exec-1] DEBUG com.filestorage.controller.FileController - Fetching files for user: userid1 in folder: 1
2026-01-23 18:13:00.336 [http-nio-8080-exec-1] DEBUG com.filestorage.service.FileStorageService - Fetching files for user ID: 1 in folder ID: 1
2026-01-23 18:13:00.336 [http-nio-8080-exec-4] DEBUG com.filestorage.service.FolderService - Fetching folders for user ID: 1 with parent folder ID: 1
2026-01-23 18:13:00.345 [http-nio-8080-exec-4] DEBUG com.filestorage.service.FolderService - Found 1 folders for user ID: 1
2026-01-23 18:13:00.345 [http-nio-8080-exec-1] DEBUG com.filestorage.service.FileStorageService - Found 2 files for user ID: 1
2026-01-23 18:13:00.345 [http-nio-8080-exec-4] DEBUG com.filestorage.controller.FolderController - Retrieved 1 folders for user: userid1
2026-01-23 18:13:00.345 [http-nio-8080-exec-1] DEBUG com.filestorage.controller.FileController - Retrieved 2 files for user: userid1
2026-01-23 18:13:02.114 [http-nio-8080-exec-2] DEBUG com.filestorage.security.JwtTokenProvider - JWT token validated successfully
2026-01-23 18:13:02.114 [http-nio-8080-exec-9] DEBUG com.filestorage.security.JwtTokenProvider - JWT token validated successfully
2026-01-23 18:13:02.117 [http-nio-8080-exec-9] DEBUG com.filestorage.security.JwtAuthenticationFilter - JWT token validated for user: userid1
2026-01-23 18:13:02.117 [http-nio-8080-exec-9] DEBUG com.filestorage.service.UserDetailsServiceImpl - Loading user details for username: userid1
2026-01-23 18:13:02.117 [http-nio-8080-exec-2] DEBUG com.filestorage.security.JwtAuthenticationFilter - JWT token validated for user: userid1
2026-01-23 18:13:02.117 [http-nio-8080-exec-2] DEBUG com.filestorage.service.UserDetailsServiceImpl - Loading user details for username: userid1
2026-01-23 18:13:02.119 [http-nio-8080-exec-9] DEBUG com.filestorage.service.UserDetailsServiceImpl - User details loaded successfully for: userid1
2026-01-23 18:13:02.119 [http-nio-8080-exec-2] DEBUG com.filestorage.service.UserDetailsServiceImpl - User details loaded successfully for: userid1
2026-01-23 18:13:02.119 [http-nio-8080-exec-9] DEBUG com.filestorage.security.JwtAuthenticationFilter - User userid1 authenticated successfully via JWT
2026-01-23 18:13:02.119 [http-nio-8080-exec-2] DEBUG com.filestorage.security.JwtAuthenticationFilter - User userid1 authenticated successfully via JWT
2026-01-23 18:13:02.120 [http-nio-8080-exec-2] DEBUG com.filestorage.controller.FileController - Fetching files for user: userid1 in folder: null
2026-01-23 18:13:02.120 [http-nio-8080-exec-9] DEBUG com.filestorage.controller.FolderController - Fetching folders for user: userid1 in parent folder: null
2026-01-23 18:13:02.122 [http-nio-8080-exec-9] DEBUG com.filestorage.service.FolderService - Fetching folders for user ID: 1 with parent folder ID: null
2026-01-23 18:13:02.122 [http-nio-8080-exec-2] DEBUG com.filestorage.service.FileStorageService - Fetching files for user ID: 1 in folder ID: null
2026-01-23 18:13:02.124 [http-nio-8080-exec-2] DEBUG com.filestorage.service.FileStorageService - Found 0 files for user ID: 1
2026-01-23 18:13:02.124 [http-nio-8080-exec-2] DEBUG com.filestorage.controller.FileController - Retrieved 0 files for user: userid1
2026-01-23 18:13:02.124 [http-nio-8080-exec-9] DEBUG com.filestorage.service.FolderService - Found 1 folders for user ID: 1
2026-01-23 18:13:02.124 [http-nio-8080-exec-9] DEBUG com.filestorage.controller.FolderController - Retrieved 1 folders for user: userid1
2026-01-23 18:13:03.094 [http-nio-8080-exec-8] DEBUG com.filestorage.security.JwtTokenProvider - JWT token validated successfully
2026-01-23 18:13:03.094 [http-nio-8080-exec-7] DEBUG com.filestorage.security.JwtTokenProvider - JWT token validated successfully
2026-01-23 18:13:03.096 [http-nio-8080-exec-8] DEBUG com.filestorage.security.JwtAuthenticationFilter - JWT token validated for user: userid1
2026-01-23 18:13:03.096 [http-nio-8080-exec-7] DEBUG com.filestorage.security.JwtAuthenticationFilter - JWT token validated for user: userid1
2026-01-23 18:13:03.096 [http-nio-8080-exec-8] DEBUG com.filestorage.service.UserDetailsServiceImpl - Loading user details for username: userid1
2026-01-23 18:13:03.096 [http-nio-8080-exec-7] DEBUG com.filestorage.service.UserDetailsServiceImpl - Loading user details for username: userid1
2026-01-23 18:13:03.099 [http-nio-8080-exec-8] DEBUG com.filestorage.service.UserDetailsServiceImpl - User details loaded successfully for: userid1
2026-01-23 18:13:03.099 [http-nio-8080-exec-7] DEBUG com.filestorage.service.UserDetailsServiceImpl - User details loaded successfully for: userid1
2026-01-23 18:13:03.100 [http-nio-8080-exec-8] DEBUG com.filestorage.security.JwtAuthenticationFilter - User userid1 authenticated successfully via JWT
2026-01-23 18:13:03.100 [http-nio-8080-exec-7] DEBUG com.filestorage.security.JwtAuthenticationFilter - User userid1 authenticated successfully via JWT
2026-01-23 18:13:03.101 [http-nio-8080-exec-8] DEBUG com.filestorage.controller.FileController - Fetching files for user: userid1 in folder: 1
2026-01-23 18:13:03.101 [http-nio-8080-exec-7] DEBUG com.filestorage.controller.FolderController - Fetching folders for user: userid1 in parent folder: 1
2026-01-23 18:13:03.103 [http-nio-8080-exec-7] DEBUG com.filestorage.service.FolderService - Fetching folders for user ID: 1 with parent folder ID: 1
2026-01-23 18:13:03.103 [http-nio-8080-exec-8] DEBUG com.filestorage.service.FileStorageService - Fetching files for user ID: 1 in folder ID: 1
2026-01-23 18:13:03.106 [http-nio-8080-exec-7] DEBUG com.filestorage.service.FolderService - Found 1 folders for user ID: 1
2026-01-23 18:13:03.106 [http-nio-8080-exec-7] DEBUG com.filestorage.controller.FolderController - Retrieved 1 folders for user: userid1
2026-01-23 18:13:03.106 [http-nio-8080-exec-8] DEBUG com.filestorage.service.FileStorageService - Found 2 files for user ID: 1
2026-01-23 18:13:03.107 [http-nio-8080-exec-8] DEBUG com.filestorage.controller.FileController - Retrieved 2 files for user: userid1
2026-01-23 18:16:04.843 [http-nio-8080-exec-2] DEBUG com.filestorage.security.JwtTokenProvider - JWT token validated successfully
2026-01-23 18:16:04.845 [http-nio-8080-exec-2] DEBUG com.filestorage.security.JwtAuthenticationFilter - JWT token validated for user: userid1
2026-01-23 18:16:04.846 [http-nio-8080-exec-2] DEBUG com.filestorage.service.UserDetailsServiceImpl - Loading user details for username: userid1
2026-01-23 18:16:04.848 [http-nio-8080-exec-9] DEBUG com.filestorage.security.JwtTokenProvider - JWT token validated successfully
2026-01-23 18:16:04.850 [http-nio-8080-exec-2] DEBUG com.filestorage.service.UserDetailsServiceImpl - User details loaded successfully for: userid1
2026-01-23 18:16:04.850 [http-nio-8080-exec-2] DEBUG com.filestorage.security.JwtAuthenticationFilter - User userid1 authenticated successfully via JWT
2026-01-23 18:16:04.851 [http-nio-8080-exec-2] DEBUG com.filestorage.controller.FolderController - Fetching folders for user: userid1 in parent folder: 5
2026-01-23 18:16:04.852 [http-nio-8080-exec-9] DEBUG com.filestorage.security.JwtAuthenticationFilter - JWT token validated for user: userid1
2026-01-23 18:16:04.852 [http-nio-8080-exec-9] DEBUG com.filestorage.service.UserDetailsServiceImpl - Loading user details for username: userid1
2026-01-23 18:16:04.855 [http-nio-8080-exec-9] DEBUG com.filestorage.service.UserDetailsServiceImpl - User details loaded successfully for: userid1
2026-01-23 18:16:04.855 [http-nio-8080-exec-9] DEBUG com.filestorage.security.JwtAuthenticationFilter - User userid1 authenticated successfully via JWT
2026-01-23 18:16:04.855 [http-nio-8080-exec-9] DEBUG com.filestorage.controller.FileController - Fetching files for user: userid1 in folder: 5
2026-01-23 18:16:04.855 [http-nio-8080-exec-2] DEBUG com.filestorage.service.FolderService - Fetching folders for user ID: 1 with parent folder ID: 5
2026-01-23 18:16:04.858 [http-nio-8080-exec-9] DEBUG com.filestorage.service.FileStorageService - Fetching files for user ID: 1 in folder ID: 5
2026-01-23 18:16:04.860 [http-nio-8080-exec-2] DEBUG com.filestorage.service.FolderService - Found 0 folders for user ID: 1
2026-01-23 18:16:04.862 [http-nio-8080-exec-2] DEBUG com.filestorage.controller.FolderController - Retrieved 0 folders for user: userid1
2026-01-23 18:16:04.862 [http-nio-8080-exec-9] DEBUG com.filestorage.service.FileStorageService - Found 0 files for user ID: 1
2026-01-23 18:16:04.862 [http-nio-8080-exec-9] DEBUG com.filestorage.controller.FileController - Retrieved 0 files for user: userid1
2026-01-23 18:16:05.908 [http-nio-8080-exec-8] DEBUG com.filestorage.security.JwtTokenProvider - JWT token validated successfully
2026-01-23 18:16:05.908 [http-nio-8080-exec-1] DEBUG com.filestorage.security.JwtTokenProvider - JWT token validated successfully
2026-01-23 18:16:05.916 [http-nio-8080-exec-1] DEBUG com.filestorage.security.JwtAuthenticationFilter - JWT token validated for user: userid1
2026-01-23 18:16:05.916 [http-nio-8080-exec-8] DEBUG com.filestorage.security.JwtAuthenticationFilter - JWT token validated for user: userid1
2026-01-23 18:16:05.916 [http-nio-8080-exec-1] DEBUG com.filestorage.service.UserDetailsServiceImpl - Loading user details for username: userid1
2026-01-23 18:16:05.916 [http-nio-8080-exec-8] DEBUG com.filestorage.service.UserDetailsServiceImpl - Loading user details for username: userid1
2026-01-23 18:16:05.917 [http-nio-8080-exec-8] DEBUG com.filestorage.service.UserDetailsServiceImpl - User details loaded successfully for: userid1
2026-01-23 18:16:05.917 [http-nio-8080-exec-1] DEBUG com.filestorage.service.UserDetailsServiceImpl - User details loaded successfully for: userid1
2026-01-23 18:16:05.917 [http-nio-8080-exec-8] DEBUG com.filestorage.security.JwtAuthenticationFilter - User userid1 authenticated successfully via JWT
2026-01-23 18:16:05.917 [http-nio-8080-exec-1] DEBUG com.filestorage.security.JwtAuthenticationFilter - User userid1 authenticated successfully via JWT
2026-01-23 18:16:05.917 [http-nio-8080-exec-1] DEBUG com.filestorage.controller.FileController - Fetching files for user: userid1 in folder: 1
2026-01-23 18:16:05.917 [http-nio-8080-exec-8] DEBUG com.filestorage.controller.FolderController - Fetching folders for user: userid1 in parent folder: 1
2026-01-23 18:16:05.917 [http-nio-8080-exec-1] DEBUG com.filestorage.service.FileStorageService - Fetching files for user ID: 1 in folder ID: 1
2026-01-23 18:16:05.917 [http-nio-8080-exec-8] DEBUG com.filestorage.service.FolderService - Fetching folders for user ID: 1 with parent folder ID: 1
2026-01-23 18:16:05.924 [http-nio-8080-exec-1] DEBUG com.filestorage.service.FileStorageService - Found 2 files for user ID: 1
2026-01-23 18:16:05.924 [http-nio-8080-exec-8] DEBUG com.filestorage.service.FolderService - Found 1 folders for user ID: 1
2026-01-23 18:16:05.924 [http-nio-8080-exec-1] DEBUG com.filestorage.controller.FileController - Retrieved 2 files for user: userid1
2026-01-23 18:16:05.924 [http-nio-8080-exec-8] DEBUG com.filestorage.controller.FolderController - Retrieved 1 folders for user: userid1
2026-01-23 18:16:06.237 [http-nio-8080-exec-3] DEBUG com.filestorage.security.JwtTokenProvider - JWT token validated successfully
2026-01-23 18:16:06.237 [http-nio-8080-exec-4] DEBUG com.filestorage.security.JwtTokenProvider - JWT token validated successfully
2026-01-23 18:16:06.240 [http-nio-8080-exec-3] DEBUG com.filestorage.security.JwtAuthenticationFilter - JWT token validated for user: userid1
2026-01-23 18:16:06.240 [http-nio-8080-exec-4] DEBUG com.filestorage.security.JwtAuthenticationFilter - JWT token validated for user: userid1
2026-01-23 18:16:06.240 [http-nio-8080-exec-3] DEBUG com.filestorage.service.UserDetailsServiceImpl - Loading user details for username: userid1
2026-01-23 18:16:06.240 [http-nio-8080-exec-4] DEBUG com.filestorage.service.UserDetailsServiceImpl - Loading user details for username: userid1
2026-01-23 18:16:06.242 [http-nio-8080-exec-3] DEBUG com.filestorage.service.UserDetailsServiceImpl - User details loaded successfully for: userid1
2026-01-23 18:16:06.242 [http-nio-8080-exec-4] DEBUG com.filestorage.service.UserDetailsServiceImpl - User details loaded successfully for: userid1
2026-01-23 18:16:06.242 [http-nio-8080-exec-3] DEBUG com.filestorage.security.JwtAuthenticationFilter - User userid1 authenticated successfully via JWT
2026-01-23 18:16:06.242 [http-nio-8080-exec-4] DEBUG com.filestorage.security.JwtAuthenticationFilter - User userid1 authenticated successfully via JWT
2026-01-23 18:16:06.243 [http-nio-8080-exec-3] DEBUG com.filestorage.controller.FileController - Fetching files for user: userid1 in folder: 1
2026-01-23 18:16:06.243 [http-nio-8080-exec-4] DEBUG com.filestorage.controller.FolderController - Fetching folders for user: userid1 in parent folder: 1
2026-01-23 18:16:06.245 [http-nio-8080-exec-4] DEBUG com.filestorage.service.FolderService - Fetching folders for user ID: 1 with parent folder ID: 1
2026-01-23 18:16:06.245 [http-nio-8080-exec-3] DEBUG com.filestorage.service.FileStorageService - Fetching files for user ID: 1 in folder ID: 1
2026-01-23 18:16:06.248 [http-nio-8080-exec-4] DEBUG com.filestorage.service.FolderService - Found 1 folders for user ID: 1
2026-01-23 18:16:06.248 [http-nio-8080-exec-3] DEBUG com.filestorage.service.FileStorageService - Found 2 files for user ID: 1
2026-01-23 18:16:06.250 [http-nio-8080-exec-4] DEBUG com.filestorage.controller.FolderController - Retrieved 1 folders for user: userid1
2026-01-23 18:16:06.250 [http-nio-8080-exec-3] DEBUG com.filestorage.controller.FileController - Retrieved 2 files for user: userid1
2026-01-23 18:16:18.697 [http-nio-8080-exec-9] DEBUG com.filestorage.security.JwtTokenProvider - JWT token validated successfully
2026-01-23 18:16:18.697 [http-nio-8080-exec-2] DEBUG com.filestorage.security.JwtTokenProvider - JWT token validated successfully
2026-01-23 18:16:18.699 [http-nio-8080-exec-2] DEBUG com.filestorage.security.JwtAuthenticationFilter - JWT token validated for user: userid1
2026-01-23 18:16:18.699 [http-nio-8080-exec-2] DEBUG com.filestorage.service.UserDetailsServiceImpl - Loading user details for username: userid1
2026-01-23 18:16:18.700 [http-nio-8080-exec-9] DEBUG com.filestorage.security.JwtAuthenticationFilter - JWT token validated for user: userid1
2026-01-23 18:16:18.700 [http-nio-8080-exec-9] DEBUG com.filestorage.service.UserDetailsServiceImpl - Loading user details for username: userid1
2026-01-23 18:16:18.701 [http-nio-8080-exec-2] DEBUG com.filestorage.service.UserDetailsServiceImpl - User details loaded successfully for: userid1
2026-01-23 18:16:18.701 [http-nio-8080-exec-9] DEBUG com.filestorage.service.UserDetailsServiceImpl - User details loaded successfully for: userid1
2026-01-23 18:16:18.701 [http-nio-8080-exec-2] DEBUG com.filestorage.security.JwtAuthenticationFilter - User userid1 authenticated successfully via JWT
2026-01-23 18:16:18.701 [http-nio-8080-exec-9] DEBUG com.filestorage.security.JwtAuthenticationFilter - User userid1 authenticated successfully via JWT
2026-01-23 18:16:18.701 [http-nio-8080-exec-2] DEBUG com.filestorage.controller.FolderController - Fetching folders for user: userid1 in parent folder: 5
2026-01-23 18:16:18.701 [http-nio-8080-exec-9] DEBUG com.filestorage.controller.FileController - Fetching files for user: userid1 in folder: 5
2026-01-23 18:16:18.701 [http-nio-8080-exec-2] DEBUG com.filestorage.service.FolderService - Fetching folders for user ID: 1 with parent folder ID: 5
2026-01-23 18:16:18.701 [http-nio-8080-exec-9] DEBUG com.filestorage.service.FileStorageService - Fetching files for user ID: 1 in folder ID: 5
2026-01-23 18:16:18.701 [http-nio-8080-exec-9] DEBUG com.filestorage.service.FileStorageService - Found 0 files for user ID: 1
2026-01-23 18:16:18.701 [http-nio-8080-exec-2] DEBUG com.filestorage.service.FolderService - Found 0 folders for user ID: 1
2026-01-23 18:16:18.701 [http-nio-8080-exec-9] DEBUG com.filestorage.controller.FileController - Retrieved 0 files for user: userid1
2026-01-23 18:16:18.701 [http-nio-8080-exec-2] DEBUG com.filestorage.controller.FolderController - Retrieved 0 folders for user: userid1
2026-01-23 18:16:20.197 [http-nio-8080-exec-8] DEBUG com.filestorage.security.JwtTokenProvider - JWT token validated successfully
2026-01-23 18:16:20.197 [http-nio-8080-exec-1] DEBUG com.filestorage.security.JwtTokenProvider - JWT token validated successfully
2026-01-23 18:16:20.197 [http-nio-8080-exec-8] DEBUG com.filestorage.security.JwtAuthenticationFilter - JWT token validated for user: userid1
2026-01-23 18:16:20.197 [http-nio-8080-exec-1] DEBUG com.filestorage.security.JwtAuthenticationFilter - JWT token validated for user: userid1
2026-01-23 18:16:20.197 [http-nio-8080-exec-8] DEBUG com.filestorage.service.UserDetailsServiceImpl - Loading user details for username: userid1
2026-01-23 18:16:20.197 [http-nio-8080-exec-1] DEBUG com.filestorage.service.UserDetailsServiceImpl - Loading user details for username: userid1
2026-01-23 18:16:20.197 [http-nio-8080-exec-8] DEBUG com.filestorage.service.UserDetailsServiceImpl - User details loaded successfully for: userid1
2026-01-23 18:16:20.197 [http-nio-8080-exec-8] DEBUG com.filestorage.security.JwtAuthenticationFilter - User userid1 authenticated successfully via JWT
2026-01-23 18:16:20.197 [http-nio-8080-exec-1] DEBUG com.filestorage.service.UserDetailsServiceImpl - User details loaded successfully for: userid1
2026-01-23 18:16:20.197 [http-nio-8080-exec-1] DEBUG com.filestorage.security.JwtAuthenticationFilter - User userid1 authenticated successfully via JWT
2026-01-23 18:16:20.197 [http-nio-8080-exec-8] DEBUG com.filestorage.controller.FileController - Fetching files for user: userid1 in folder: null
2026-01-23 18:16:20.197 [http-nio-8080-exec-1] DEBUG com.filestorage.controller.FolderController - Fetching folders for user: userid1 in parent folder: null
2026-01-23 18:16:20.197 [http-nio-8080-exec-8] DEBUG com.filestorage.service.FileStorageService - Fetching files for user ID: 1 in folder ID: null
2026-01-23 18:16:20.197 [http-nio-8080-exec-1] DEBUG com.filestorage.service.FolderService - Fetching folders for user ID: 1 with parent folder ID: null
2026-01-23 18:16:20.197 [http-nio-8080-exec-8] DEBUG com.filestorage.service.FileStorageService - Found 0 files for user ID: 1
2026-01-23 18:16:20.212 [http-nio-8080-exec-8] DEBUG com.filestorage.controller.FileController - Retrieved 0 files for user: userid1
2026-01-23 18:16:20.211 [http-nio-8080-exec-1] DEBUG com.filestorage.service.FolderService - Found 1 folders for user ID: 1
2026-01-23 18:16:20.212 [http-nio-8080-exec-1] DEBUG com.filestorage.controller.FolderController - Retrieved 1 folders for user: userid1
2026-01-23 18:16:21.062 [http-nio-8080-exec-7] DEBUG com.filestorage.security.JwtTokenProvider - JWT token validated successfully
2026-01-23 18:16:21.062 [http-nio-8080-exec-10] DEBUG com.filestorage.security.JwtTokenProvider - JWT token validated successfully
2026-01-23 18:16:21.062 [http-nio-8080-exec-7] DEBUG com.filestorage.security.JwtAuthenticationFilter - JWT token validated for user: userid1
2026-01-23 18:16:21.062 [http-nio-8080-exec-7] DEBUG com.filestorage.service.UserDetailsServiceImpl - Loading user details for username: userid1
2026-01-23 18:16:21.062 [http-nio-8080-exec-10] DEBUG com.filestorage.security.JwtAuthenticationFilter - JWT token validated for user: userid1
2026-01-23 18:16:21.062 [http-nio-8080-exec-10] DEBUG com.filestorage.service.UserDetailsServiceImpl - Loading user details for username: userid1
2026-01-23 18:16:21.062 [http-nio-8080-exec-7] DEBUG com.filestorage.service.UserDetailsServiceImpl - User details loaded successfully for: userid1
2026-01-23 18:16:21.062 [http-nio-8080-exec-7] DEBUG com.filestorage.security.JwtAuthenticationFilter - User userid1 authenticated successfully via JWT
2026-01-23 18:16:21.062 [http-nio-8080-exec-7] DEBUG com.filestorage.controller.FileController - Fetching files for user: userid1 in folder: 1
2026-01-23 18:16:21.062 [http-nio-8080-exec-10] DEBUG com.filestorage.service.UserDetailsServiceImpl - User details loaded successfully for: userid1
2026-01-23 18:16:21.062 [http-nio-8080-exec-10] DEBUG com.filestorage.security.JwtAuthenticationFilter - User userid1 authenticated successfully via JWT
2026-01-23 18:16:21.062 [http-nio-8080-exec-7] DEBUG com.filestorage.service.FileStorageService - Fetching files for user ID: 1 in folder ID: 1
2026-01-23 18:16:21.062 [http-nio-8080-exec-10] DEBUG com.filestorage.controller.FolderController - Fetching folders for user: userid1 in parent folder: 1
2026-01-23 18:16:21.062 [http-nio-8080-exec-10] DEBUG com.filestorage.service.FolderService - Fetching folders for user ID: 1 with parent folder ID: 1
2026-01-23 18:16:21.062 [http-nio-8080-exec-7] DEBUG com.filestorage.service.FileStorageService - Found 2 files for user ID: 1
2026-01-23 18:16:21.075 [http-nio-8080-exec-7] DEBUG com.filestorage.controller.FileController - Retrieved 2 files for user: userid1
2026-01-23 18:16:21.076 [http-nio-8080-exec-10] DEBUG com.filestorage.service.FolderService - Found 1 folders for user ID: 1
2026-01-23 18:16:21.076 [http-nio-8080-exec-10] DEBUG com.filestorage.controller.FolderController - Retrieved 1 folders for user: userid1
2026-01-23 18:16:27.067 [http-nio-8080-exec-6] DEBUG com.filestorage.security.JwtTokenProvider - JWT token validated successfully
2026-01-23 18:16:27.067 [http-nio-8080-exec-5] DEBUG com.filestorage.security.JwtTokenProvider - JWT token validated successfully
2026-01-23 18:16:27.075 [http-nio-8080-exec-6] DEBUG com.filestorage.security.JwtAuthenticationFilter - JWT token validated for user: userid1
2026-01-23 18:16:27.075 [http-nio-8080-exec-5] DEBUG com.filestorage.security.JwtAuthenticationFilter - JWT token validated for user: userid1
2026-01-23 18:16:27.075 [http-nio-8080-exec-6] DEBUG com.filestorage.service.UserDetailsServiceImpl - Loading user details for username: userid1
2026-01-23 18:16:27.075 [http-nio-8080-exec-5] DEBUG com.filestorage.service.UserDetailsServiceImpl - Loading user details for username: userid1
2026-01-23 18:16:27.077 [http-nio-8080-exec-6] DEBUG com.filestorage.service.UserDetailsServiceImpl - User details loaded successfully for: userid1
2026-01-23 18:16:27.077 [http-nio-8080-exec-5] DEBUG com.filestorage.service.UserDetailsServiceImpl - User details loaded successfully for: userid1
2026-01-23 18:16:27.078 [http-nio-8080-exec-6] DEBUG com.filestorage.security.JwtAuthenticationFilter - User userid1 authenticated successfully via JWT
2026-01-23 18:16:27.078 [http-nio-8080-exec-5] DEBUG com.filestorage.security.JwtAuthenticationFilter - User userid1 authenticated successfully via JWT
2026-01-23 18:16:27.079 [http-nio-8080-exec-5] DEBUG com.filestorage.controller.FileController - Fetching files for user: userid1 in folder: null
2026-01-23 18:16:27.079 [http-nio-8080-exec-6] DEBUG com.filestorage.controller.FolderController - Fetching folders for user: userid1 in parent folder: null
2026-01-23 18:16:27.081 [http-nio-8080-exec-5] DEBUG com.filestorage.service.FileStorageService - Fetching files for user ID: 1 in folder ID: null
2026-01-23 18:16:27.081 [http-nio-8080-exec-6] DEBUG com.filestorage.service.FolderService - Fetching folders for user ID: 1 with parent folder ID: null
2026-01-23 18:16:27.083 [http-nio-8080-exec-5] DEBUG com.filestorage.service.FileStorageService - Found 0 files for user ID: 1
2026-01-23 18:16:27.083 [http-nio-8080-exec-5] DEBUG com.filestorage.controller.FileController - Retrieved 0 files for user: userid1
2026-01-23 18:16:27.083 [http-nio-8080-exec-6] DEBUG com.filestorage.service.FolderService - Found 1 folders for user ID: 1
2026-01-23 18:16:27.083 [http-nio-8080-exec-6] DEBUG com.filestorage.controller.FolderController - Retrieved 1 folders for user: userid1
2026-01-23 18:16:35.877 [http-nio-8080-exec-8] DEBUG com.filestorage.security.JwtTokenProvider - JWT token validated successfully
2026-01-23 18:16:35.884 [http-nio-8080-exec-8] DEBUG com.filestorage.security.JwtAuthenticationFilter - JWT token validated for user: userid1
2026-01-23 18:16:35.884 [http-nio-8080-exec-8] DEBUG com.filestorage.service.UserDetailsServiceImpl - Loading user details for username: userid1
2026-01-23 18:16:35.889 [http-nio-8080-exec-8] DEBUG com.filestorage.service.UserDetailsServiceImpl - User details loaded successfully for: userid1
2026-01-23 18:16:35.890 [http-nio-8080-exec-8] DEBUG com.filestorage.security.JwtAuthenticationFilter - User userid1 authenticated successfully via JWT
2026-01-23 18:16:36.099 [http-nio-8080-exec-8] INFO  com.filestorage.controller.FileController - File upload requested: Scan Jun 13, 2023 (1).pdf (size: 444279 bytes) by user: userid1 with options - AI Summarize: false, Extract Metadata: false, Generate Thumbnail: false, Tags: null
2026-01-23 18:16:36.099 [http-nio-8080-exec-8] DEBUG com.filestorage.service.FileStorageService - Storing file: Scan Jun 13, 2023 (1).pdf for user ID: 1 in folder ID: null
2026-01-23 18:16:36.099 [http-nio-8080-exec-8] DEBUG com.filestorage.service.FileStorageService - User storage path created/verified: .\uploads\1
2026-01-23 18:16:36.135 [http-nio-8080-exec-8] DEBUG com.filestorage.service.FileStorageService - File copied to: .\uploads\1\ae9ffabc-81cf-4ecd-8b7c-7ab37da016b9_Scan Jun 13, 2023 (1).pdf
2026-01-23 18:16:36.259 [http-nio-8080-exec-8] INFO  com.filestorage.service.FileStorageService - File stored successfully: Scan Jun 13, 2023 (1).pdf with metadata ID: 11
2026-01-23 18:16:36.259 [http-nio-8080-exec-8] INFO  com.filestorage.controller.FileController - File uploaded successfully: Scan Jun 13, 2023 (1).pdf with ID: 11
2026-01-23 18:16:36.279 [http-nio-8080-exec-4] DEBUG com.filestorage.security.JwtTokenProvider - JWT token validated successfully
2026-01-23 18:16:36.281 [http-nio-8080-exec-4] DEBUG com.filestorage.security.JwtAuthenticationFilter - JWT token validated for user: userid1
2026-01-23 18:16:36.281 [http-nio-8080-exec-4] DEBUG com.filestorage.service.UserDetailsServiceImpl - Loading user details for username: userid1
2026-01-23 18:16:36.286 [http-nio-8080-exec-4] DEBUG com.filestorage.service.UserDetailsServiceImpl - User details loaded successfully for: userid1
2026-01-23 18:16:36.286 [http-nio-8080-exec-4] DEBUG com.filestorage.security.JwtAuthenticationFilter - User userid1 authenticated successfully via JWT
2026-01-23 18:16:36.286 [http-nio-8080-exec-4] DEBUG com.filestorage.controller.FileController - Fetching files for user: userid1 in folder: null
2026-01-23 18:16:36.286 [http-nio-8080-exec-4] DEBUG com.filestorage.service.FileStorageService - Fetching files for user ID: 1 in folder ID: null
2026-01-23 18:16:36.292 [http-nio-8080-exec-4] DEBUG com.filestorage.service.FileStorageService - Found 1 files for user ID: 1
2026-01-23 18:16:36.292 [http-nio-8080-exec-4] DEBUG com.filestorage.controller.FileController - Retrieved 1 files for user: userid1
2026-01-23 18:16:36.297 [http-nio-8080-exec-7] DEBUG com.filestorage.security.JwtTokenProvider - JWT token validated successfully
2026-01-23 18:16:36.301 [http-nio-8080-exec-7] DEBUG com.filestorage.security.JwtAuthenticationFilter - JWT token validated for user: userid1
2026-01-23 18:16:36.301 [http-nio-8080-exec-7] DEBUG com.filestorage.service.UserDetailsServiceImpl - Loading user details for username: userid1
2026-01-23 18:16:36.304 [http-nio-8080-exec-7] DEBUG com.filestorage.service.UserDetailsServiceImpl - User details loaded successfully for: userid1
2026-01-23 18:16:36.304 [http-nio-8080-exec-7] DEBUG com.filestorage.security.JwtAuthenticationFilter - User userid1 authenticated successfully via JWT
2026-01-23 18:16:36.304 [http-nio-8080-exec-7] DEBUG com.filestorage.controller.FolderController - Fetching folders for user: userid1 in parent folder: null
2026-01-23 18:16:36.304 [http-nio-8080-exec-7] DEBUG com.filestorage.service.FolderService - Fetching folders for user ID: 1 with parent folder ID: null
2026-01-23 18:16:36.304 [http-nio-8080-exec-7] DEBUG com.filestorage.service.FolderService - Found 1 folders for user ID: 1
2026-01-23 18:16:36.304 [http-nio-8080-exec-7] DEBUG com.filestorage.controller.FolderController - Retrieved 1 folders for user: userid1
2026-01-23 18:19:08.814 [http-nio-8080-exec-1] DEBUG com.filestorage.security.JwtTokenProvider - JWT token validated successfully
2026-01-23 18:19:08.817 [http-nio-8080-exec-5] DEBUG com.filestorage.security.JwtTokenProvider - JWT token validated successfully
2026-01-23 18:19:08.822 [http-nio-8080-exec-5] DEBUG com.filestorage.security.JwtAuthenticationFilter - JWT token validated for user: userid1
2026-01-23 18:19:08.822 [http-nio-8080-exec-5] DEBUG com.filestorage.service.UserDetailsServiceImpl - Loading user details for username: userid1
2026-01-23 18:19:08.822 [http-nio-8080-exec-1] DEBUG com.filestorage.security.JwtAuthenticationFilter - JWT token validated for user: userid1
2026-01-23 18:19:08.822 [http-nio-8080-exec-1] DEBUG com.filestorage.service.UserDetailsServiceImpl - Loading user details for username: userid1
2026-01-23 18:19:08.825 [http-nio-8080-exec-5] DEBUG com.filestorage.service.UserDetailsServiceImpl - User details loaded successfully for: userid1
2026-01-23 18:19:08.826 [http-nio-8080-exec-5] DEBUG com.filestorage.security.JwtAuthenticationFilter - User userid1 authenticated successfully via JWT
2026-01-23 18:19:08.826 [http-nio-8080-exec-1] DEBUG com.filestorage.service.UserDetailsServiceImpl - User details loaded successfully for: userid1
2026-01-23 18:19:08.826 [http-nio-8080-exec-1] DEBUG com.filestorage.security.JwtAuthenticationFilter - User userid1 authenticated successfully via JWT
2026-01-23 18:19:08.827 [http-nio-8080-exec-1] DEBUG com.filestorage.controller.FileController - Fetching files for user: userid1 in folder: null
2026-01-23 18:19:08.827 [http-nio-8080-exec-5] DEBUG com.filestorage.controller.FolderController - Fetching folders for user: userid1 in parent folder: null
2026-01-23 18:19:08.829 [http-nio-8080-exec-1] DEBUG com.filestorage.service.FileStorageService - Fetching files for user ID: 1 in folder ID: null
2026-01-23 18:19:08.832 [http-nio-8080-exec-1] DEBUG com.filestorage.service.FileStorageService - Found 1 files for user ID: 1
2026-01-23 18:19:08.833 [http-nio-8080-exec-1] DEBUG com.filestorage.controller.FileController - Retrieved 1 files for user: userid1
2026-01-23 18:19:08.834 [http-nio-8080-exec-5] DEBUG com.filestorage.service.FolderService - Fetching folders for user ID: 1 with parent folder ID: null
2026-01-23 18:19:08.836 [http-nio-8080-exec-5] DEBUG com.filestorage.service.FolderService - Found 1 folders for user ID: 1
2026-01-23 18:19:08.836 [http-nio-8080-exec-5] DEBUG com.filestorage.controller.FolderController - Retrieved 1 folders for user: userid1
2026-01-23 18:19:38.732 [http-nio-8080-exec-8] DEBUG com.filestorage.security.JwtTokenProvider - JWT token validated successfully
2026-01-23 18:19:38.739 [http-nio-8080-exec-8] DEBUG com.filestorage.security.JwtAuthenticationFilter - JWT token validated for user: userid1
2026-01-23 18:19:38.739 [http-nio-8080-exec-8] DEBUG com.filestorage.service.UserDetailsServiceImpl - Loading user details for username: userid1
2026-01-23 18:19:38.739 [http-nio-8080-exec-8] DEBUG com.filestorage.service.UserDetailsServiceImpl - User details loaded successfully for: userid1
2026-01-23 18:19:38.739 [http-nio-8080-exec-8] DEBUG com.filestorage.security.JwtAuthenticationFilter - User userid1 authenticated successfully via JWT
2026-01-23 18:19:38.739 [http-nio-8080-exec-8] DEBUG com.filestorage.controller.FolderController - Fetching folders for user: userid1 in parent folder: null
2026-01-23 18:19:38.739 [http-nio-8080-exec-7] DEBUG com.filestorage.security.JwtTokenProvider - JWT token validated successfully
2026-01-23 18:19:38.749 [http-nio-8080-exec-8] DEBUG com.filestorage.service.FolderService - Fetching folders for user ID: 1 with parent folder ID: null
2026-01-23 18:19:38.751 [http-nio-8080-exec-8] DEBUG com.filestorage.service.FolderService - Found 1 folders for user ID: 1
2026-01-23 18:19:38.752 [http-nio-8080-exec-7] DEBUG com.filestorage.security.JwtAuthenticationFilter - JWT token validated for user: userid1
2026-01-23 18:19:38.777 [http-nio-8080-exec-8] DEBUG com.filestorage.controller.FolderController - Retrieved 1 folders for user: userid1
2026-01-23 18:19:38.777 [http-nio-8080-exec-7] DEBUG com.filestorage.service.UserDetailsServiceImpl - Loading user details for username: userid1
2026-01-23 18:19:38.780 [http-nio-8080-exec-7] DEBUG com.filestorage.service.UserDetailsServiceImpl - User details loaded successfully for: userid1
2026-01-23 18:19:38.780 [http-nio-8080-exec-7] DEBUG com.filestorage.security.JwtAuthenticationFilter - User userid1 authenticated successfully via JWT
2026-01-23 18:19:38.781 [http-nio-8080-exec-7] DEBUG com.filestorage.controller.FileController - Fetching files for user: userid1 in folder: null
2026-01-23 18:19:38.784 [http-nio-8080-exec-7] DEBUG com.filestorage.service.FileStorageService - Fetching files for user ID: 1 in folder ID: null
2026-01-23 18:19:38.787 [http-nio-8080-exec-7] DEBUG com.filestorage.service.FileStorageService - Found 1 files for user ID: 1
2026-01-23 18:19:38.787 [http-nio-8080-exec-7] DEBUG com.filestorage.controller.FileController - Retrieved 1 files for user: userid1
2026-01-23 18:20:00.372 [http-nio-8080-exec-9] DEBUG com.filestorage.security.JwtTokenProvider - JWT token validated successfully
2026-01-23 18:20:00.378 [http-nio-8080-exec-9] DEBUG com.filestorage.security.JwtAuthenticationFilter - JWT token validated for user: userid1
2026-01-23 18:20:00.378 [http-nio-8080-exec-9] DEBUG com.filestorage.service.UserDetailsServiceImpl - Loading user details for username: userid1
2026-01-23 18:20:00.378 [http-nio-8080-exec-9] DEBUG com.filestorage.service.UserDetailsServiceImpl - User details loaded successfully for: userid1
2026-01-23 18:20:00.378 [http-nio-8080-exec-9] DEBUG com.filestorage.security.JwtAuthenticationFilter - User userid1 authenticated successfully via JWT
2026-01-23 18:20:00.518 [http-nio-8080-exec-9] INFO  com.filestorage.controller.FileController - File upload requested: lab report.jpg (size: 1840766 bytes) by user: userid1 with options - AI Summarize: false, Extract Metadata: false, Generate Thumbnail: false, Tags: null
2026-01-23 18:20:00.518 [http-nio-8080-exec-9] DEBUG com.filestorage.service.FileStorageService - Storing file: lab report.jpg for user ID: 1 in folder ID: null
2026-01-23 18:20:00.518 [http-nio-8080-exec-9] DEBUG com.filestorage.service.FileStorageService - User storage path created/verified: .\uploads\1
2026-01-23 18:20:00.542 [http-nio-8080-exec-9] DEBUG com.filestorage.service.FileStorageService - File copied to: .\uploads\1\b84dd874-2214-4c16-b4ef-41563b4c1743_lab report.jpg
2026-01-23 18:20:00.555 [http-nio-8080-exec-9] INFO  com.filestorage.service.FileStorageService - File stored successfully: lab report.jpg with metadata ID: 12
2026-01-23 18:20:00.555 [http-nio-8080-exec-9] INFO  com.filestorage.controller.FileController - File uploaded successfully: lab report.jpg with ID: 12
2026-01-23 18:20:00.570 [http-nio-8080-exec-6] DEBUG com.filestorage.security.JwtTokenProvider - JWT token validated successfully
2026-01-23 18:20:00.573 [http-nio-8080-exec-6] DEBUG com.filestorage.security.JwtAuthenticationFilter - JWT token validated for user: userid1
2026-01-23 18:20:00.573 [http-nio-8080-exec-6] DEBUG com.filestorage.service.UserDetailsServiceImpl - Loading user details for username: userid1
2026-01-23 18:20:00.575 [http-nio-8080-exec-6] DEBUG com.filestorage.service.UserDetailsServiceImpl - User details loaded successfully for: userid1
2026-01-23 18:20:00.575 [http-nio-8080-exec-6] DEBUG com.filestorage.security.JwtAuthenticationFilter - User userid1 authenticated successfully via JWT
2026-01-23 18:20:00.576 [http-nio-8080-exec-6] DEBUG com.filestorage.controller.FileController - Fetching files for user: userid1 in folder: null
2026-01-23 18:20:00.577 [http-nio-8080-exec-6] DEBUG com.filestorage.service.FileStorageService - Fetching files for user ID: 1 in folder ID: null
2026-01-23 18:20:00.579 [http-nio-8080-exec-6] DEBUG com.filestorage.service.FileStorageService - Found 2 files for user ID: 1
2026-01-23 18:20:00.579 [http-nio-8080-exec-6] DEBUG com.filestorage.controller.FileController - Retrieved 2 files for user: userid1
2026-01-23 18:20:00.587 [http-nio-8080-exec-1] DEBUG com.filestorage.security.JwtTokenProvider - JWT token validated successfully
2026-01-23 18:20:00.589 [http-nio-8080-exec-1] DEBUG com.filestorage.security.JwtAuthenticationFilter - JWT token validated for user: userid1
2026-01-23 18:20:00.589 [http-nio-8080-exec-1] DEBUG com.filestorage.service.UserDetailsServiceImpl - Loading user details for username: userid1
2026-01-23 18:20:00.592 [http-nio-8080-exec-1] DEBUG com.filestorage.service.UserDetailsServiceImpl - User details loaded successfully for: userid1
2026-01-23 18:20:00.592 [http-nio-8080-exec-1] DEBUG com.filestorage.security.JwtAuthenticationFilter - User userid1 authenticated successfully via JWT
2026-01-23 18:20:00.592 [http-nio-8080-exec-1] DEBUG com.filestorage.controller.FolderController - Fetching folders for user: userid1 in parent folder: null
2026-01-23 18:20:00.592 [http-nio-8080-exec-1] DEBUG com.filestorage.service.FolderService - Fetching folders for user ID: 1 with parent folder ID: null
2026-01-23 18:20:00.592 [http-nio-8080-exec-1] DEBUG com.filestorage.service.FolderService - Found 1 folders for user ID: 1
2026-01-23 18:20:00.592 [http-nio-8080-exec-1] DEBUG com.filestorage.controller.FolderController - Retrieved 1 folders for user: userid1
2026-01-23 18:20:16.306 [http-nio-8080-exec-8] DEBUG com.filestorage.security.JwtTokenProvider - JWT token validated successfully
2026-01-23 18:20:16.306 [http-nio-8080-exec-4] DEBUG com.filestorage.security.JwtTokenProvider - JWT token validated successfully
2026-01-23 18:20:16.306 [http-nio-8080-exec-8] DEBUG com.filestorage.security.JwtAuthenticationFilter - JWT token validated for user: userid1
2026-01-23 18:20:16.306 [http-nio-8080-exec-8] DEBUG com.filestorage.service.UserDetailsServiceImpl - Loading user details for username: userid1
2026-01-23 18:20:16.306 [http-nio-8080-exec-4] DEBUG com.filestorage.security.JwtAuthenticationFilter - JWT token validated for user: userid1
2026-01-23 18:20:16.306 [http-nio-8080-exec-4] DEBUG com.filestorage.service.UserDetailsServiceImpl - Loading user details for username: userid1
2026-01-23 18:20:16.315 [http-nio-8080-exec-4] DEBUG com.filestorage.service.UserDetailsServiceImpl - User details loaded successfully for: userid1
2026-01-23 18:20:16.315 [http-nio-8080-exec-8] DEBUG com.filestorage.service.UserDetailsServiceImpl - User details loaded successfully for: userid1
2026-01-23 18:20:16.315 [http-nio-8080-exec-4] DEBUG com.filestorage.security.JwtAuthenticationFilter - User userid1 authenticated successfully via JWT
2026-01-23 18:20:16.315 [http-nio-8080-exec-8] DEBUG com.filestorage.security.JwtAuthenticationFilter - User userid1 authenticated successfully via JWT
2026-01-23 18:20:16.315 [http-nio-8080-exec-8] DEBUG com.filestorage.controller.FolderController - Fetching folders for user: userid1 in parent folder: null
2026-01-23 18:20:16.315 [http-nio-8080-exec-4] DEBUG com.filestorage.controller.FileController - Fetching files for user: userid1 in folder: null
2026-01-23 18:20:16.317 [http-nio-8080-exec-8] DEBUG com.filestorage.service.FolderService - Fetching folders for user ID: 1 with parent folder ID: null
2026-01-23 18:20:16.317 [http-nio-8080-exec-4] DEBUG com.filestorage.service.FileStorageService - Fetching files for user ID: 1 in folder ID: null
2026-01-23 18:20:16.317 [http-nio-8080-exec-8] DEBUG com.filestorage.service.FolderService - Found 1 folders for user ID: 1
2026-01-23 18:20:16.317 [http-nio-8080-exec-8] DEBUG com.filestorage.controller.FolderController - Retrieved 1 folders for user: userid1
2026-01-23 18:20:16.317 [http-nio-8080-exec-4] DEBUG com.filestorage.service.FileStorageService - Found 2 files for user ID: 1
2026-01-23 18:20:16.317 [http-nio-8080-exec-4] DEBUG com.filestorage.controller.FileController - Retrieved 2 files for user: userid1
2026-01-23 18:20:19.885 [http-nio-8080-exec-2] DEBUG com.filestorage.security.JwtTokenProvider - JWT token validated successfully
2026-01-23 18:20:19.885 [http-nio-8080-exec-6] DEBUG com.filestorage.security.JwtTokenProvider - JWT token validated successfully
2026-01-23 18:20:19.886 [http-nio-8080-exec-6] DEBUG com.filestorage.security.JwtAuthenticationFilter - JWT token validated for user: userid1
2026-01-23 18:20:19.886 [http-nio-8080-exec-2] DEBUG com.filestorage.security.JwtAuthenticationFilter - JWT token validated for user: userid1
2026-01-23 18:20:19.886 [http-nio-8080-exec-2] DEBUG com.filestorage.service.UserDetailsServiceImpl - Loading user details for username: userid1
2026-01-23 18:20:19.886 [http-nio-8080-exec-6] DEBUG com.filestorage.service.UserDetailsServiceImpl - Loading user details for username: userid1
2026-01-23 18:20:19.886 [http-nio-8080-exec-2] DEBUG com.filestorage.service.UserDetailsServiceImpl - User details loaded successfully for: userid1
2026-01-23 18:20:19.886 [http-nio-8080-exec-6] DEBUG com.filestorage.service.UserDetailsServiceImpl - User details loaded successfully for: userid1
2026-01-23 18:20:19.886 [http-nio-8080-exec-2] DEBUG com.filestorage.security.JwtAuthenticationFilter - User userid1 authenticated successfully via JWT
2026-01-23 18:20:19.886 [http-nio-8080-exec-6] DEBUG com.filestorage.security.JwtAuthenticationFilter - User userid1 authenticated successfully via JWT
2026-01-23 18:20:19.886 [http-nio-8080-exec-2] DEBUG com.filestorage.controller.FolderController - Fetching folders for user: userid1 in parent folder: 1
2026-01-23 18:20:19.886 [http-nio-8080-exec-6] DEBUG com.filestorage.controller.FileController - Fetching files for user: userid1 in folder: 1
2026-01-23 18:20:19.886 [http-nio-8080-exec-2] DEBUG com.filestorage.service.FolderService - Fetching folders for user ID: 1 with parent folder ID: 1
2026-01-23 18:20:19.886 [http-nio-8080-exec-6] DEBUG com.filestorage.service.FileStorageService - Fetching files for user ID: 1 in folder ID: 1
2026-01-23 18:20:19.892 [http-nio-8080-exec-2] DEBUG com.filestorage.service.FolderService - Found 1 folders for user ID: 1
2026-01-23 18:20:19.892 [http-nio-8080-exec-6] DEBUG com.filestorage.service.FileStorageService - Found 2 files for user ID: 1
2026-01-23 18:20:19.892 [http-nio-8080-exec-2] DEBUG com.filestorage.controller.FolderController - Retrieved 1 folders for user: userid1
2026-01-23 18:20:19.892 [http-nio-8080-exec-6] DEBUG com.filestorage.controller.FileController - Retrieved 2 files for user: userid1
2026-01-23 18:20:21.190 [http-nio-8080-exec-3] DEBUG com.filestorage.security.JwtTokenProvider - JWT token validated successfully
2026-01-23 18:20:21.190 [http-nio-8080-exec-5] DEBUG com.filestorage.security.JwtTokenProvider - JWT token validated successfully
2026-01-23 18:20:21.190 [http-nio-8080-exec-5] DEBUG com.filestorage.security.JwtAuthenticationFilter - JWT token validated for user: userid1
2026-01-23 18:20:21.190 [http-nio-8080-exec-3] DEBUG com.filestorage.security.JwtAuthenticationFilter - JWT token validated for user: userid1
2026-01-23 18:20:21.190 [http-nio-8080-exec-5] DEBUG com.filestorage.service.UserDetailsServiceImpl - Loading user details for username: userid1
2026-01-23 18:20:21.190 [http-nio-8080-exec-3] DEBUG com.filestorage.service.UserDetailsServiceImpl - Loading user details for username: userid1
2026-01-23 18:20:21.195 [http-nio-8080-exec-5] DEBUG com.filestorage.service.UserDetailsServiceImpl - User details loaded successfully for: userid1
2026-01-23 18:20:21.195 [http-nio-8080-exec-5] DEBUG com.filestorage.security.JwtAuthenticationFilter - User userid1 authenticated successfully via JWT
2026-01-23 18:20:21.195 [http-nio-8080-exec-3] DEBUG com.filestorage.service.UserDetailsServiceImpl - User details loaded successfully for: userid1
2026-01-23 18:20:21.195 [http-nio-8080-exec-3] DEBUG com.filestorage.security.JwtAuthenticationFilter - User userid1 authenticated successfully via JWT
2026-01-23 18:20:21.195 [http-nio-8080-exec-5] DEBUG com.filestorage.controller.FileController - Fetching files for user: userid1 in folder: 5
2026-01-23 18:20:21.195 [http-nio-8080-exec-3] DEBUG com.filestorage.controller.FolderController - Fetching folders for user: userid1 in parent folder: 5
2026-01-23 18:20:21.197 [http-nio-8080-exec-3] DEBUG com.filestorage.service.FolderService - Fetching folders for user ID: 1 with parent folder ID: 5
2026-01-23 18:20:21.197 [http-nio-8080-exec-5] DEBUG com.filestorage.service.FileStorageService - Fetching files for user ID: 1 in folder ID: 5
2026-01-23 18:20:21.197 [http-nio-8080-exec-5] DEBUG com.filestorage.service.FileStorageService - Found 0 files for user ID: 1
2026-01-23 18:20:21.197 [http-nio-8080-exec-3] DEBUG com.filestorage.service.FolderService - Found 0 folders for user ID: 1
2026-01-23 18:20:21.197 [http-nio-8080-exec-5] DEBUG com.filestorage.controller.FileController - Retrieved 0 files for user: userid1
2026-01-23 18:20:21.197 [http-nio-8080-exec-3] DEBUG com.filestorage.controller.FolderController - Retrieved 0 folders for user: userid1
2026-01-23 18:27:52.416 [http-nio-8080-exec-2] DEBUG com.filestorage.security.JwtTokenProvider - JWT token validated successfully
2026-01-23 18:27:52.416 [http-nio-8080-exec-6] DEBUG com.filestorage.security.JwtTokenProvider - JWT token validated successfully
2026-01-23 18:27:52.416 [http-nio-8080-exec-2] DEBUG com.filestorage.security.JwtAuthenticationFilter - JWT token validated for user: userid1
2026-01-23 18:27:52.416 [http-nio-8080-exec-6] DEBUG com.filestorage.security.JwtAuthenticationFilter - JWT token validated for user: userid1
2026-01-23 18:27:52.416 [http-nio-8080-exec-2] DEBUG com.filestorage.service.UserDetailsServiceImpl - Loading user details for username: userid1
2026-01-23 18:27:52.416 [http-nio-8080-exec-6] DEBUG com.filestorage.service.UserDetailsServiceImpl - Loading user details for username: userid1
2026-01-23 18:27:52.420 [http-nio-8080-exec-2] DEBUG com.filestorage.service.UserDetailsServiceImpl - User details loaded successfully for: userid1
2026-01-23 18:27:52.420 [http-nio-8080-exec-6] DEBUG com.filestorage.service.UserDetailsServiceImpl - User details loaded successfully for: userid1
2026-01-23 18:27:52.420 [http-nio-8080-exec-2] DEBUG com.filestorage.security.JwtAuthenticationFilter - User userid1 authenticated successfully via JWT
2026-01-23 18:27:52.420 [http-nio-8080-exec-6] DEBUG com.filestorage.security.JwtAuthenticationFilter - User userid1 authenticated successfully via JWT
2026-01-23 18:27:52.420 [http-nio-8080-exec-6] DEBUG com.filestorage.controller.FolderController - Fetching folders for user: userid1 in parent folder: null
2026-01-23 18:27:52.420 [http-nio-8080-exec-2] DEBUG com.filestorage.controller.FileController - Fetching files for user: userid1 in folder: null
2026-01-23 18:27:52.420 [http-nio-8080-exec-2] DEBUG com.filestorage.service.FileStorageService - Fetching files for user ID: 1 in folder ID: null
2026-01-23 18:27:52.420 [http-nio-8080-exec-6] DEBUG com.filestorage.service.FolderService - Fetching folders for user ID: 1 with parent folder ID: null
2026-01-23 18:27:52.420 [http-nio-8080-exec-6] DEBUG com.filestorage.service.FolderService - Found 1 folders for user ID: 1
2026-01-23 18:27:52.420 [http-nio-8080-exec-2] DEBUG com.filestorage.service.FileStorageService - Found 2 files for user ID: 1
2026-01-23 18:27:52.420 [http-nio-8080-exec-6] DEBUG com.filestorage.controller.FolderController - Retrieved 1 folders for user: userid1
2026-01-23 18:27:52.420 [http-nio-8080-exec-2] DEBUG com.filestorage.controller.FileController - Retrieved 2 files for user: userid1
2026-01-23 18:40:23.740 [SpringApplicationShutdownHook] INFO  org.springframework.orm.jpa.LocalContainerEntityManagerFactoryBean - Closing JPA EntityManagerFactory for persistence unit 'default'
2026-01-23 18:40:23.760 [SpringApplicationShutdownHook] INFO  com.zaxxer.hikari.HikariDataSource - HikariPool-3 - Shutdown initiated...
2026-01-23 18:40:23.764 [SpringApplicationShutdownHook] INFO  com.zaxxer.hikari.HikariDataSource - HikariPool-3 - Shutdown completed.
